date,time,inflow,outflow
07/24/05,00:00:00,0,0
07/24/05,00:30:00,0,1
07/24/05,01:00:00,0,0
07/24/05,01:30:00,0,0
07/24/05,02:00:00,0,0
07/24/05,02:30:00,0,2
07/24/05,03:00:00,0,0
07/24/05,03:30:00,0,0
07/24/05,04:00:00,0,0
07/24/05,04:30:00,0,0
07/24/05,05:00:00,0,0
07/24/05,05:30:00,0,0
07/24/05,06:00:00,0,0
07/24/05,06:30:00,0,0
07/24/05,07:00:00,0,0
07/24/05,07:30:00,3,2
07/24/05,08:00:00,0,0
07/24/05,08:30:00,0,0
07/24/05,09:00:00,1,0
07/24/05,09:30:00,1,1
07/24/05,10:00:00,0,0
07/24/05,10:30:00,0,0
07/24/05,11:00:00,0,1
07/24/05,11:30:00,0,0
07/24/05,12:00:00,0,0
07/24/05,12:30:00,0,0
07/24/05,13:00:00,0,0
07/24/05,13:30:00,0,0
07/24/05,14:00:00,0,0
07/24/05,14:30:00,0,0
07/24/05,15:00:00,0,0
07/24/05,15:30:00,2,0
07/24/05,16:00:00,0,0
07/24/05,16:30:00,1,0
07/24/05,17:00:00,1,1
07/24/05,17:30:00,1,2
07/24/05,18:00:00,4,4
07/24/05,18:30:00,0,1
07/24/05,19:00:00,0,2
07/24/05,19:30:00,2,1
07/24/05,20:00:00,0,0
07/24/05,20:30:00,0,0
07/24/05,21:00:00,0,3
07/24/05,21:30:00,0,2
07/24/05,22:00:00,0,0
07/24/05,22:30:00,0,0
07/24/05,23:00:00,0,2
07/24/05,23:30:00,0,0
07/25/05,00:00:00,0,1
07/25/05,00:30:00,0,0
07/25/05,01:00:00,0,0
07/25/05,01:30:00,0,0
07/25/05,02:00:00,0,0
07/25/05,02:30:00,0,0
07/25/05,03:00:00,0,0
07/25/05,03:30:00,0,0
07/25/05,04:00:00,0,0
07/25/05,04:30:00,0,0
07/25/05,05:00:00,0,2
07/25/05,05:30:00,2,2
07/25/05,06:00:00,2,1
07/25/05,06:30:00,1,1
07/25/05,07:00:00,2,0
07/25/05,07:30:00,0,0
07/25/05,08:00:00,0,0
07/25/05,08:30:00,7,2
07/25/05,09:00:00,6,1
07/25/05,09:30:00,13,5
07/25/05,10:00:00,16,4
07/25/05,10:30:00,5,9
07/25/05,11:00:00,3,1
07/25/05,11:30:00,5,7
07/25/05,12:00:00,9,11
07/25/05,12:30:00,2,4
07/25/05,13:00:00,12,7
07/25/05,13:30:00,18,3
07/25/05,14:00:00,10,14
07/25/05,14:30:00,7,7
07/25/05,15:00:00,17,10
07/25/05,15:30:00,10,6
07/25/05,16:00:00,8,13
07/25/05,16:30:00,5,8
07/25/05,17:00:00,0,9
07/25/05,17:30:00,3,3
07/25/05,18:00:00,1,6
07/25/05,18:30:00,0,5
07/25/05,19:00:00,4,2
07/25/05,19:30:00,3,5
07/25/05,20:00:00,0,1
07/25/05,20:30:00,0,3
07/25/05,21:00:00,3,0
07/25/05,21:30:00,2,0
07/25/05,22:00:00,0,1
07/25/05,22:30:00,0,2
07/25/05,23:00:00,0,3
07/25/05,23:30:00,0,3
07/26/05,00:00:00,0,0
07/26/05,00:30:00,0,4
07/26/05,01:00:00,0,0
07/26/05,01:30:00,0,2
07/26/05,02:00:00,0,0
07/26/05,02:30:00,0,0
07/26/05,03:00:00,0,0
07/26/05,03:30:00,0,0
07/26/05,04:00:00,0,0
07/26/05,04:30:00,0,0
07/26/05,05:00:00,0,0
07/26/05,05:30:00,2,3
07/26/05,06:00:00,3,0
07/26/05,06:30:00,2,1
07/26/05,07:00:00,5,0
07/26/05,07:30:00,0,0
07/26/05,08:00:00,2,2
07/26/05,08:30:00,5,6
07/26/05,09:00:00,6,2
07/26/05,09:30:00,6,2
07/26/05,10:00:00,7,4
07/26/05,10:30:00,22,18
07/26/05,11:00:00,9,8
07/26/05,11:30:00,26,9
07/26/05,12:00:00,13,8
07/26/05,12:30:00,3,6
07/26/05,13:00:00,12,25
07/26/05,13:30:00,12,12
07/26/05,14:00:00,11,13
07/26/05,14:30:00,11,12
07/26/05,15:00:00,18,11
07/26/05,15:30:00,7,4
07/26/05,16:00:00,5,8
07/26/05,16:30:00,7,4
07/26/05,17:00:00,6,17
07/26/05,17:30:00,5,10
07/26/05,18:00:00,3,8
07/26/05,18:30:00,3,6
07/26/05,19:00:00,2,7
07/26/05,19:30:00,2,1
07/26/05,20:00:00,0,2
07/26/05,20:30:00,0,0
07/26/05,21:00:00,1,2
07/26/05,21:30:00,0,0
07/26/05,22:00:00,0,2
07/26/05,22:30:00,1,0
07/26/05,23:00:00,0,1
07/26/05,23:30:00,0,0
07/27/05,00:00:00,0,1
07/27/05,00:30:00,0,2
07/27/05,01:00:00,0,0
07/27/05,01:30:00,0,0
07/27/05,02:00:00,0,0
07/27/05,02:30:00,0,0
07/27/05,03:00:00,0,0
07/27/05,03:30:00,0,1
07/27/05,04:00:00,0,0
07/27/05,04:30:00,0,0
07/27/05,05:00:00,0,0
07/27/05,05:30:00,0,0
07/27/05,06:00:00,1,1
07/27/05,06:30:00,0,0
07/27/05,07:00:00,2,0
07/27/05,07:30:00,0,0
07/27/05,08:00:00,2,0
07/27/05,08:30:00,1,0
07/27/05,09:00:00,4,2
07/27/05,09:30:00,4,1
07/27/05,10:00:00,12,6
07/27/05,10:30:00,23,7
07/27/05,11:00:00,18,11
07/27/05,11:30:00,61,14
07/27/05,12:00:00,18,14
07/27/05,12:30:00,7,6
07/27/05,13:00:00,12,33
07/27/05,13:30:00,14,24
07/27/05,14:00:00,8,4
07/27/05,14:30:00,11,6
07/27/05,15:00:00,8,17
07/27/05,15:30:00,13,15
07/27/05,16:00:00,7,9
07/27/05,16:30:00,5,7
07/27/05,17:00:00,5,16
07/27/05,17:30:00,3,13
07/27/05,18:00:00,4,7
07/27/05,18:30:00,0,2
07/27/05,19:00:00,0,1
07/27/05,19:30:00,1,1
07/27/05,20:00:00,1,3
07/27/05,20:30:00,0,2
07/27/05,21:00:00,0,0
07/27/05,21:30:00,0,1
07/27/05,22:00:00,2,0
07/27/05,22:30:00,0,0
07/27/05,23:00:00,0,1
07/27/05,23:30:00,0,2
07/28/05,00:00:00,0,0
07/28/05,00:30:00,0,0
07/28/05,01:00:00,0,2
07/28/05,01:30:00,0,0
07/28/05,02:00:00,0,0
07/28/05,02:30:00,0,0
07/28/05,03:00:00,0,0
07/28/05,03:30:00,0,0
07/28/05,04:00:00,0,0
07/28/05,04:30:00,0,2
07/28/05,05:00:00,0,0
07/28/05,05:30:00,0,0
07/28/05,06:00:00,0,0
07/28/05,06:30:00,0,0
07/28/05,07:00:00,3,1
07/28/05,07:30:00,0,0
07/28/05,08:00:00,3,3
07/28/05,08:30:00,13,2
07/28/05,09:00:00,9,0
07/28/05,09:30:00,11,11
07/28/05,10:00:00,16,3
07/28/05,10:30:00,17,7
07/28/05,11:00:00,7,7
07/28/05,11:30:00,23,14
07/28/05,12:00:00,23,28
07/28/05,12:30:00,9,21
07/28/05,13:00:00,11,10
07/28/05,13:30:00,31,19
07/28/05,14:00:00,25,11
07/28/05,14:30:00,11,12
07/28/05,15:00:00,10,9
07/28/05,15:30:00,16,14
07/28/05,16:00:00,8,9
07/28/05,16:30:00,6,10
07/28/05,17:00:00,1,8
07/28/05,17:30:00,6,14
07/28/05,18:00:00,5,15
07/28/05,18:30:00,0,4
07/28/05,19:00:00,0,2
07/28/05,19:30:00,1,0
07/28/05,20:00:00,1,2
07/28/05,20:30:00,2,0
07/28/05,21:00:00,1,0
07/28/05,21:30:00,1,0
07/28/05,22:00:00,0,1
07/28/05,22:30:00,0,0
07/28/05,23:00:00,1,3
07/28/05,23:30:00,0,0
07/29/05,00:00:00,0,4
07/29/05,00:30:00,1,1
07/29/05,01:00:00,0,0
07/29/05,01:30:00,0,1
07/29/05,02:00:00,0,0
07/29/05,02:30:00,0,0
07/29/05,03:00:00,0,2
07/29/05,03:30:00,0,0
07/29/05,04:00:00,0,0
07/29/05,04:30:00,0,0
07/29/05,05:00:00,0,0
07/29/05,05:30:00,0,0
07/29/05,06:00:00,3,3
07/29/05,06:30:00,0,0
07/29/05,07:00:00,0,0
07/29/05,07:30:00,2,0
07/29/05,08:00:00,8,0
07/29/05,08:30:00,6,3
07/29/05,09:00:00,25,1
07/29/05,09:30:00,25,15
07/29/05,10:00:00,12,26
07/29/05,10:30:00,12,13
07/29/05,11:00:00,2,9
07/29/05,11:30:00,17,6
07/29/05,12:00:00,9,23
07/29/05,12:30:00,12,12
07/29/05,13:00:00,15,11
07/29/05,13:30:00,21,3
07/29/05,14:00:00,19,7
07/29/05,14:30:00,8,4
07/29/05,15:00:00,8,9
07/29/05,15:30:00,7,5
07/29/05,16:00:00,4,8
07/29/05,16:30:00,6,20
07/29/05,17:00:00,4,6
07/29/05,17:30:00,3,3
07/29/05,18:00:00,0,6
07/29/05,18:30:00,3,4
07/29/05,19:00:00,0,1
07/29/05,19:30:00,0,0
07/29/05,20:00:00,0,0
07/29/05,20:30:00,0,1
07/29/05,21:00:00,0,2
07/29/05,21:30:00,1,1
07/29/05,22:00:00,0,1
07/29/05,22:30:00,0,5
07/29/05,23:00:00,0,1
07/29/05,23:30:00,0,3
07/30/05,00:00:00,0,0
07/30/05,00:30:00,0,2
07/30/05,01:00:00,0,0
07/30/05,01:30:00,0,2
07/30/05,02:00:00,0,0
07/30/05,02:30:00,0,1
07/30/05,03:00:00,0,0
07/30/05,03:30:00,0,0
07/30/05,04:00:00,0,0
07/30/05,04:30:00,0,0
07/30/05,05:00:00,0,0
07/30/05,05:30:00,0,0
07/30/05,06:00:00,0,0
07/30/05,06:30:00,3,0
07/30/05,07:00:00,0,0
07/30/05,07:30:00,0,0
07/30/05,08:00:00,0,0
07/30/05,08:30:00,0,0
07/30/05,09:00:00,0,0
07/30/05,09:30:00,0,0
07/30/05,10:00:00,0,0
07/30/05,10:30:00,0,0
07/30/05,11:00:00,0,0
07/30/05,11:30:00,0,0
07/30/05,12:00:00,0,0
07/30/05,12:30:00,0,0
07/30/05,13:00:00,0,0
07/30/05,13:30:00,0,1
07/30/05,14:00:00,2,1
07/30/05,14:30:00,0,0
07/30/05,15:00:00,0,0
07/30/05,15:30:00,1,2
07/30/05,16:00:00,0,1
07/30/05,16:30:00,0,0
07/30/05,17:00:00,2,2
07/30/05,17:30:00,1,1
07/30/05,18:00:00,0,0
07/30/05,18:30:00,0,0
07/30/05,19:00:00,0,0
07/30/05,19:30:00,0,1
07/30/05,20:00:00,0,0
07/30/05,20:30:00,0,0
07/30/05,21:00:00,0,0
07/30/05,21:30:00,0,0
07/30/05,22:00:00,0,0
07/30/05,22:30:00,0,1
07/30/05,23:00:00,0,0
07/30/05,23:30:00,0,0
07/31/05,00:00:00,0,0
07/31/05,00:30:00,0,0
07/31/05,01:00:00,0,0
07/31/05,01:30:00,0,0
07/31/05,02:00:00,0,1
07/31/05,02:30:00,0,0
07/31/05,03:00:00,0,0
07/31/05,03:30:00,0,0
07/31/05,04:00:00,0,0
07/31/05,04:30:00,0,0
07/31/05,05:00:00,0,0
07/31/05,05:30:00,0,0
07/31/05,06:00:00,0,0
07/31/05,06:30:00,0,0
07/31/05,07:00:00,0,0
07/31/05,07:30:00,0,0
07/31/05,08:00:00,0,0
07/31/05,08:30:00,0,0
07/31/05,09:00:00,0,0
07/31/05,09:30:00,0,0
07/31/05,10:00:00,0,0
07/31/05,10:30:00,0,0
07/31/05,11:00:00,0,0
07/31/05,11:30:00,0,0
07/31/05,12:00:00,0,1
07/31/05,12:30:00,1,2
07/31/05,13:00:00,1,1
07/31/05,13:30:00,1,0
07/31/05,14:00:00,1,0
07/31/05,14:30:00,0,0
07/31/05,15:00:00,0,0
07/31/05,15:30:00,2,3
07/31/05,16:00:00,0,0
07/31/05,16:30:00,1,2
07/31/05,17:00:00,0,1
07/31/05,17:30:00,0,0
07/31/05,18:00:00,0,0
07/31/05,18:30:00,0,0
07/31/05,19:00:00,0,3
07/31/05,19:30:00,2,4
07/31/05,20:00:00,0,1
07/31/05,20:30:00,0,0
07/31/05,21:00:00,0,1
07/31/05,21:30:00,0,1
07/31/05,22:00:00,0,1
07/31/05,22:30:00,0,0
07/31/05,23:00:00,0,2
07/31/05,23:30:00,0,0
08/01/05,00:00:00,0,1
08/01/05,00:30:00,0,0
08/01/05,01:00:00,0,0
08/01/05,01:30:00,0,0
08/01/05,02:00:00,0,0
08/01/05,02:30:00,0,0
08/01/05,03:00:00,0,0
08/01/05,03:30:00,0,0
08/01/05,04:00:00,0,0
08/01/05,04:30:00,0,0
08/01/05,05:00:00,0,0
08/01/05,05:30:00,0,0
08/01/05,06:00:00,0,0
08/01/05,06:30:00,1,0
08/01/05,07:00:00,4,1
08/01/05,07:30:00,5,2
08/01/05,08:00:00,11,6
08/01/05,08:30:00,2,0
08/01/05,09:00:00,5,2
08/01/05,09:30:00,4,6
08/01/05,10:00:00,10,5
08/01/05,10:30:00,10,8
08/01/05,11:00:00,8,7
08/01/05,11:30:00,10,8
08/01/05,12:00:00,11,18
08/01/05,12:30:00,10,9
08/01/05,13:00:00,15,3
08/01/05,13:30:00,15,5
08/01/05,14:00:00,14,11
08/01/05,14:30:00,6,12
08/01/05,15:00:00,10,10
08/01/05,15:30:00,12,13
08/01/05,16:00:00,8,9
08/01/05,16:30:00,3,7
08/01/05,17:00:00,5,6
08/01/05,17:30:00,2,7
08/01/05,18:00:00,3,6
08/01/05,18:30:00,0,3
08/01/05,19:00:00,2,4
08/01/05,19:30:00,0,0
08/01/05,20:00:00,1,2
08/01/05,20:30:00,1,2
08/01/05,21:00:00,5,7
08/01/05,21:30:00,0,0
08/01/05,22:00:00,0,2
08/01/05,22:30:00,0,0
08/01/05,23:00:00,0,1
08/01/05,23:30:00,1,3
08/02/05,00:00:00,0,2
08/02/05,00:30:00,0,0
08/02/05,01:00:00,0,1
08/02/05,01:30:00,0,0
08/02/05,02:00:00,0,1
08/02/05,02:30:00,0,0
08/02/05,03:00:00,0,0
08/02/05,03:30:00,0,0
08/02/05,04:00:00,0,0
08/02/05,04:30:00,0,0
08/02/05,05:00:00,0,1
08/02/05,05:30:00,3,3
08/02/05,06:00:00,2,2
08/02/05,06:30:00,1,2
08/02/05,07:00:00,1,0
08/02/05,07:30:00,1,0
08/02/05,08:00:00,1,1
08/02/05,08:30:00,3,3
08/02/05,09:00:00,9,3
08/02/05,09:30:00,7,2
08/02/05,10:00:00,8,8
08/02/05,10:30:00,7,7
08/02/05,11:00:00,9,11
08/02/05,11:30:00,13,11
08/02/05,12:00:00,5,12
08/02/05,12:30:00,9,8
08/02/05,13:00:00,13,9
08/02/05,13:30:00,14,16
08/02/05,14:00:00,15,9
08/02/05,14:30:00,8,6
08/02/05,15:00:00,20,9
08/02/05,15:30:00,23,10
08/02/05,16:00:00,14,7
08/02/05,16:30:00,4,15
08/02/05,17:00:00,6,9
08/02/05,17:30:00,12,10
08/02/05,18:00:00,4,11
08/02/05,18:30:00,0,5
08/02/05,19:00:00,2,8
08/02/05,19:30:00,1,1
08/02/05,20:00:00,2,2
08/02/05,20:30:00,3,3
08/02/05,21:00:00,1,1
08/02/05,21:30:00,2,1
08/02/05,22:00:00,0,0
08/02/05,22:30:00,0,1
08/02/05,23:00:00,0,0
08/02/05,23:30:00,0,0
08/03/05,00:00:00,0,0
08/03/05,00:30:00,0,0
08/03/05,01:00:00,0,1
08/03/05,01:30:00,0,0
08/03/05,02:00:00,0,0
08/03/05,02:30:00,0,0
08/03/05,03:00:00,0,0
08/03/05,03:30:00,0,0
08/03/05,04:00:00,0,0
08/03/05,04:30:00,0,0
08/03/05,05:00:00,1,0
08/03/05,05:30:00,0,0
08/03/05,06:00:00,0,0
08/03/05,06:30:00,3,2
08/03/05,07:00:00,1,1
08/03/05,07:30:00,4,1
08/03/05,08:00:00,0,0
08/03/05,08:30:00,4,1
08/03/05,09:00:00,4,2
08/03/05,09:30:00,8,4
08/03/05,10:00:00,19,4
08/03/05,10:30:00,6,6
08/03/05,11:00:00,13,13
08/03/05,11:30:00,18,3
08/03/05,12:00:00,17,15
08/03/05,12:30:00,4,8
08/03/05,13:00:00,13,6
08/03/05,13:30:00,21,26
08/03/05,14:00:00,15,9
08/03/05,14:30:00,12,5
08/03/05,15:00:00,6,10
08/03/05,15:30:00,13,9
08/03/05,16:00:00,8,13
08/03/05,16:30:00,10,8
08/03/05,17:00:00,7,8
08/03/05,17:30:00,2,6
08/03/05,18:00:00,3,7
08/03/05,18:30:00,0,3
08/03/05,19:00:00,1,0
08/03/05,19:30:00,3,12
08/03/05,20:00:00,0,1
08/03/05,20:30:00,1,0
08/03/05,21:00:00,3,0
08/03/05,21:30:00,1,4
08/03/05,22:00:00,1,0
08/03/05,22:30:00,1,2
08/03/05,23:00:00,0,0
08/03/05,23:30:00,0,3
08/04/05,00:00:00,0,0
08/04/05,00:30:00,0,0
08/04/05,01:00:00,0,0
08/04/05,01:30:00,1,2
08/04/05,02:00:00,0,0
08/04/05,02:30:00,0,0
08/04/05,03:00:00,0,0
08/04/05,03:30:00,0,0
08/04/05,04:00:00,0,0
08/04/05,04:30:00,0,0
08/04/05,05:00:00,0,0
08/04/05,05:30:00,0,0
08/04/05,06:00:00,0,0
08/04/05,06:30:00,0,0
08/04/05,07:00:00,2,0
08/04/05,07:30:00,0,0
08/04/05,08:00:00,2,1
08/04/05,08:30:00,1,1
08/04/05,09:00:00,8,0
08/04/05,09:30:00,11,1
08/04/05,10:00:00,8,12
08/04/05,10:30:00,15,9
08/04/05,11:00:00,4,5
08/04/05,11:30:00,6,10
08/04/05,12:00:00,2,14
08/04/05,12:30:00,4,5
08/04/05,13:00:00,17,7
08/04/05,13:30:00,17,9
08/04/05,14:00:00,14,3
08/04/05,14:30:00,10,12
08/04/05,15:00:00,21,19
08/04/05,15:30:00,12,17
08/04/05,16:00:00,36,18
08/04/05,16:30:00,44,28
08/04/05,17:00:00,6,6
08/04/05,17:30:00,5,21
08/04/05,18:00:00,20,40
08/04/05,18:30:00,8,13
08/04/05,19:00:00,0,0
08/04/05,19:30:00,1,1
08/04/05,20:00:00,1,2
08/04/05,20:30:00,0,0
08/04/05,21:00:00,0,0
08/04/05,21:30:00,0,3
08/04/05,22:00:00,0,1
08/04/05,22:30:00,2,2
08/04/05,23:00:00,3,3
08/04/05,23:30:00,0,2
08/05/05,00:00:00,0,0
08/05/05,00:30:00,0,0
08/05/05,01:00:00,0,0
08/05/05,01:30:00,0,1
08/05/05,02:00:00,0,0
08/05/05,02:30:00,0,1
08/05/05,03:00:00,0,0
08/05/05,03:30:00,0,0
08/05/05,04:00:00,0,2
08/05/05,04:30:00,0,0
08/05/05,05:00:00,1,0
08/05/05,05:30:00,0,0
08/05/05,06:00:00,1,1
08/05/05,06:30:00,1,0
08/05/05,07:00:00,0,0
08/05/05,07:30:00,0,0
08/05/05,08:00:00,7,2
08/05/05,08:30:00,7,1
08/05/05,09:00:00,22,7
08/05/05,09:30:00,23,16
08/05/05,10:00:00,6,16
08/05/05,10:30:00,16,15
08/05/05,11:00:00,8,4
08/05/05,11:30:00,12,5
08/05/05,12:00:00,7,17
08/05/05,12:30:00,8,12
08/05/05,13:00:00,18,7
08/05/05,13:30:00,19,4
08/05/05,14:00:00,10,10
08/05/05,14:30:00,9,5
08/05/05,15:00:00,7,2
08/05/05,15:30:00,8,14
08/05/05,16:00:00,7,13
08/05/05,16:30:00,4,6
08/05/05,17:00:00,4,11
08/05/05,17:30:00,6,9
08/05/05,18:00:00,2,6
08/05/05,18:30:00,0,1
08/05/05,19:00:00,0,0
08/05/05,19:30:00,2,1
08/05/05,20:00:00,0,2
08/05/05,20:30:00,0,0
08/05/05,21:00:00,2,3
08/05/05,21:30:00,0,1
08/05/05,22:00:00,2,1
08/05/05,22:30:00,1,2
08/05/05,23:00:00,0,0
08/05/05,23:30:00,0,1
08/06/05,00:00:00,0,0
08/06/05,00:30:00,0,0
08/06/05,01:00:00,0,0
08/06/05,01:30:00,0,0
08/06/05,02:00:00,0,0
08/06/05,02:30:00,0,0
08/06/05,03:00:00,0,0
08/06/05,03:30:00,0,0
08/06/05,04:00:00,0,0
08/06/05,04:30:00,0,0
08/06/05,05:00:00,0,0
08/06/05,05:30:00,0,0
08/06/05,06:00:00,0,0
08/06/05,06:30:00,0,0
08/06/05,07:00:00,0,0
08/06/05,07:30:00,0,0
08/06/05,08:00:00,0,0
08/06/05,08:30:00,0,0
08/06/05,09:00:00,0,0
08/06/05,09:30:00,0,0
08/06/05,10:00:00,0,1
08/06/05,10:30:00,0,0
08/06/05,11:00:00,1,1
08/06/05,11:30:00,0,0
08/06/05,12:00:00,0,0
08/06/05,12:30:00,0,0
08/06/05,13:00:00,1,3
08/06/05,13:30:00,0,0
08/06/05,14:00:00,0,0
08/06/05,14:30:00,0,0
08/06/05,15:00:00,0,0
08/06/05,15:30:00,1,2
08/06/05,16:00:00,0,0
08/06/05,16:30:00,0,2
08/06/05,17:00:00,0,0
08/06/05,17:30:00,0,0
08/06/05,18:00:00,0,1
08/06/05,18:30:00,0,0
08/06/05,19:00:00,0,0
08/06/05,19:30:00,0,0
08/06/05,20:00:00,2,8
08/06/05,20:30:00,0,0
08/06/05,21:00:00,0,0
08/06/05,21:30:00,0,0
08/06/05,22:00:00,0,0
08/06/05,22:30:00,0,1
08/06/05,23:00:00,0,0
08/06/05,23:30:00,0,0
08/07/05,00:00:00,0,0
08/07/05,00:30:00,0,0
08/07/05,01:00:00,0,0
08/07/05,01:30:00,0,0
08/07/05,02:00:00,0,2
08/07/05,02:30:00,0,0
08/07/05,03:00:00,0,0
08/07/05,03:30:00,0,0
08/07/05,04:00:00,0,0
08/07/05,04:30:00,0,0
08/07/05,05:00:00,0,0
08/07/05,05:30:00,0,0
08/07/05,06:00:00,0,0
08/07/05,06:30:00,0,0
08/07/05,07:00:00,0,0
08/07/05,07:30:00,0,0
08/07/05,08:00:00,0,0
08/07/05,08:30:00,0,0
08/07/05,09:00:00,0,0
08/07/05,09:30:00,0,0
08/07/05,10:00:00,0,0
08/07/05,10:30:00,0,0
08/07/05,11:00:00,0,0
08/07/05,11:30:00,0,0
08/07/05,12:00:00,0,1
08/07/05,12:30:00,2,1
08/07/05,13:00:00,0,0
08/07/05,13:30:00,0,0
08/07/05,14:00:00,0,2
08/07/05,14:30:00,0,0
08/07/05,15:00:00,0,0
08/07/05,15:30:00,0,0
08/07/05,16:00:00,0,0
08/07/05,16:30:00,0,1
08/07/05,17:00:00,0,0
08/07/05,17:30:00,0,0
08/07/05,18:00:00,0,0
08/07/05,18:30:00,0,1
08/07/05,19:00:00,2,3
08/07/05,19:30:00,1,0
08/07/05,20:00:00,0,0
08/07/05,20:30:00,0,0
08/07/05,21:00:00,0,0
08/07/05,21:30:00,0,0
08/07/05,22:00:00,0,0
08/07/05,22:30:00,0,0
08/07/05,23:00:00,0,3
08/07/05,23:30:00,0,0
08/08/05,00:00:00,0,1
08/08/05,00:30:00,0,0
08/08/05,01:00:00,0,0
08/08/05,01:30:00,0,0
08/08/05,02:00:00,0,0
08/08/05,02:30:00,0,0
08/08/05,03:00:00,0,0
08/08/05,03:30:00,0,0
08/08/05,04:00:00,0,0
08/08/05,04:30:00,0,0
08/08/05,05:00:00,0,0
08/08/05,05:30:00,0,2
08/08/05,06:00:00,0,1
08/08/05,06:30:00,0,0
08/08/05,07:00:00,0,1
08/08/05,07:30:00,2,0
08/08/05,08:00:00,3,1
08/08/05,08:30:00,2,1
08/08/05,09:00:00,6,3
08/08/05,09:30:00,14,2
08/08/05,10:00:00,8,6
08/08/05,10:30:00,11,1
08/08/05,11:00:00,12,6
08/08/05,11:30:00,6,8
08/08/05,12:00:00,14,16
08/08/05,12:30:00,6,12
08/08/05,13:00:00,25,6
08/08/05,13:30:00,25,13
08/08/05,14:00:00,18,16
08/08/05,14:30:00,10,3
08/08/05,15:00:00,10,7
08/08/05,15:30:00,7,9
08/08/05,16:00:00,3,8
08/08/05,16:30:00,11,11
08/08/05,17:00:00,9,11
08/08/05,17:30:00,5,14
08/08/05,18:00:00,5,13
08/08/05,18:30:00,6,11
08/08/05,19:00:00,1,2
08/08/05,19:30:00,1,2
08/08/05,20:00:00,0,0
08/08/05,20:30:00,2,0
08/08/05,21:00:00,0,0
08/08/05,21:30:00,1,1
08/08/05,22:00:00,0,2
08/08/05,22:30:00,0,1
08/08/05,23:00:00,0,2
08/08/05,23:30:00,0,0
08/09/05,00:00:00,0,0
08/09/05,00:30:00,0,0
08/09/05,01:00:00,0,0
08/09/05,01:30:00,0,0
08/09/05,02:00:00,0,0
08/09/05,02:30:00,0,0
08/09/05,03:00:00,0,0
08/09/05,03:30:00,0,1
08/09/05,04:00:00,0,0
08/09/05,04:30:00,0,0
08/09/05,05:00:00,0,0
08/09/05,05:30:00,1,0
08/09/05,06:00:00,1,1
08/09/05,06:30:00,0,0
08/09/05,07:00:00,1,0
08/09/05,07:30:00,0,0
08/09/05,08:00:00,2,0
08/09/05,08:30:00,3,0
08/09/05,09:00:00,5,3
08/09/05,09:30:00,15,6
08/09/05,10:00:00,25,1
08/09/05,10:30:00,9,3
08/09/05,11:00:00,4,13
08/09/05,11:30:00,25,9
08/09/05,12:00:00,22,13
08/09/05,12:30:00,8,11
08/09/05,13:00:00,22,19
08/09/05,13:30:00,18,16
08/09/05,14:00:00,12,13
08/09/05,14:30:00,7,4
08/09/05,15:00:00,12,15
08/09/05,15:30:00,10,13
08/09/05,16:00:00,4,11
08/09/05,16:30:00,21,13
08/09/05,17:00:00,13,12
08/09/05,17:30:00,18,9
08/09/05,18:00:00,6,15
08/09/05,18:30:00,6,10
08/09/05,19:00:00,0,0
08/09/05,19:30:00,0,0
08/09/05,20:00:00,0,0
08/09/05,20:30:00,0,0
08/09/05,21:00:00,0,0
08/09/05,21:30:00,0,0
08/09/05,22:00:00,0,0
08/09/05,22:30:00,0,0
08/09/05,23:00:00,0,0
08/09/05,23:30:00,0,0
08/10/05,00:00:00,0,0
08/10/05,00:30:00,0,0
08/10/05,01:00:00,0,0
08/10/05,01:30:00,0,0
08/10/05,02:00:00,0,0
08/10/05,02:30:00,0,0
08/10/05,03:00:00,0,0
08/10/05,03:30:00,0,0
08/10/05,04:00:00,0,0
08/10/05,04:30:00,0,0
08/10/05,05:00:00,0,0
08/10/05,05:30:00,1,2
08/10/05,06:00:00,1,2
08/10/05,06:30:00,0,0
08/10/05,07:00:00,3,0
08/10/05,07:30:00,15,3
08/10/05,08:00:00,5,0
08/10/05,08:30:00,2,2
08/10/05,09:00:00,4,2
08/10/05,09:30:00,9,5
08/10/05,10:00:00,8,5
08/10/05,10:30:00,15,8
08/10/05,11:00:00,17,8
08/10/05,11:30:00,14,11
08/10/05,12:00:00,15,20
08/10/05,12:30:00,16,12
08/10/05,13:00:00,11,11
08/10/05,13:30:00,15,8
08/10/05,14:00:00,20,11
08/10/05,14:30:00,8,7
08/10/05,15:00:00,6,13
08/10/05,15:30:00,10,15
08/10/05,16:00:00,6,9
08/10/05,16:30:00,7,5
08/10/05,17:00:00,6,25
08/10/05,17:30:00,1,10
08/10/05,18:00:00,2,4
08/10/05,18:30:00,2,6
08/10/05,19:00:00,3,1
08/10/05,19:30:00,3,2
08/10/05,20:00:00,0,1
08/10/05,20:30:00,0,1
08/10/05,21:00:00,0,1
08/10/05,21:30:00,2,2
08/10/05,22:00:00,0,3
08/10/05,22:30:00,0,1
08/10/05,23:00:00,2,1
08/10/05,23:30:00,0,1
08/11/05,00:00:00,0,0
08/11/05,00:30:00,0,0
08/11/05,01:00:00,0,0
08/11/05,01:30:00,0,0
08/11/05,02:00:00,0,0
08/11/05,02:30:00,0,0
08/11/05,03:00:00,0,0
08/11/05,03:30:00,0,0
08/11/05,04:00:00,1,1
08/11/05,04:30:00,0,0
08/11/05,05:00:00,2,2
08/11/05,05:30:00,0,0
08/11/05,06:00:00,0,0
08/11/05,06:30:00,0,0
08/11/05,07:00:00,0,0
08/11/05,07:30:00,3,2
08/11/05,08:00:00,0,0
08/11/05,08:30:00,1,0
08/11/05,09:00:00,8,0
08/11/05,09:30:00,9,4
08/11/05,10:00:00,5,5
08/11/05,10:30:00,11,5
08/11/05,11:00:00,15,15
08/11/05,11:30:00,6,10
08/11/05,12:00:00,14,15
08/11/05,12:30:00,6,13
08/11/05,13:00:00,11,1
08/11/05,13:30:00,18,6
08/11/05,14:00:00,10,7
08/11/05,14:30:00,12,4
08/11/05,15:00:00,16,16
08/11/05,15:30:00,13,3
08/11/05,16:00:00,1,10
08/11/05,16:30:00,9,3
08/11/05,17:00:00,4,8
08/11/05,17:30:00,3,8
08/11/05,18:00:00,6,8
08/11/05,18:30:00,4,2
08/11/05,19:00:00,0,2
08/11/05,19:30:00,5,5
08/11/05,20:00:00,3,6
08/11/05,20:30:00,5,2
08/11/05,21:00:00,1,3
08/11/05,21:30:00,1,2
08/11/05,22:00:00,0,2
08/11/05,22:30:00,0,2
08/11/05,23:00:00,1,1
08/11/05,23:30:00,0,0
08/12/05,00:00:00,2,2
08/12/05,00:30:00,0,4
08/12/05,01:00:00,0,0
08/12/05,01:30:00,0,0
08/12/05,02:00:00,0,0
08/12/05,02:30:00,0,0
08/12/05,03:00:00,0,0
08/12/05,03:30:00,0,0
08/12/05,04:00:00,0,0
08/12/05,04:30:00,1,1
08/12/05,05:00:00,1,0
08/12/05,05:30:00,1,3
08/12/05,06:00:00,1,0
08/12/05,06:30:00,0,0
08/12/05,07:00:00,0,0
08/12/05,07:30:00,0,0
08/12/05,08:00:00,10,2
08/12/05,08:30:00,7,6
08/12/05,09:00:00,19,3
08/12/05,09:30:00,24,6
08/12/05,10:00:00,21,19
08/12/05,10:30:00,12,14
08/12/05,11:00:00,3,8
08/12/05,11:30:00,14,7
08/12/05,12:00:00,10,21
08/12/05,12:30:00,7,9
08/12/05,13:00:00,16,12
08/12/05,13:30:00,12,8
08/12/05,14:00:00,22,9
08/12/05,14:30:00,11,12
08/12/05,15:00:00,9,7
08/12/05,15:30:00,8,4
08/12/05,16:00:00,6,5
08/12/05,16:30:00,8,12
08/12/05,17:00:00,3,10
08/12/05,17:30:00,3,7
08/12/05,18:00:00,2,6
08/12/05,18:30:00,1,2
08/12/05,19:00:00,0,0
08/12/05,19:30:00,0,1
08/12/05,20:00:00,0,1
08/12/05,20:30:00,0,1
08/12/05,21:00:00,0,0
08/12/05,21:30:00,0,0
08/12/05,22:00:00,0,0
08/12/05,22:30:00,0,0
08/12/05,23:00:00,0,0
08/12/05,23:30:00,1,1
08/13/05,00:00:00,0,0
08/13/05,00:30:00,0,1
08/13/05,01:00:00,0,0
08/13/05,01:30:00,0,0
08/13/05,02:00:00,0,0
08/13/05,02:30:00,0,0
08/13/05,03:00:00,0,0
08/13/05,03:30:00,0,0
08/13/05,04:00:00,0,0
08/13/05,04:30:00,0,0
08/13/05,05:00:00,0,0
08/13/05,05:30:00,0,0
08/13/05,06:00:00,0,0
08/13/05,06:30:00,0,0
08/13/05,07:00:00,0,0
08/13/05,07:30:00,0,0
08/13/05,08:00:00,0,0
08/13/05,08:30:00,1,0
08/13/05,09:00:00,0,0
08/13/05,09:30:00,0,1
08/13/05,10:00:00,2,1
08/13/05,10:30:00,0,0
08/13/05,11:00:00,1,2
08/13/05,11:30:00,4,5
08/13/05,12:00:00,3,3
08/13/05,12:30:00,7,2
08/13/05,13:00:00,0,2
08/13/05,13:30:00,2,0
08/13/05,14:00:00,0,3
08/13/05,14:30:00,0,0
08/13/05,15:00:00,3,0
08/13/05,15:30:00,0,3
08/13/05,16:00:00,1,1
08/13/05,16:30:00,0,2
08/13/05,17:00:00,0,0
08/13/05,17:30:00,0,0
08/13/05,18:00:00,0,0
08/13/05,18:30:00,0,0
08/13/05,19:00:00,0,0
08/13/05,19:30:00,0,0
08/13/05,20:00:00,0,0
08/13/05,20:30:00,1,2
08/13/05,21:00:00,0,0
08/13/05,21:30:00,0,1
08/13/05,22:00:00,0,0
08/13/05,22:30:00,0,0
08/13/05,23:00:00,0,1
08/13/05,23:30:00,0,0
08/14/05,00:00:00,0,0
08/14/05,00:30:00,0,0
08/14/05,01:00:00,0,0
08/14/05,01:30:00,0,0
08/14/05,02:00:00,0,0
08/14/05,02:30:00,0,1
08/14/05,03:00:00,0,0
08/14/05,03:30:00,0,0
08/14/05,04:00:00,0,0
08/14/05,04:30:00,0,0
08/14/05,05:00:00,0,0
08/14/05,05:30:00,0,0
08/14/05,06:00:00,0,0
08/14/05,06:30:00,0,0
08/14/05,07:00:00,0,0
08/14/05,07:30:00,0,0
08/14/05,08:00:00,0,0
08/14/05,08:30:00,0,0
08/14/05,09:00:00,0,0
08/14/05,09:30:00,0,0
08/14/05,10:00:00,0,0
08/14/05,10:30:00,0,0
08/14/05,11:00:00,0,0
08/14/05,11:30:00,0,0
08/14/05,12:00:00,2,0
08/14/05,12:30:00,0,0
08/14/05,13:00:00,0,0
08/14/05,13:30:00,0,0
08/14/05,14:00:00,0,0
08/14/05,14:30:00,0,1
08/14/05,15:00:00,0,0
08/14/05,15:30:00,0,0
08/14/05,16:00:00,0,0
08/14/05,16:30:00,0,0
08/14/05,17:00:00,0,2
08/14/05,17:30:00,0,3
08/14/05,18:00:00,0,2
08/14/05,18:30:00,2,0
08/14/05,19:00:00,0,1
08/14/05,19:30:00,0,0
08/14/05,20:00:00,1,0
08/14/05,20:30:00,1,2
08/14/05,21:00:00,0,0
08/14/05,21:30:00,0,0
08/14/05,22:00:00,0,0
08/14/05,22:30:00,3,3
08/14/05,23:00:00,0,0
08/14/05,23:30:00,0,0
08/15/05,00:00:00,1,1
08/15/05,00:30:00,0,0
08/15/05,01:00:00,0,0
08/15/05,01:30:00,0,0
08/15/05,02:00:00,0,1
08/15/05,02:30:00,1,0
08/15/05,03:00:00,0,0
08/15/05,03:30:00,0,0
08/15/05,04:00:00,0,0
08/15/05,04:30:00,0,0
08/15/05,05:00:00,0,2
08/15/05,05:30:00,1,0
08/15/05,06:00:00,1,3
08/15/05,06:30:00,0,0
08/15/05,07:00:00,1,0
08/15/05,07:30:00,1,0
08/15/05,08:00:00,0,0
08/15/05,08:30:00,5,1
08/15/05,09:00:00,8,0
08/15/05,09:30:00,5,2
08/15/05,10:00:00,8,4
08/15/05,10:30:00,11,7
08/15/05,11:00:00,10,6
08/15/05,11:30:00,3,9
08/15/05,12:00:00,8,11
08/15/05,12:30:00,7,3
08/15/05,13:00:00,17,17
08/15/05,13:30:00,19,11
08/15/05,14:00:00,19,5
08/15/05,14:30:00,14,14
08/15/05,15:00:00,6,12
08/15/05,15:30:00,14,3
08/15/05,16:00:00,4,14
08/15/05,16:30:00,0,6
08/15/05,17:00:00,8,8
08/15/05,17:30:00,1,13
08/15/05,18:00:00,7,5
08/15/05,18:30:00,1,8
08/15/05,19:00:00,2,5
08/15/05,19:30:00,2,0
08/15/05,20:00:00,3,2
08/15/05,20:30:00,0,1
08/15/05,21:00:00,1,1
08/15/05,21:30:00,0,2
08/15/05,22:00:00,1,1
08/15/05,22:30:00,0,1
08/15/05,23:00:00,2,2
08/15/05,23:30:00,0,3
08/16/05,00:00:00,0,0
08/16/05,00:30:00,0,0
08/16/05,01:00:00,0,0
08/16/05,01:30:00,0,2
08/16/05,02:00:00,0,0
08/16/05,02:30:00,0,0
08/16/05,03:00:00,0,0
08/16/05,03:30:00,0,1
08/16/05,04:00:00,0,0
08/16/05,04:30:00,0,0
08/16/05,05:00:00,1,0
08/16/05,05:30:00,1,0
08/16/05,06:00:00,3,3
08/16/05,06:30:00,0,0
08/16/05,07:00:00,0,0
08/16/05,07:30:00,1,0
08/16/05,08:00:00,3,3
08/16/05,08:30:00,6,4
08/16/05,09:00:00,8,4
08/16/05,09:30:00,16,8
08/16/05,10:00:00,11,6
08/16/05,10:30:00,31,8
08/16/05,11:00:00,25,6
08/16/05,11:30:00,10,9
08/16/05,12:00:00,14,17
08/16/05,12:30:00,14,12
08/16/05,13:00:00,12,12
08/16/05,13:30:00,14,24
08/16/05,14:00:00,16,13
08/16/05,14:30:00,12,11
08/16/05,15:00:00,12,17
08/16/05,15:30:00,11,6
08/16/05,16:00:00,6,6
08/16/05,16:30:00,9,8
08/16/05,17:00:00,2,9
08/16/05,17:30:00,0,10
08/16/05,18:00:00,1,9
08/16/05,18:30:00,1,5
08/16/05,19:00:00,1,3
08/16/05,19:30:00,0,1
08/16/05,20:00:00,2,3
08/16/05,20:30:00,0,1
08/16/05,21:00:00,0,0
08/16/05,21:30:00,0,1
08/16/05,22:00:00,0,0
08/16/05,22:30:00,0,1
08/16/05,23:00:00,0,0
08/16/05,23:30:00,0,0
08/17/05,00:00:00,0,0
08/17/05,00:30:00,0,1
08/17/05,01:00:00,0,0
08/17/05,01:30:00,0,0
08/17/05,02:00:00,0,0
08/17/05,02:30:00,0,0
08/17/05,03:00:00,0,0
08/17/05,03:30:00,0,1
08/17/05,04:00:00,0,0
08/17/05,04:30:00,0,1
08/17/05,05:00:00,0,0
08/17/05,05:30:00,0,0
08/17/05,06:00:00,3,4
08/17/05,06:30:00,0,0
08/17/05,07:00:00,0,0
08/17/05,07:30:00,0,0
08/17/05,08:00:00,4,4
08/17/05,08:30:00,2,0
08/17/05,09:00:00,9,1
08/17/05,09:30:00,14,2
08/17/05,10:00:00,11,3
08/17/05,10:30:00,9,5
08/17/05,11:00:00,12,4
08/17/05,11:30:00,9,9
08/17/05,12:00:00,10,15
08/17/05,12:30:00,12,6
08/17/05,13:00:00,13,15
08/17/05,13:30:00,19,10
08/17/05,14:00:00,11,4
08/17/05,14:30:00,7,9
08/17/05,15:00:00,4,13
08/17/05,15:30:00,10,3
08/17/05,16:00:00,18,12
08/17/05,16:30:00,8,10
08/17/05,17:00:00,6,22
08/17/05,17:30:00,1,7
08/17/05,18:00:00,1,6
08/17/05,18:30:00,2,11
08/17/05,19:00:00,1,5
08/17/05,19:30:00,7,5
08/17/05,20:00:00,2,3
08/17/05,20:30:00,0,2
08/17/05,21:00:00,2,0
08/17/05,21:30:00,0,2
08/17/05,22:00:00,0,0
08/17/05,22:30:00,2,0
08/17/05,23:00:00,0,0
08/17/05,23:30:00,0,0
08/18/05,00:00:00,0,1
08/18/05,00:30:00,0,0
08/18/05,01:00:00,0,0
08/18/05,01:30:00,0,0
08/18/05,02:00:00,0,0
08/18/05,02:30:00,0,0
08/18/05,03:00:00,0,0
08/18/05,03:30:00,0,0
08/18/05,04:00:00,0,0
08/18/05,04:30:00,0,0
08/18/05,05:00:00,3,2
08/18/05,05:30:00,0,1
08/18/05,06:00:00,0,0
08/18/05,06:30:00,0,0
08/18/05,07:00:00,0,0
08/18/05,07:30:00,0,0
08/18/05,08:00:00,1,0
08/18/05,08:30:00,0,0
08/18/05,09:00:00,6,0
08/18/05,09:30:00,17,3
08/18/05,10:00:00,17,8
08/18/05,10:30:00,7,4
08/18/05,11:00:00,11,9
08/18/05,11:30:00,16,17
08/18/05,12:00:00,34,38
08/18/05,12:30:00,34,23
08/18/05,13:00:00,39,21
08/18/05,13:30:00,40,14
08/18/05,14:00:00,20,25
08/18/05,14:30:00,21,14
08/18/05,15:00:00,16,8
08/18/05,15:30:00,22,39
08/18/05,16:00:00,13,23
08/18/05,16:30:00,12,36
08/18/05,17:00:00,26,38
08/18/05,17:30:00,12,5
08/18/05,18:00:00,26,12
08/18/05,18:30:00,3,8
08/18/05,19:00:00,3,12
08/18/05,19:30:00,10,16
08/18/05,20:00:00,3,11
08/18/05,20:30:00,0,12
08/18/05,21:00:00,4,21
08/18/05,21:30:00,0,10
08/18/05,22:00:00,0,0
08/18/05,22:30:00,2,0
08/18/05,23:00:00,0,3
08/18/05,23:30:00,0,1
08/19/05,00:00:00,6,6
08/19/05,00:30:00,5,3
08/19/05,01:00:00,0,2
08/19/05,01:30:00,0,0
08/19/05,02:00:00,0,0
08/19/05,02:30:00,0,0
08/19/05,03:00:00,0,0
08/19/05,03:30:00,0,0
08/19/05,04:00:00,0,0
08/19/05,04:30:00,0,0
08/19/05,05:00:00,0,0
08/19/05,05:30:00,0,0
08/19/05,06:00:00,1,3
08/19/05,06:30:00,3,3
08/19/05,07:00:00,0,0
08/19/05,07:30:00,0,0
08/19/05,08:00:00,3,0
08/19/05,08:30:00,11,6
08/19/05,09:00:00,18,4
08/19/05,09:30:00,25,20
08/19/05,10:00:00,36,18
08/19/05,10:30:00,13,13
08/19/05,11:00:00,9,4
08/19/05,11:30:00,8,23
08/19/05,12:00:00,12,13
08/19/05,12:30:00,2,5
08/19/05,13:00:00,6,8
08/19/05,13:30:00,19,8
08/19/05,14:00:00,14,7
08/19/05,14:30:00,9,6
08/19/05,15:00:00,13,11
08/19/05,15:30:00,9,9
08/19/05,16:00:00,7,8
08/19/05,16:30:00,8,10
08/19/05,17:00:00,6,9
08/19/05,17:30:00,3,16
08/19/05,18:00:00,3,6
08/19/05,18:30:00,0,4
08/19/05,19:00:00,1,3
08/19/05,19:30:00,0,1
08/19/05,20:00:00,1,0
08/19/05,20:30:00,0,2
08/19/05,21:00:00,1,2
08/19/05,21:30:00,2,0
08/19/05,22:00:00,0,0
08/19/05,22:30:00,0,1
08/19/05,23:00:00,1,0
08/19/05,23:30:00,0,0
08/20/05,00:00:00,0,0
08/20/05,00:30:00,0,0
08/20/05,01:00:00,0,0
08/20/05,01:30:00,0,0
08/20/05,02:00:00,0,0
08/20/05,02:30:00,0,0
08/20/05,03:00:00,0,0
08/20/05,03:30:00,0,0
08/20/05,04:00:00,0,0
08/20/05,04:30:00,0,0
08/20/05,05:00:00,0,0
08/20/05,05:30:00,0,0
08/20/05,06:00:00,0,0
08/20/05,06:30:00,0,0
08/20/05,07:00:00,0,0
08/20/05,07:30:00,0,0
08/20/05,08:00:00,0,0
08/20/05,08:30:00,1,1
08/20/05,09:00:00,1,1
08/20/05,09:30:00,0,0
08/20/05,10:00:00,0,1
08/20/05,10:30:00,3,3
08/20/05,11:00:00,3,1
08/20/05,11:30:00,0,0
08/20/05,12:00:00,1,0
08/20/05,12:30:00,0,0
08/20/05,13:00:00,0,1
08/20/05,13:30:00,0,0
08/20/05,14:00:00,0,0
08/20/05,14:30:00,0,2
08/20/05,15:00:00,0,1
08/20/05,15:30:00,0,1
08/20/05,16:00:00,0,1
08/20/05,16:30:00,1,0
08/20/05,17:00:00,0,0
08/20/05,17:30:00,0,1
08/20/05,18:00:00,0,1
08/20/05,18:30:00,0,0
08/20/05,19:00:00,0,0
08/20/05,19:30:00,0,0
08/20/05,20:00:00,0,0
08/20/05,20:30:00,0,0
08/20/05,21:00:00,0,0
08/20/05,21:30:00,0,0
08/20/05,22:00:00,0,0
08/20/05,22:30:00,0,0
08/20/05,23:00:00,0,0
08/20/05,23:30:00,0,1
08/21/05,00:00:00,1,0
08/21/05,00:30:00,0,0
08/21/05,01:00:00,0,0
08/21/05,01:30:00,0,0
08/21/05,02:00:00,0,0
08/21/05,02:30:00,0,1
08/21/05,03:00:00,0,0
08/21/05,03:30:00,0,0
08/21/05,04:00:00,0,0
08/21/05,04:30:00,0,0
08/21/05,05:00:00,0,0
08/21/05,05:30:00,0,0
08/21/05,06:00:00,0,0
08/21/05,06:30:00,0,0
08/21/05,07:00:00,0,0
08/21/05,07:30:00,0,0
08/21/05,08:00:00,0,0
08/21/05,08:30:00,0,0
08/21/05,09:00:00,0,0
08/21/05,09:30:00,0,0
08/21/05,10:00:00,1,0
08/21/05,10:30:00,0,1
08/21/05,11:00:00,0,0
08/21/05,11:30:00,0,0
08/21/05,12:00:00,0,1
08/21/05,12:30:00,2,1
08/21/05,13:00:00,2,1
08/21/05,13:30:00,0,1
08/21/05,14:00:00,0,1
08/21/05,14:30:00,1,1
08/21/05,15:00:00,2,0
08/21/05,15:30:00,3,2
08/21/05,16:00:00,2,2
08/21/05,16:30:00,0,3
08/21/05,17:00:00,0,1
08/21/05,17:30:00,0,2
08/21/05,18:00:00,4,3
08/21/05,18:30:00,0,1
08/21/05,19:00:00,0,0
08/21/05,19:30:00,1,0
08/21/05,20:00:00,0,2
08/21/05,20:30:00,0,1
08/21/05,21:00:00,2,4
08/21/05,21:30:00,1,0
08/21/05,22:00:00,0,0
08/21/05,22:30:00,0,3
08/21/05,23:00:00,0,0
08/21/05,23:30:00,1,0
08/22/05,00:00:00,0,0
08/22/05,00:30:00,0,0
08/22/05,01:00:00,0,1
08/22/05,01:30:00,0,1
08/22/05,02:00:00,0,1
08/22/05,02:30:00,0,0
08/22/05,03:00:00,0,0
08/22/05,03:30:00,0,0
08/22/05,04:00:00,0,0
08/22/05,04:30:00,0,0
08/22/05,05:00:00,0,0
08/22/05,05:30:00,4,5
08/22/05,06:00:00,0,0
08/22/05,06:30:00,0,0
08/22/05,07:00:00,1,1
08/22/05,07:30:00,0,0
08/22/05,08:00:00,0,0
08/22/05,08:30:00,0,0
08/22/05,09:00:00,8,0
08/22/05,09:30:00,11,1
08/22/05,10:00:00,8,3
08/22/05,10:30:00,10,7
08/22/05,11:00:00,9,4
08/22/05,11:30:00,10,3
08/22/05,12:00:00,6,18
08/22/05,12:30:00,6,15
08/22/05,13:00:00,12,7
08/22/05,13:30:00,12,4
08/22/05,14:00:00,12,14
08/22/05,14:30:00,20,7
08/22/05,15:00:00,14,10
08/22/05,15:30:00,6,4
08/22/05,16:00:00,16,11
08/22/05,16:30:00,5,17
08/22/05,17:00:00,9,23
08/22/05,17:30:00,1,11
08/22/05,18:00:00,0,4
08/22/05,18:30:00,1,1
08/22/05,19:00:00,0,1
08/22/05,19:30:00,0,3
08/22/05,20:00:00,3,1
08/22/05,20:30:00,0,2
08/22/05,21:00:00,0,0
08/22/05,21:30:00,0,0
08/22/05,22:00:00,0,0
08/22/05,22:30:00,0,0
08/22/05,23:00:00,0,0
08/22/05,23:30:00,0,0
08/23/05,00:00:00,0,0
08/23/05,00:30:00,0,0
08/23/05,01:00:00,0,0
08/23/05,01:30:00,0,0
08/23/05,02:00:00,0,0
08/23/05,02:30:00,0,0
08/23/05,03:00:00,0,0
08/23/05,03:30:00,0,0
08/23/05,04:00:00,0,0
08/23/05,04:30:00,0,0
08/23/05,05:00:00,0,0
08/23/05,05:30:00,2,1
08/23/05,06:00:00,0,0
08/23/05,06:30:00,1,1
08/23/05,07:00:00,1,1
08/23/05,07:30:00,0,0
08/23/05,08:00:00,0,0
08/23/05,08:30:00,3,0
08/23/05,09:00:00,9,2
08/23/05,09:30:00,9,3
08/23/05,10:00:00,12,2
08/23/05,10:30:00,20,9
08/23/05,11:00:00,15,9
08/23/05,11:30:00,34,12
08/23/05,12:00:00,14,13
08/23/05,12:30:00,12,9
08/23/05,13:00:00,18,25
08/23/05,13:30:00,21,17
08/23/05,14:00:00,7,15
08/23/05,14:30:00,13,4
08/23/05,15:00:00,18,14
08/23/05,15:30:00,11,9
08/23/05,16:00:00,4,9
08/23/05,16:30:00,5,8
08/23/05,17:00:00,8,11
08/23/05,17:30:00,3,18
08/23/05,18:00:00,2,8
08/23/05,18:30:00,3,4
08/23/05,19:00:00,1,2
08/23/05,19:30:00,1,3
08/23/05,20:00:00,0,4
08/23/05,20:30:00,1,1
08/23/05,21:00:00,2,4
08/23/05,21:30:00,1,1
08/23/05,22:00:00,0,1
08/23/05,22:30:00,0,1
08/23/05,23:00:00,2,2
08/23/05,23:30:00,0,0
08/24/05,00:00:00,0,0
08/24/05,00:30:00,0,0
08/24/05,01:00:00,0,0
08/24/05,01:30:00,0,0
08/24/05,02:00:00,0,0
08/24/05,02:30:00,0,0
08/24/05,03:00:00,0,1
08/24/05,03:30:00,0,0
08/24/05,04:00:00,0,0
08/24/05,04:30:00,0,0
08/24/05,05:00:00,0,0
08/24/05,05:30:00,2,2
08/24/05,06:00:00,0,0
08/24/05,06:30:00,0,0
08/24/05,07:00:00,0,0
08/24/05,07:30:00,2,0
08/24/05,08:00:00,0,1
08/24/05,08:30:00,3,0
08/24/05,09:00:00,6,0
08/24/05,09:30:00,8,2
08/24/05,10:00:00,10,9
08/24/05,10:30:00,13,0
08/24/05,11:00:00,3,7
08/24/05,11:30:00,29,10
08/24/05,12:00:00,17,14
08/24/05,12:30:00,11,12
08/24/05,13:00:00,12,9
08/24/05,13:30:00,16,17
08/24/05,14:00:00,21,16
08/24/05,14:30:00,8,11
08/24/05,15:00:00,10,12
08/24/05,15:30:00,5,13
08/24/05,16:00:00,10,10
08/24/05,16:30:00,3,12
08/24/05,17:00:00,8,10
08/24/05,17:30:00,6,4
08/24/05,18:00:00,0,5
08/24/05,18:30:00,0,4
08/24/05,19:00:00,2,3
08/24/05,19:30:00,0,0
08/24/05,20:00:00,0,2
08/24/05,20:30:00,2,5
08/24/05,21:00:00,1,0
08/24/05,21:30:00,0,0
08/24/05,22:00:00,0,0
08/24/05,22:30:00,1,3
08/24/05,23:00:00,0,0
08/24/05,23:30:00,0,0
08/25/05,00:00:00,0,0
08/25/05,00:30:00,0,0
08/25/05,01:00:00,0,0
08/25/05,01:30:00,0,0
08/25/05,02:00:00,0,0
08/25/05,02:30:00,0,0
08/25/05,03:00:00,0,0
08/25/05,03:30:00,0,0
08/25/05,04:00:00,0,0
08/25/05,04:30:00,0,0
08/25/05,05:00:00,3,1
08/25/05,05:30:00,0,0
08/25/05,06:00:00,0,0
08/25/05,06:30:00,0,0
08/25/05,07:00:00,0,0
08/25/05,07:30:00,0,0
08/25/05,08:00:00,3,0
08/25/05,08:30:00,3,1
08/25/05,09:00:00,10,0
08/25/05,09:30:00,12,2
08/25/05,10:00:00,12,5
08/25/05,10:30:00,12,3
08/25/05,11:00:00,8,5
08/25/05,11:30:00,12,19
08/25/05,12:00:00,42,24
08/25/05,12:30:00,8,16
08/25/05,13:00:00,15,7
08/25/05,13:30:00,17,19
08/25/05,14:00:00,17,4
08/25/05,14:30:00,7,19
08/25/05,15:00:00,7,6
08/25/05,15:30:00,9,5
08/25/05,16:00:00,9,15
08/25/05,16:30:00,5,8
08/25/05,17:00:00,2,8
08/25/05,17:30:00,2,9
08/25/05,18:00:00,4,3
08/25/05,18:30:00,1,6
08/25/05,19:00:00,3,5
08/25/05,19:30:00,1,4
08/25/05,20:00:00,0,0
08/25/05,20:30:00,0,1
08/25/05,21:00:00,0,0
08/25/05,21:30:00,0,1
08/25/05,22:00:00,0,0
08/25/05,22:30:00,0,0
08/25/05,23:00:00,1,0
08/25/05,23:30:00,0,0
08/26/05,00:00:00,0,0
08/26/05,00:30:00,0,0
08/26/05,01:00:00,0,1
08/26/05,01:30:00,0,0
08/26/05,02:00:00,0,0
08/26/05,02:30:00,0,0
08/26/05,03:00:00,0,0
08/26/05,03:30:00,0,0
08/26/05,04:00:00,0,0
08/26/05,04:30:00,0,1
08/26/05,05:00:00,0,0
08/26/05,05:30:00,0,0
08/26/05,06:00:00,2,2
08/26/05,06:30:00,5,5
08/26/05,07:00:00,11,10
08/26/05,07:30:00,11,11
08/26/05,08:00:00,11,9
08/26/05,08:30:00,10,5
08/26/05,09:00:00,20,2
08/26/05,09:30:00,23,10
08/26/05,10:00:00,13,18
08/26/05,10:30:00,5,7
08/26/05,11:00:00,6,8
08/26/05,11:30:00,10,7
08/26/05,12:00:00,14,14
08/26/05,12:30:00,12,22
08/26/05,13:00:00,20,12
08/26/05,13:30:00,20,11
08/26/05,14:00:00,23,4
08/26/05,14:30:00,3,9
08/26/05,15:00:00,10,11
08/26/05,15:30:00,5,6
08/26/05,16:00:00,3,6
08/26/05,16:30:00,5,7
08/26/05,17:00:00,2,12
08/26/05,17:30:00,5,12
08/26/05,18:00:00,2,7
08/26/05,18:30:00,7,7
08/26/05,19:00:00,3,2
08/26/05,19:30:00,10,2
08/26/05,20:00:00,1,9
08/26/05,20:30:00,0,0
08/26/05,21:00:00,0,4
08/26/05,21:30:00,0,1
08/26/05,22:00:00,0,0
08/26/05,22:30:00,0,0
08/26/05,23:00:00,0,0
08/26/05,23:30:00,0,1
08/27/05,00:00:00,0,0
08/27/05,00:30:00,0,0
08/27/05,01:00:00,0,0
08/27/05,01:30:00,0,0
08/27/05,02:00:00,0,0
08/27/05,02:30:00,0,0
08/27/05,03:00:00,0,0
08/27/05,03:30:00,0,0
08/27/05,04:00:00,0,1
08/27/05,04:30:00,0,0
08/27/05,05:00:00,0,0
08/27/05,05:30:00,0,0
08/27/05,06:00:00,0,0
08/27/05,06:30:00,0,0
08/27/05,07:00:00,0,0
08/27/05,07:30:00,0,0
08/27/05,08:00:00,0,0
08/27/05,08:30:00,0,0
08/27/05,09:00:00,0,0
08/27/05,09:30:00,0,0
08/27/05,10:00:00,1,0
08/27/05,10:30:00,0,0
08/27/05,11:00:00,0,0
08/27/05,11:30:00,1,0
08/27/05,12:00:00,2,1
08/27/05,12:30:00,2,2
08/27/05,13:00:00,0,3
08/27/05,13:30:00,0,0
08/27/05,14:00:00,2,0
08/27/05,14:30:00,0,2
08/27/05,15:00:00,1,0
08/27/05,15:30:00,0,0
08/27/05,16:00:00,1,0
08/27/05,16:30:00,1,0
08/27/05,17:00:00,1,0
08/27/05,17:30:00,0,0
08/27/05,18:00:00,0,0
08/27/05,18:30:00,1,0
08/27/05,19:00:00,0,2
08/27/05,19:30:00,0,0
08/27/05,20:00:00,2,1
08/27/05,20:30:00,0,2
08/27/05,21:00:00,0,0
08/27/05,21:30:00,0,0
08/27/05,22:00:00,0,0
08/27/05,22:30:00,0,0
08/27/05,23:00:00,0,0
08/27/05,23:30:00,0,0
08/28/05,00:00:00,0,0
08/28/05,00:30:00,2,0
08/28/05,01:00:00,0,0
08/28/05,01:30:00,2,2
08/28/05,02:00:00,0,0
08/28/05,02:30:00,0,0
08/28/05,03:00:00,0,0
08/28/05,03:30:00,0,0
08/28/05,04:00:00,0,0
08/28/05,04:30:00,0,0
08/28/05,05:00:00,0,0
08/28/05,05:30:00,0,0
08/28/05,06:00:00,0,0
08/28/05,06:30:00,0,0
08/28/05,07:00:00,0,0
08/28/05,07:30:00,0,1
08/28/05,08:00:00,0,0
08/28/05,08:30:00,0,0
08/28/05,09:00:00,0,0
08/28/05,09:30:00,0,0
08/28/05,10:00:00,0,0
08/28/05,10:30:00,0,0
08/28/05,11:00:00,0,0
08/28/05,11:30:00,0,0
08/28/05,12:00:00,2,0
08/28/05,12:30:00,0,0
08/28/05,13:00:00,0,0
08/28/05,13:30:00,0,0
08/28/05,14:00:00,0,0
08/28/05,14:30:00,0,0
08/28/05,15:00:00,0,2
08/28/05,15:30:00,0,1
08/28/05,16:00:00,4,0
08/28/05,16:30:00,2,2
08/28/05,17:00:00,1,0
08/28/05,17:30:00,0,2
08/28/05,18:00:00,3,7
08/28/05,18:30:00,0,0
08/28/05,19:00:00,4,1
08/28/05,19:30:00,2,1
08/28/05,20:00:00,0,0
08/28/05,20:30:00,0,1
08/28/05,21:00:00,0,0
08/28/05,21:30:00,0,3
08/28/05,22:00:00,0,0
08/28/05,22:30:00,0,1
08/28/05,23:00:00,0,0
08/28/05,23:30:00,0,0
08/29/05,00:00:00,0,3
08/29/05,00:30:00,0,0
08/29/05,01:00:00,0,0
08/29/05,01:30:00,0,0
08/29/05,02:00:00,0,0
08/29/05,02:30:00,0,0
08/29/05,03:00:00,0,0
08/29/05,03:30:00,0,0
08/29/05,04:00:00,0,0
08/29/05,04:30:00,0,0
08/29/05,05:00:00,0,0
08/29/05,05:30:00,0,0
08/29/05,06:00:00,0,0
08/29/05,06:30:00,1,3
08/29/05,07:00:00,2,1
08/29/05,07:30:00,1,0
08/29/05,08:00:00,2,0
08/29/05,08:30:00,1,0
08/29/05,09:00:00,7,1
08/29/05,09:30:00,5,2
08/29/05,10:00:00,18,6
08/29/05,10:30:00,9,4
08/29/05,11:00:00,7,3
08/29/05,11:30:00,5,11
08/29/05,12:00:00,7,7
08/29/05,12:30:00,11,15
08/29/05,13:00:00,8,10
08/29/05,13:30:00,24,10
08/29/05,14:00:00,12,7
08/29/05,14:30:00,12,6
08/29/05,15:00:00,8,6
08/29/05,15:30:00,9,8
08/29/05,16:00:00,2,10
08/29/05,16:30:00,6,6
08/29/05,17:00:00,4,8
08/29/05,17:30:00,3,14
08/29/05,18:00:00,0,4
08/29/05,18:30:00,0,3
08/29/05,19:00:00,1,0
08/29/05,19:30:00,0,2
08/29/05,20:00:00,2,4
08/29/05,20:30:00,4,2
08/29/05,21:00:00,2,1
08/29/05,21:30:00,0,1
08/29/05,22:00:00,1,0
08/29/05,22:30:00,1,3
08/29/05,23:00:00,0,0
08/29/05,23:30:00,0,2
08/30/05,00:00:00,0,0
08/30/05,00:30:00,0,0
08/30/05,01:00:00,0,0
08/30/05,01:30:00,0,0
08/30/05,02:00:00,0,0
08/30/05,02:30:00,0,0
08/30/05,03:00:00,0,0
08/30/05,03:30:00,0,0
08/30/05,04:00:00,0,0
08/30/05,04:30:00,0,0
08/30/05,05:00:00,1,1
08/30/05,05:30:00,1,0
08/30/05,06:00:00,0,2
08/30/05,06:30:00,3,1
08/30/05,07:00:00,0,0
08/30/05,07:30:00,5,1
08/30/05,08:00:00,3,0
08/30/05,08:30:00,7,3
08/30/05,09:00:00,10,2
08/30/05,09:30:00,10,3
08/30/05,10:00:00,17,2
08/30/05,10:30:00,16,7
08/30/05,11:00:00,14,14
08/30/05,11:30:00,13,13
08/30/05,12:00:00,16,12
08/30/05,12:30:00,11,8
08/30/05,13:00:00,9,18
08/30/05,13:30:00,21,11
08/30/05,14:00:00,22,12
08/30/05,14:30:00,28,20
08/30/05,15:00:00,16,16
08/30/05,15:30:00,50,18
08/30/05,16:00:00,5,14
08/30/05,16:30:00,10,28
08/30/05,17:00:00,23,47
08/30/05,17:30:00,4,13
08/30/05,18:00:00,2,9
08/30/05,18:30:00,1,7
08/30/05,19:00:00,0,2
08/30/05,19:30:00,0,4
08/30/05,20:00:00,0,0
08/30/05,20:30:00,0,1
08/30/05,21:00:00,2,1
08/30/05,21:30:00,0,0
08/30/05,22:00:00,0,0
08/30/05,22:30:00,0,1
08/30/05,23:00:00,0,1
08/30/05,23:30:00,0,1
08/31/05,00:00:00,0,0
08/31/05,00:30:00,0,0
08/31/05,01:00:00,0,0
08/31/05,01:30:00,0,0
08/31/05,02:00:00,0,0
08/31/05,02:30:00,0,0
08/31/05,03:00:00,0,0
08/31/05,03:30:00,0,0
08/31/05,04:00:00,0,0
08/31/05,04:30:00,0,0
08/31/05,05:00:00,0,0
08/31/05,05:30:00,0,2
08/31/05,06:00:00,0,0
08/31/05,06:30:00,0,0
08/31/05,07:00:00,0,0
08/31/05,07:30:00,0,0
08/31/05,08:00:00,0,1
08/31/05,08:30:00,3,1
08/31/05,09:00:00,18,2
08/31/05,09:30:00,17,7
08/31/05,10:00:00,10,5
08/31/05,10:30:00,7,5
08/31/05,11:00:00,13,9
08/31/05,11:30:00,2,10
08/31/05,12:00:00,7,9
08/31/05,12:30:00,5,17
08/31/05,13:00:00,6,5
08/31/05,13:30:00,21,11
08/31/05,14:00:00,17,6
08/31/05,14:30:00,10,6
08/31/05,15:00:00,17,9
08/31/05,15:30:00,21,15
08/31/05,16:00:00,10,13
08/31/05,16:30:00,6,12
08/31/05,17:00:00,12,6
08/31/05,17:30:00,3,19
08/31/05,18:00:00,2,11
08/31/05,18:30:00,2,1
08/31/05,19:00:00,1,4
08/31/05,19:30:00,2,5
08/31/05,20:00:00,1,3
08/31/05,20:30:00,0,1
08/31/05,21:00:00,1,3
08/31/05,21:30:00,0,0
08/31/05,22:00:00,0,2
08/31/05,22:30:00,2,1
08/31/05,23:00:00,0,0
08/31/05,23:30:00,0,2
09/01/05,00:00:00,0,0
09/01/05,00:30:00,0,3
09/01/05,01:00:00,0,0
09/01/05,01:30:00,0,0
09/01/05,02:00:00,0,0
09/01/05,02:30:00,0,0
09/01/05,03:00:00,0,0
09/01/05,03:30:00,0,0
09/01/05,04:00:00,0,0
09/01/05,04:30:00,0,0
09/01/05,05:00:00,0,1
09/01/05,05:30:00,2,0
09/01/05,06:00:00,0,0
09/01/05,06:30:00,1,0
09/01/05,07:00:00,0,0
09/01/05,07:30:00,1,0
09/01/05,08:00:00,1,0
09/01/05,08:30:00,1,0
09/01/05,09:00:00,11,1
09/01/05,09:30:00,9,3
09/01/05,10:00:00,10,6
09/01/05,10:30:00,10,5
09/01/05,11:00:00,6,3
09/01/05,11:30:00,7,4
09/01/05,12:00:00,8,10
09/01/05,12:30:00,6,8
09/01/05,13:00:00,21,14
09/01/05,13:30:00,22,13
09/01/05,14:00:00,36,14
09/01/05,14:30:00,32,29
09/01/05,15:00:00,37,17
09/01/05,15:30:00,18,21
09/01/05,16:00:00,22,26
09/01/05,16:30:00,9,16
09/01/05,17:00:00,10,33
09/01/05,17:30:00,8,15
09/01/05,18:00:00,8,26
09/01/05,18:30:00,3,11
09/01/05,19:00:00,5,6
09/01/05,19:30:00,0,4
09/01/05,20:00:00,3,0
09/01/05,20:30:00,0,2
09/01/05,21:00:00,2,3
09/01/05,21:30:00,1,1
09/01/05,22:00:00,0,0
09/01/05,22:30:00,0,0
09/01/05,23:00:00,0,0
09/01/05,23:30:00,0,0
09/02/05,00:00:00,0,0
09/02/05,00:30:00,0,0
09/02/05,01:00:00,0,0
09/02/05,01:30:00,0,0
09/02/05,02:00:00,0,0
09/02/05,02:30:00,0,0
09/02/05,03:00:00,0,0
09/02/05,03:30:00,0,0
09/02/05,04:00:00,0,0
09/02/05,04:30:00,0,0
09/02/05,05:00:00,0,0
09/02/05,05:30:00,0,0
09/02/05,06:00:00,1,1
09/02/05,06:30:00,0,0
09/02/05,07:00:00,0,0
09/02/05,07:30:00,3,1
09/02/05,08:00:00,0,1
09/02/05,08:30:00,3,2
09/02/05,09:00:00,8,5
09/02/05,09:30:00,12,5
09/02/05,10:00:00,11,6
09/02/05,10:30:00,22,11
09/02/05,11:00:00,5,5
09/02/05,11:30:00,19,8
09/02/05,12:00:00,17,22
09/02/05,12:30:00,9,13
09/02/05,13:00:00,16,5
09/02/05,13:30:00,16,12
09/02/05,14:00:00,26,12
09/02/05,14:30:00,11,20
09/02/05,15:00:00,7,6
09/02/05,15:30:00,5,8
09/02/05,16:00:00,8,11
09/02/05,16:30:00,12,9
09/02/05,17:00:00,4,8
09/02/05,17:30:00,3,9
09/02/05,18:00:00,2,6
09/02/05,18:30:00,2,2
09/02/05,19:00:00,2,6
09/02/05,19:30:00,2,3
09/02/05,20:00:00,0,2
09/02/05,20:30:00,1,3
09/02/05,21:00:00,0,0
09/02/05,21:30:00,0,0
09/02/05,22:00:00,0,2
09/02/05,22:30:00,1,1
09/02/05,23:00:00,0,0
09/02/05,23:30:00,0,0
09/03/05,00:00:00,0,2
09/03/05,00:30:00,0,1
09/03/05,01:00:00,0,0
09/03/05,01:30:00,0,0
09/03/05,02:00:00,0,0
09/03/05,02:30:00,0,0
09/03/05,03:00:00,0,0
09/03/05,03:30:00,0,0
09/03/05,04:00:00,0,0
09/03/05,04:30:00,0,0
09/03/05,05:00:00,0,0
09/03/05,05:30:00,0,0
09/03/05,06:00:00,0,0
09/03/05,06:30:00,0,0
09/03/05,07:00:00,0,0
09/03/05,07:30:00,0,0
09/03/05,08:00:00,0,0
09/03/05,08:30:00,1,1
09/03/05,09:00:00,0,0
09/03/05,09:30:00,0,0
09/03/05,10:00:00,1,1
09/03/05,10:30:00,1,0
09/03/05,11:00:00,0,0
09/03/05,11:30:00,0,0
09/03/05,12:00:00,0,1
09/03/05,12:30:00,0,0
09/03/05,13:00:00,0,3
09/03/05,13:30:00,2,0
09/03/05,14:00:00,4,0
09/03/05,14:30:00,0,2
09/03/05,15:00:00,0,1
09/03/05,15:30:00,2,1
09/03/05,16:00:00,0,0
09/03/05,16:30:00,3,0
09/03/05,17:00:00,0,2
09/03/05,17:30:00,0,0
09/03/05,18:00:00,0,1
09/03/05,18:30:00,1,1
09/03/05,19:00:00,0,0
09/03/05,19:30:00,0,0
09/03/05,20:00:00,0,0
09/03/05,20:30:00,0,0
09/03/05,21:00:00,0,0
09/03/05,21:30:00,0,0
09/03/05,22:00:00,0,0
09/03/05,22:30:00,1,1
09/03/05,23:00:00,0,0
09/03/05,23:30:00,0,0
09/04/05,00:00:00,0,1
09/04/05,00:30:00,0,0
09/04/05,01:00:00,0,0
09/04/05,01:30:00,0,0
09/04/05,02:00:00,0,0
09/04/05,02:30:00,0,0
09/04/05,03:00:00,0,0
09/04/05,03:30:00,0,0
09/04/05,04:00:00,0,0
09/04/05,04:30:00,0,0
09/04/05,05:00:00,0,0
09/04/05,05:30:00,0,0
09/04/05,06:00:00,0,0
09/04/05,06:30:00,0,0
09/04/05,07:00:00,0,0
09/04/05,07:30:00,0,0
09/04/05,08:00:00,0,0
09/04/05,08:30:00,0,0
09/04/05,09:00:00,0,0
09/04/05,09:30:00,1,0
09/04/05,10:00:00,0,0
09/04/05,10:30:00,0,0
09/04/05,11:00:00,0,0
09/04/05,11:30:00,0,0
09/04/05,12:00:00,0,0
09/04/05,12:30:00,0,0
09/04/05,13:00:00,0,0
09/04/05,13:30:00,1,1
09/04/05,14:00:00,1,2
09/04/05,14:30:00,0,0
09/04/05,15:00:00,0,0
09/04/05,15:30:00,0,0
09/04/05,16:00:00,0,0
09/04/05,16:30:00,0,1
09/04/05,17:00:00,0,0
09/04/05,17:30:00,0,2
09/04/05,18:00:00,1,0
09/04/05,18:30:00,0,0
09/04/05,19:00:00,0,2
09/04/05,19:30:00,0,1
09/04/05,20:00:00,0,0
09/04/05,20:30:00,0,1
09/04/05,21:00:00,0,2
09/04/05,21:30:00,0,2
09/04/05,22:00:00,0,0
09/04/05,22:30:00,0,1
09/04/05,23:00:00,0,0
09/04/05,23:30:00,0,0
09/05/05,00:00:00,0,0
09/05/05,00:30:00,0,0
09/05/05,01:00:00,0,0
09/05/05,01:30:00,0,0
09/05/05,02:00:00,0,1
09/05/05,02:30:00,1,0
09/05/05,03:00:00,0,1
09/05/05,03:30:00,2,1
09/05/05,04:00:00,0,0
09/05/05,04:30:00,0,0
09/05/05,05:00:00,0,2
09/05/05,05:30:00,0,0
09/05/05,06:00:00,0,0
09/05/05,06:30:00,0,0
09/05/05,07:00:00,0,0
09/05/05,07:30:00,1,0
09/05/05,08:00:00,0,0
09/05/05,08:30:00,0,0
09/05/05,09:00:00,0,0
09/05/05,09:30:00,0,0
09/05/05,10:00:00,0,1
09/05/05,10:30:00,0,0
09/05/05,11:00:00,1,0
09/05/05,11:30:00,0,0
09/05/05,12:00:00,1,1
09/05/05,12:30:00,0,0
09/05/05,13:00:00,1,0
09/05/05,13:30:00,0,0
09/05/05,14:00:00,0,1
09/05/05,14:30:00,0,1
09/05/05,15:00:00,1,0
09/05/05,15:30:00,0,0
09/05/05,16:00:00,0,1
09/05/05,16:30:00,3,0
09/05/05,17:00:00,0,5
09/05/05,17:30:00,0,2
09/05/05,18:00:00,2,4
09/05/05,18:30:00,0,1
09/05/05,19:00:00,0,0
09/05/05,19:30:00,0,0
09/05/05,20:00:00,0,0
09/05/05,20:30:00,0,0
09/05/05,21:00:00,0,0
09/05/05,21:30:00,1,0
09/05/05,22:00:00,0,0
09/05/05,22:30:00,0,2
09/05/05,23:00:00,0,0
09/05/05,23:30:00,0,1
09/06/05,00:00:00,0,1
09/06/05,00:30:00,0,0
09/06/05,01:00:00,0,0
09/06/05,01:30:00,0,0
09/06/05,02:00:00,0,0
09/06/05,02:30:00,0,0
09/06/05,03:00:00,0,0
09/06/05,03:30:00,0,0
09/06/05,04:00:00,0,0
09/06/05,04:30:00,0,0
09/06/05,05:00:00,2,1
09/06/05,05:30:00,0,1
09/06/05,06:00:00,5,2
09/06/05,06:30:00,0,0
09/06/05,07:00:00,1,0
09/06/05,07:30:00,0,0
09/06/05,08:00:00,4,1
09/06/05,08:30:00,4,3
09/06/05,09:00:00,8,1
09/06/05,09:30:00,7,4
09/06/05,10:00:00,12,9
09/06/05,10:30:00,11,2
09/06/05,11:00:00,9,5
09/06/05,11:30:00,8,8
09/06/05,12:00:00,14,16
09/06/05,12:30:00,13,9
09/06/05,13:00:00,18,14
09/06/05,13:30:00,17,18
09/06/05,14:00:00,10,9
09/06/05,14:30:00,18,14
09/06/05,15:00:00,11,8
09/06/05,15:30:00,21,9
09/06/05,16:00:00,10,12
09/06/05,16:30:00,4,13
09/06/05,17:00:00,7,20
09/06/05,17:30:00,5,13
09/06/05,18:00:00,2,10
09/06/05,18:30:00,4,8
09/06/05,19:00:00,0,6
09/06/05,19:30:00,0,1
09/06/05,20:00:00,1,2
09/06/05,20:30:00,1,0
09/06/05,21:00:00,0,0
09/06/05,21:30:00,1,0
09/06/05,22:00:00,0,1
09/06/05,22:30:00,0,1
09/06/05,23:00:00,0,2
09/06/05,23:30:00,0,2
09/07/05,00:00:00,0,0
09/07/05,00:30:00,0,0
09/07/05,01:00:00,0,0
09/07/05,01:30:00,0,0
09/07/05,02:00:00,0,0
09/07/05,02:30:00,0,0
09/07/05,03:00:00,0,0
09/07/05,03:30:00,0,0
09/07/05,04:00:00,0,0
09/07/05,04:30:00,0,0
09/07/05,05:00:00,0,0
09/07/05,05:30:00,0,0
09/07/05,06:00:00,3,2
09/07/05,06:30:00,0,0
09/07/05,07:00:00,0,0
09/07/05,07:30:00,1,0
09/07/05,08:00:00,1,0
09/07/05,08:30:00,3,1
09/07/05,09:00:00,7,0
09/07/05,09:30:00,6,4
09/07/05,10:00:00,11,5
09/07/05,10:30:00,9,3
09/07/05,11:00:00,16,6
09/07/05,11:30:00,11,7
09/07/05,12:00:00,6,16
09/07/05,12:30:00,10,12
09/07/05,13:00:00,21,8
09/07/05,13:30:00,18,8
09/07/05,14:00:00,16,5
09/07/05,14:30:00,6,6
09/07/05,15:00:00,19,17
09/07/05,15:30:00,9,13
09/07/05,16:00:00,6,12
09/07/05,16:30:00,13,6
09/07/05,17:00:00,3,12
09/07/05,17:30:00,4,12
09/07/05,18:00:00,1,10
09/07/05,18:30:00,0,6
09/07/05,19:00:00,2,2
09/07/05,19:30:00,3,0
09/07/05,20:00:00,0,4
09/07/05,20:30:00,0,0
09/07/05,21:00:00,0,2
09/07/05,21:30:00,0,0
09/07/05,22:00:00,1,5
09/07/05,22:30:00,1,2
09/07/05,23:00:00,0,0
09/07/05,23:30:00,0,1
09/08/05,00:00:00,1,0
09/08/05,00:30:00,0,0
09/08/05,01:00:00,0,0
09/08/05,01:30:00,0,0
09/08/05,02:00:00,0,0
09/08/05,02:30:00,0,0
09/08/05,03:00:00,0,0
09/08/05,03:30:00,0,0
09/08/05,04:00:00,0,0
09/08/05,04:30:00,0,0
09/08/05,05:00:00,2,1
09/08/05,05:30:00,0,0
09/08/05,06:00:00,0,0
09/08/05,06:30:00,0,0
09/08/05,07:00:00,1,0
09/08/05,07:30:00,1,0
09/08/05,08:00:00,3,1
09/08/05,08:30:00,2,2
09/08/05,09:00:00,11,1
09/08/05,09:30:00,15,4
09/08/05,10:00:00,13,9
09/08/05,10:30:00,18,9
09/08/05,11:00:00,7,13
09/08/05,11:30:00,14,11
09/08/05,12:00:00,9,29
09/08/05,12:30:00,6,14
09/08/05,13:00:00,20,4
09/08/05,13:30:00,16,26
09/08/05,14:00:00,22,11
09/08/05,14:30:00,11,11
09/08/05,15:00:00,8,5
09/08/05,15:30:00,21,9
09/08/05,16:00:00,13,9
09/08/05,16:30:00,4,6
09/08/05,17:00:00,7,13
09/08/05,17:30:00,3,15
09/08/05,18:00:00,2,8
09/08/05,18:30:00,0,1
09/08/05,19:00:00,2,5
09/08/05,19:30:00,0,4
09/08/05,20:00:00,1,1
09/08/05,20:30:00,0,0
09/08/05,21:00:00,2,1
09/08/05,21:30:00,1,2
09/08/05,22:00:00,0,1
09/08/05,22:30:00,1,0
09/08/05,23:00:00,0,3
09/08/05,23:30:00,0,2
09/09/05,00:00:00,0,0
09/09/05,00:30:00,0,1
09/09/05,01:00:00,0,0
09/09/05,01:30:00,0,0
09/09/05,02:00:00,0,0
09/09/05,02:30:00,1,0
09/09/05,03:00:00,0,0
09/09/05,03:30:00,0,0
09/09/05,04:00:00,0,0
09/09/05,04:30:00,0,0
09/09/05,05:00:00,0,0
09/09/05,05:30:00,2,2
09/09/05,06:00:00,0,2
09/09/05,06:30:00,0,0
09/09/05,07:00:00,3,0
09/09/05,07:30:00,2,4
09/09/05,08:00:00,2,0
09/09/05,08:30:00,3,1
09/09/05,09:00:00,9,2
09/09/05,09:30:00,20,10
09/09/05,10:00:00,10,10
09/09/05,10:30:00,14,3
09/09/05,11:00:00,12,3
09/09/05,11:30:00,10,4
09/09/05,12:00:00,10,22
09/09/05,12:30:00,6,18
09/09/05,13:00:00,9,9
09/09/05,13:30:00,18,15
09/09/05,14:00:00,16,5
09/09/05,14:30:00,18,13
09/09/05,15:00:00,11,7
09/09/05,15:30:00,8,17
09/09/05,16:00:00,9,7
09/09/05,16:30:00,5,6
09/09/05,17:00:00,3,14
09/09/05,17:30:00,12,16
09/09/05,18:00:00,1,10
09/09/05,18:30:00,2,2
09/09/05,19:00:00,0,3
09/09/05,19:30:00,0,1
09/09/05,20:00:00,0,0
09/09/05,20:30:00,0,1
09/09/05,21:00:00,0,1
09/09/05,21:30:00,0,0
09/09/05,22:00:00,1,3
09/09/05,22:30:00,0,1
09/09/05,23:00:00,0,0
09/09/05,23:30:00,0,0
09/10/05,00:00:00,0,0
09/10/05,00:30:00,0,0
09/10/05,01:00:00,0,0
09/10/05,01:30:00,0,0
09/10/05,02:00:00,0,0
09/10/05,02:30:00,0,0
09/10/05,03:00:00,0,0
09/10/05,03:30:00,0,0
09/10/05,04:00:00,0,0
09/10/05,04:30:00,0,0
09/10/05,05:00:00,0,0
09/10/05,05:30:00,0,0
09/10/05,06:00:00,0,0
09/10/05,06:30:00,0,0
09/10/05,07:00:00,0,0
09/10/05,07:30:00,0,0
09/10/05,08:00:00,0,0
09/10/05,08:30:00,0,0
09/10/05,09:00:00,0,0
09/10/05,09:30:00,0,0
09/10/05,10:00:00,0,0
09/10/05,10:30:00,0,0
09/10/05,11:00:00,0,0
09/10/05,11:30:00,2,1
09/10/05,12:00:00,0,0
09/10/05,12:30:00,0,0
09/10/05,13:00:00,2,1
09/10/05,13:30:00,0,1
09/10/05,14:00:00,0,0
09/10/05,14:30:00,0,1
09/10/05,15:00:00,1,0
09/10/05,15:30:00,0,0
09/10/05,16:00:00,0,0
09/10/05,16:30:00,0,2
09/10/05,17:00:00,1,1
09/10/05,17:30:00,0,0
09/10/05,18:00:00,0,1
09/10/05,18:30:00,0,0
09/10/05,19:00:00,0,1
09/10/05,19:30:00,0,0
09/10/05,20:00:00,0,0
09/10/05,20:30:00,0,0
09/10/05,21:00:00,0,1
09/10/05,21:30:00,1,1
09/10/05,22:00:00,0,0
09/10/05,22:30:00,0,0
09/10/05,23:00:00,0,0
09/10/05,23:30:00,0,1
09/11/05,00:00:00,0,1
09/11/05,00:30:00,0,0
09/11/05,01:00:00,0,0
09/11/05,01:30:00,0,0
09/11/05,02:00:00,0,0
09/11/05,02:30:00,0,0
09/11/05,03:00:00,0,0
09/11/05,03:30:00,0,0
09/11/05,04:00:00,0,0
09/11/05,04:30:00,0,0
09/11/05,05:00:00,0,0
09/11/05,05:30:00,0,0
09/11/05,06:00:00,0,0
09/11/05,06:30:00,0,0
09/11/05,07:00:00,0,0
09/11/05,07:30:00,0,0
09/11/05,08:00:00,0,0
09/11/05,08:30:00,0,0
09/11/05,09:00:00,0,0
09/11/05,09:30:00,0,0
09/11/05,10:00:00,0,0
09/11/05,10:30:00,0,0
09/11/05,11:00:00,3,1
09/11/05,11:30:00,0,0
09/11/05,12:00:00,0,0
09/11/05,12:30:00,0,1
09/11/05,13:00:00,0,0
09/11/05,13:30:00,0,0
09/11/05,14:00:00,0,0
09/11/05,14:30:00,0,0
09/11/05,15:00:00,0,1
09/11/05,15:30:00,0,0
09/11/05,16:00:00,0,1
09/11/05,16:30:00,2,2
09/11/05,17:00:00,0,1
09/11/05,17:30:00,0,0
09/11/05,18:00:00,0,0
09/11/05,18:30:00,1,2
09/11/05,19:00:00,0,1
09/11/05,19:30:00,0,0
09/11/05,20:00:00,0,1
09/11/05,20:30:00,0,0
09/11/05,21:00:00,1,0
09/11/05,21:30:00,0,0
09/11/05,22:00:00,0,0
09/11/05,22:30:00,0,0
09/11/05,23:00:00,0,0
09/11/05,23:30:00,0,0
09/12/05,00:00:00,0,0
09/12/05,00:30:00,0,0
09/12/05,01:00:00,0,0
09/12/05,01:30:00,0,0
09/12/05,02:00:00,0,0
09/12/05,02:30:00,0,0
09/12/05,03:00:00,0,0
09/12/05,03:30:00,0,0
09/12/05,04:00:00,0,0
09/12/05,04:30:00,0,0
09/12/05,05:00:00,0,0
09/12/05,05:30:00,0,0
09/12/05,06:00:00,3,3
09/12/05,06:30:00,0,0
09/12/05,07:00:00,3,0
09/12/05,07:30:00,0,0
09/12/05,08:00:00,0,0
09/12/05,08:30:00,9,3
09/12/05,09:00:00,10,3
09/12/05,09:30:00,8,4
09/12/05,10:00:00,8,4
09/12/05,10:30:00,17,6
09/12/05,11:00:00,12,8
09/12/05,11:30:00,7,5
09/12/05,12:00:00,3,22
09/12/05,12:30:00,8,6
09/12/05,13:00:00,29,14
09/12/05,13:30:00,16,8
09/12/05,14:00:00,11,14
09/12/05,14:30:00,14,20
09/12/05,15:00:00,15,16
09/12/05,15:30:00,4,4
09/12/05,16:00:00,22,8
09/12/05,16:30:00,7,14
09/12/05,17:00:00,2,9
09/12/05,17:30:00,2,5
09/12/05,18:00:00,1,14
09/12/05,18:30:00,2,7
09/12/05,19:00:00,2,2
09/12/05,19:30:00,0,2
09/12/05,20:00:00,2,2
09/12/05,20:30:00,2,2
09/12/05,21:00:00,1,1
09/12/05,21:30:00,0,1
09/12/05,22:00:00,0,0
09/12/05,22:30:00,1,1
09/12/05,23:00:00,0,1
09/12/05,23:30:00,0,0
09/13/05,00:00:00,0,1
09/13/05,00:30:00,0,0
09/13/05,01:00:00,0,1
09/13/05,01:30:00,0,0
09/13/05,02:00:00,0,0
09/13/05,02:30:00,0,0
09/13/05,03:00:00,0,0
09/13/05,03:30:00,0,0
09/13/05,04:00:00,0,0
09/13/05,04:30:00,0,0
09/13/05,05:00:00,0,0
09/13/05,05:30:00,2,1
09/13/05,06:00:00,0,0
09/13/05,06:30:00,0,0
09/13/05,07:00:00,0,0
09/13/05,07:30:00,3,3
09/13/05,08:00:00,4,2
09/13/05,08:30:00,7,4
09/13/05,09:00:00,9,2
09/13/05,09:30:00,9,4
09/13/05,10:00:00,14,4
09/13/05,10:30:00,12,7
09/13/05,11:00:00,10,5
09/13/05,11:30:00,12,13
09/13/05,12:00:00,6,12
09/13/05,12:30:00,11,4
09/13/05,13:00:00,14,6
09/13/05,13:30:00,19,8
09/13/05,14:00:00,9,13
09/13/05,14:30:00,12,10
09/13/05,15:00:00,15,10
09/13/05,15:30:00,11,7
09/13/05,16:00:00,6,6
09/13/05,16:30:00,8,9
09/13/05,17:00:00,6,25
09/13/05,17:30:00,5,12
09/13/05,18:00:00,2,11
09/13/05,18:30:00,4,6
09/13/05,19:00:00,4,4
09/13/05,19:30:00,1,3
09/13/05,20:00:00,2,1
09/13/05,20:30:00,0,1
09/13/05,21:00:00,0,0
09/13/05,21:30:00,0,0
09/13/05,22:00:00,0,0
09/13/05,22:30:00,0,1
09/13/05,23:00:00,0,0
09/13/05,23:30:00,0,1
09/14/05,00:00:00,0,0
09/14/05,00:30:00,0,1
09/14/05,01:00:00,0,0
09/14/05,01:30:00,0,0
09/14/05,02:00:00,0,0
09/14/05,02:30:00,0,0
09/14/05,03:00:00,0,0
09/14/05,03:30:00,0,0
09/14/05,04:00:00,0,0
09/14/05,04:30:00,0,0
09/14/05,05:00:00,0,0
09/14/05,05:30:00,0,0
09/14/05,06:00:00,6,5
09/14/05,06:30:00,0,0
09/14/05,07:00:00,0,0
09/14/05,07:30:00,1,0
09/14/05,08:00:00,1,0
09/14/05,08:30:00,2,0
09/14/05,09:00:00,16,3
09/14/05,09:30:00,11,3
09/14/05,10:00:00,14,4
09/14/05,10:30:00,16,12
09/14/05,11:00:00,5,7
09/14/05,11:30:00,3,15
09/14/05,12:00:00,5,15
09/14/05,12:30:00,12,13
09/14/05,13:00:00,20,4
09/14/05,13:30:00,34,15
09/14/05,14:00:00,25,10
09/14/05,14:30:00,6,10
09/14/05,15:00:00,12,14
09/14/05,15:30:00,6,4
09/14/05,16:00:00,15,15
09/14/05,16:30:00,10,6
09/14/05,17:00:00,2,13
09/14/05,17:30:00,1,5
09/14/05,18:00:00,9,11
09/14/05,18:30:00,0,8
09/14/05,19:00:00,4,5
09/14/05,19:30:00,3,7
09/14/05,20:00:00,1,0
09/14/05,20:30:00,0,0
09/14/05,21:00:00,3,2
09/14/05,21:30:00,0,1
09/14/05,22:00:00,2,2
09/14/05,22:30:00,0,1
09/14/05,23:00:00,0,2
09/14/05,23:30:00,2,4
09/15/05,00:00:00,0,1
09/15/05,00:30:00,0,0
09/15/05,01:00:00,1,2
09/15/05,01:30:00,0,0
09/15/05,02:00:00,0,0
09/15/05,02:30:00,0,0
09/15/05,03:00:00,0,0
09/15/05,03:30:00,0,0
09/15/05,04:00:00,0,0
09/15/05,04:30:00,0,0
09/15/05,05:00:00,1,1
09/15/05,05:30:00,0,0
09/15/05,06:00:00,0,0
09/15/05,06:30:00,0,0
09/15/05,07:00:00,1,0
09/15/05,07:30:00,3,1
09/15/05,08:00:00,5,2
09/15/05,08:30:00,12,2
09/15/05,09:00:00,7,0
09/15/05,09:30:00,7,2
09/15/05,10:00:00,11,14
09/15/05,10:30:00,12,14
09/15/05,11:00:00,10,8
09/15/05,11:30:00,8,10
09/15/05,12:00:00,7,19
09/15/05,12:30:00,11,12
09/15/05,13:00:00,10,8
09/15/05,13:30:00,31,2
09/15/05,14:00:00,9,10
09/15/05,14:30:00,9,10
09/15/05,15:00:00,14,7
09/15/05,15:30:00,10,11
09/15/05,16:00:00,9,14
09/15/05,16:30:00,6,4
09/15/05,17:00:00,5,10
09/15/05,17:30:00,5,15
09/15/05,18:00:00,1,8
09/15/05,18:30:00,0,5
09/15/05,19:00:00,2,4
09/15/05,19:30:00,0,0
09/15/05,20:00:00,2,3
09/15/05,20:30:00,2,0
09/15/05,21:00:00,4,2
09/15/05,21:30:00,0,2
09/15/05,22:00:00,2,0
09/15/05,22:30:00,0,2
09/15/05,23:00:00,0,2
09/15/05,23:30:00,0,0
09/16/05,00:00:00,0,3
09/16/05,00:30:00,0,0
09/16/05,01:00:00,0,2
09/16/05,01:30:00,0,0
09/16/05,02:00:00,0,0
09/16/05,02:30:00,0,0
09/16/05,03:00:00,0,0
09/16/05,03:30:00,0,0
09/16/05,04:00:00,0,0
09/16/05,04:30:00,0,0
09/16/05,05:00:00,0,0
09/16/05,05:30:00,2,2
09/16/05,06:00:00,0,0
09/16/05,06:30:00,0,0
09/16/05,07:00:00,1,0
09/16/05,07:30:00,0,0
09/16/05,08:00:00,0,0
09/16/05,08:30:00,3,1
09/16/05,09:00:00,3,4
09/16/05,09:30:00,11,10
09/16/05,10:00:00,9,3
09/16/05,10:30:00,13,5
09/16/05,11:00:00,7,7
09/16/05,11:30:00,11,7
09/16/05,12:00:00,7,9
09/16/05,12:30:00,10,14
09/16/05,13:00:00,14,11
09/16/05,13:30:00,18,7
09/16/05,14:00:00,28,8
09/16/05,14:30:00,10,4
09/16/05,15:00:00,10,7
09/16/05,15:30:00,7,13
09/16/05,16:00:00,2,6
09/16/05,16:30:00,5,7
09/16/05,17:00:00,4,10
09/16/05,17:30:00,0,8
09/16/05,18:00:00,1,4
09/16/05,18:30:00,2,3
09/16/05,19:00:00,0,3
09/16/05,19:30:00,1,1
09/16/05,20:00:00,0,2
09/16/05,20:30:00,0,0
09/16/05,21:00:00,0,0
09/16/05,21:30:00,3,1
09/16/05,22:00:00,1,2
09/16/05,22:30:00,2,3
09/16/05,23:00:00,0,1
09/16/05,23:30:00,0,1
09/17/05,00:00:00,0,0
09/17/05,00:30:00,0,1
09/17/05,01:00:00,0,0
09/17/05,01:30:00,0,0
09/17/05,02:00:00,0,5
09/17/05,02:30:00,0,0
09/17/05,03:00:00,0,0
09/17/05,03:30:00,0,0
09/17/05,04:00:00,0,0
09/17/05,04:30:00,0,0
09/17/05,05:00:00,0,0
09/17/05,05:30:00,0,0
09/17/05,06:00:00,0,0
09/17/05,06:30:00,0,0
09/17/05,07:00:00,0,0
09/17/05,07:30:00,0,0
09/17/05,08:00:00,0,0
09/17/05,08:30:00,0,0
09/17/05,09:00:00,0,0
09/17/05,09:30:00,0,0
09/17/05,10:00:00,0,0
09/17/05,10:30:00,0,1
09/17/05,11:00:00,1,0
09/17/05,11:30:00,0,0
09/17/05,12:00:00,0,0
09/17/05,12:30:00,1,1
09/17/05,13:00:00,0,0
09/17/05,13:30:00,2,6
09/17/05,14:00:00,1,0
09/17/05,14:30:00,1,1
09/17/05,15:00:00,0,0
09/17/05,15:30:00,3,4
09/17/05,16:00:00,3,2
09/17/05,16:30:00,0,0
09/17/05,17:00:00,3,1
09/17/05,17:30:00,1,3
09/17/05,18:00:00,0,0
09/17/05,18:30:00,1,2
09/17/05,19:00:00,0,0
09/17/05,19:30:00,1,2
09/17/05,20:00:00,0,0
09/17/05,20:30:00,0,0
09/17/05,21:00:00,1,1
09/17/05,21:30:00,0,0
09/17/05,22:00:00,0,0
09/17/05,22:30:00,1,0
09/17/05,23:00:00,3,4
09/17/05,23:30:00,0,0
09/18/05,00:00:00,0,3
09/18/05,00:30:00,0,0
09/18/05,01:00:00,0,0
09/18/05,01:30:00,0,0
09/18/05,02:00:00,0,0
09/18/05,02:30:00,0,0
09/18/05,03:00:00,0,0
09/18/05,03:30:00,0,0
09/18/05,04:00:00,0,0
09/18/05,04:30:00,0,0
09/18/05,05:00:00,0,0
09/18/05,05:30:00,0,0
09/18/05,06:00:00,0,0
09/18/05,06:30:00,0,0
09/18/05,07:00:00,0,0
09/18/05,07:30:00,0,0
09/18/05,08:00:00,0,0
09/18/05,08:30:00,0,0
09/18/05,09:00:00,0,0
09/18/05,09:30:00,0,0
09/18/05,10:00:00,0,0
09/18/05,10:30:00,0,0
09/18/05,11:00:00,0,0
09/18/05,11:30:00,0,0
09/18/05,12:00:00,0,1
09/18/05,12:30:00,0,0
09/18/05,13:00:00,0,0
09/18/05,13:30:00,0,0
09/18/05,14:00:00,0,0
09/18/05,14:30:00,1,1
09/18/05,15:00:00,0,1
09/18/05,15:30:00,0,0
09/18/05,16:00:00,1,2
09/18/05,16:30:00,0,1
09/18/05,17:00:00,0,0
09/18/05,17:30:00,0,1
09/18/05,18:00:00,1,2
09/18/05,18:30:00,0,2
09/18/05,19:00:00,2,0
09/18/05,19:30:00,0,0
09/18/05,20:00:00,0,0
09/18/05,20:30:00,0,0
09/18/05,21:00:00,0,2
09/18/05,21:30:00,2,0
09/18/05,22:00:00,0,0
09/18/05,22:30:00,0,2
09/18/05,23:00:00,0,0
09/18/05,23:30:00,0,1
09/19/05,00:00:00,0,1
09/19/05,00:30:00,0,2
09/19/05,01:00:00,0,0
09/19/05,01:30:00,0,0
09/19/05,02:00:00,0,0
09/19/05,02:30:00,0,0
09/19/05,03:00:00,0,0
09/19/05,03:30:00,0,0
09/19/05,04:00:00,0,0
09/19/05,04:30:00,0,0
09/19/05,05:00:00,0,0
09/19/05,05:30:00,0,0
09/19/05,06:00:00,0,0
09/19/05,06:30:00,1,1
09/19/05,07:00:00,2,0
09/19/05,07:30:00,1,0
09/19/05,08:00:00,1,0
09/19/05,08:30:00,3,1
09/19/05,09:00:00,8,0
09/19/05,09:30:00,7,2
09/19/05,10:00:00,12,7
09/19/05,10:30:00,12,12
09/19/05,11:00:00,11,10
09/19/05,11:30:00,11,15
09/19/05,12:00:00,7,16
09/19/05,12:30:00,2,10
09/19/05,13:00:00,24,13
09/19/05,13:30:00,20,4
09/19/05,14:00:00,18,10
09/19/05,14:30:00,15,10
09/19/05,15:00:00,19,16
09/19/05,15:30:00,15,14
09/19/05,16:00:00,15,12
09/19/05,16:30:00,11,17
09/19/05,17:00:00,4,8
09/19/05,17:30:00,1,6
09/19/05,18:00:00,0,11
09/19/05,18:30:00,3,2
09/19/05,19:00:00,1,5
09/19/05,19:30:00,1,2
09/19/05,20:00:00,0,2
09/19/05,20:30:00,1,1
09/19/05,21:00:00,1,1
09/19/05,21:30:00,0,2
09/19/05,22:00:00,0,1
09/19/05,22:30:00,2,3
09/19/05,23:00:00,0,1
09/19/05,23:30:00,5,2
09/20/05,00:00:00,0,0
09/20/05,00:30:00,0,1
09/20/05,01:00:00,1,1
09/20/05,01:30:00,0,0
09/20/05,02:00:00,0,0
09/20/05,02:30:00,0,0
09/20/05,03:00:00,0,0
09/20/05,03:30:00,0,0
09/20/05,04:00:00,0,0
09/20/05,04:30:00,0,0
09/20/05,05:00:00,0,0
09/20/05,05:30:00,2,2
09/20/05,06:00:00,0,0
09/20/05,06:30:00,0,0
09/20/05,07:00:00,0,0
09/20/05,07:30:00,1,0
09/20/05,08:00:00,1,0
09/20/05,08:30:00,3,1
09/20/05,09:00:00,6,1
09/20/05,09:30:00,4,2
09/20/05,10:00:00,14,7
09/20/05,10:30:00,14,2
09/20/05,11:00:00,10,6
09/20/05,11:30:00,14,13
09/20/05,12:00:00,6,20
09/20/05,12:30:00,8,5
09/20/05,13:00:00,13,10
09/20/05,13:30:00,10,4
09/20/05,14:00:00,18,11
09/20/05,14:30:00,9,12
09/20/05,15:00:00,10,7
09/20/05,15:30:00,8,6
09/20/05,16:00:00,14,10
09/20/05,16:30:00,24,9
09/20/05,17:00:00,6,29
09/20/05,17:30:00,5,10
09/20/05,18:00:00,0,9
09/20/05,18:30:00,1,3
09/20/05,19:00:00,1,2
09/20/05,19:30:00,2,9
09/20/05,20:00:00,2,0
09/20/05,20:30:00,2,3
09/20/05,21:00:00,0,1
09/20/05,21:30:00,1,1
09/20/05,22:00:00,2,0
09/20/05,22:30:00,0,1
09/20/05,23:00:00,2,1
09/20/05,23:30:00,0,0
09/21/05,00:00:00,1,3
09/21/05,00:30:00,0,1
09/21/05,01:00:00,0,0
09/21/05,01:30:00,0,0
09/21/05,02:00:00,0,0
09/21/05,02:30:00,0,0
09/21/05,03:00:00,0,0
09/21/05,03:30:00,0,0
09/21/05,04:00:00,0,0
09/21/05,04:30:00,0,0
09/21/05,05:00:00,0,0
09/21/05,05:30:00,0,0
09/21/05,06:00:00,3,3
09/21/05,06:30:00,0,0
09/21/05,07:00:00,0,0
09/21/05,07:30:00,4,3
09/21/05,08:00:00,2,1
09/21/05,08:30:00,18,5
09/21/05,09:00:00,29,11
09/21/05,09:30:00,13,8
09/21/05,10:00:00,14,18
09/21/05,10:30:00,32,7
09/21/05,11:00:00,11,14
09/21/05,11:30:00,17,19
09/21/05,12:00:00,19,25
09/21/05,12:30:00,12,28
09/21/05,13:00:00,26,35
09/21/05,13:30:00,21,19
09/21/05,14:00:00,26,10
09/21/05,14:30:00,16,13
09/21/05,15:00:00,16,12
09/21/05,15:30:00,27,14
09/21/05,16:00:00,12,19
09/21/05,16:30:00,9,10
09/21/05,17:00:00,4,19
09/21/05,17:30:00,1,10
09/21/05,18:00:00,12,15
09/21/05,18:30:00,1,11
09/21/05,19:00:00,0,0
09/21/05,19:30:00,0,2
09/21/05,20:00:00,5,3
09/21/05,20:30:00,0,2
09/21/05,21:00:00,3,1
09/21/05,21:30:00,0,0
09/21/05,22:00:00,0,1
09/21/05,22:30:00,1,2
09/21/05,23:00:00,0,1
09/21/05,23:30:00,0,2
09/22/05,00:00:00,0,1
09/22/05,00:30:00,0,0
09/22/05,01:00:00,2,0
09/22/05,01:30:00,0,0
09/22/05,02:00:00,2,1
09/22/05,02:30:00,0,0
09/22/05,03:00:00,0,1
09/22/05,03:30:00,0,0
09/22/05,04:00:00,0,0
09/22/05,04:30:00,0,0
09/22/05,05:00:00,0,0
09/22/05,05:30:00,1,1
09/22/05,06:00:00,0,0
09/22/05,06:30:00,0,1
09/22/05,07:00:00,0,0
09/22/05,07:30:00,0,0
09/22/05,08:00:00,4,0
09/22/05,08:30:00,1,1
09/22/05,09:00:00,13,3
09/22/05,09:30:00,8,2
09/22/05,10:00:00,6,6
09/22/05,10:30:00,17,8
09/22/05,11:00:00,9,4
09/22/05,11:30:00,6,8
09/22/05,12:00:00,11,24
09/22/05,12:30:00,10,14
09/22/05,13:00:00,28,8
09/22/05,13:30:00,16,8
09/22/05,14:00:00,42,15
09/22/05,14:30:00,24,12
09/22/05,15:00:00,3,4
09/22/05,15:30:00,6,7
09/22/05,16:00:00,14,9
09/22/05,16:30:00,6,4
09/22/05,17:00:00,9,7
09/22/05,17:30:00,2,14
09/22/05,18:00:00,1,16
09/22/05,18:30:00,1,9
09/22/05,19:00:00,2,1
09/22/05,19:30:00,3,4
09/22/05,20:00:00,0,1
09/22/05,20:30:00,2,1
09/22/05,21:00:00,0,0
09/22/05,21:30:00,2,4
09/22/05,22:00:00,2,3
09/22/05,22:30:00,0,1
09/22/05,23:00:00,1,1
09/22/05,23:30:00,0,1
09/23/05,00:00:00,1,2
09/23/05,00:30:00,0,0
09/23/05,01:00:00,1,2
09/23/05,01:30:00,0,1
09/23/05,02:00:00,0,1
09/23/05,02:30:00,0,0
09/23/05,03:00:00,0,0
09/23/05,03:30:00,0,0
09/23/05,04:00:00,0,0
09/23/05,04:30:00,0,0
09/23/05,05:00:00,0,0
09/23/05,05:30:00,0,0
09/23/05,06:00:00,3,2
09/23/05,06:30:00,0,0
09/23/05,07:00:00,0,0
09/23/05,07:30:00,1,0
09/23/05,08:00:00,0,1
09/23/05,08:30:00,9,4
09/23/05,09:00:00,6,2
09/23/05,09:30:00,15,4
09/23/05,10:00:00,20,7
09/23/05,10:30:00,10,7
09/23/05,11:00:00,14,10
09/23/05,11:30:00,14,14
09/23/05,12:00:00,14,17
09/23/05,12:30:00,5,12
09/23/05,13:00:00,20,14
09/23/05,13:30:00,19,16
09/23/05,14:00:00,25,13
09/23/05,14:30:00,11,13
09/23/05,15:00:00,12,9
09/23/05,15:30:00,6,8
09/23/05,16:00:00,5,8
09/23/05,16:30:00,12,9
09/23/05,17:00:00,5,10
09/23/05,17:30:00,4,8
09/23/05,18:00:00,5,2
09/23/05,18:30:00,3,11
09/23/05,19:00:00,0,4
09/23/05,19:30:00,2,2
09/23/05,20:00:00,0,3
09/23/05,20:30:00,1,4
09/23/05,21:00:00,0,1
09/23/05,21:30:00,1,0
09/23/05,22:00:00,3,0
09/23/05,22:30:00,0,0
09/23/05,23:00:00,0,0
09/23/05,23:30:00,0,0
09/24/05,00:00:00,2,1
09/24/05,00:30:00,0,1
09/24/05,01:00:00,0,0
09/24/05,01:30:00,1,2
09/24/05,02:00:00,0,1
09/24/05,02:30:00,0,0
09/24/05,03:00:00,0,0
09/24/05,03:30:00,0,0
09/24/05,04:00:00,0,0
09/24/05,04:30:00,0,0
09/24/05,05:00:00,0,0
09/24/05,05:30:00,0,0
09/24/05,06:00:00,0,0
09/24/05,06:30:00,0,0
09/24/05,07:00:00,0,0
09/24/05,07:30:00,0,0
09/24/05,08:00:00,0,0
09/24/05,08:30:00,1,2
09/24/05,09:00:00,1,0
09/24/05,09:30:00,0,0
09/24/05,10:00:00,1,0
09/24/05,10:30:00,2,0
09/24/05,11:00:00,3,3
09/24/05,11:30:00,0,0
09/24/05,12:00:00,0,2
09/24/05,12:30:00,1,0
09/24/05,13:00:00,1,5
09/24/05,13:30:00,4,1
09/24/05,14:00:00,4,1
09/24/05,14:30:00,0,0
09/24/05,15:00:00,1,1
09/24/05,15:30:00,1,3
09/24/05,16:00:00,2,2
09/24/05,16:30:00,0,0
09/24/05,17:00:00,1,2
09/24/05,17:30:00,2,3
09/24/05,18:00:00,0,0
09/24/05,18:30:00,0,0
09/24/05,19:00:00,0,0
09/24/05,19:30:00,0,1
09/24/05,20:00:00,0,0
09/24/05,20:30:00,0,0
09/24/05,21:00:00,0,0
09/24/05,21:30:00,0,0
09/24/05,22:00:00,0,0
09/24/05,22:30:00,0,1
09/24/05,23:00:00,0,1
09/24/05,23:30:00,0,0
09/25/05,00:00:00,0,0
09/25/05,00:30:00,0,1
09/25/05,01:00:00,0,0
09/25/05,01:30:00,0,0
09/25/05,02:00:00,0,0
09/25/05,02:30:00,0,0
09/25/05,03:00:00,0,0
09/25/05,03:30:00,0,0
09/25/05,04:00:00,0,0
09/25/05,04:30:00,0,0
09/25/05,05:00:00,0,0
09/25/05,05:30:00,0,0
09/25/05,06:00:00,0,0
09/25/05,06:30:00,0,0
09/25/05,07:00:00,0,0
09/25/05,07:30:00,0,1
09/25/05,08:00:00,0,0
09/25/05,08:30:00,0,0
09/25/05,09:00:00,0,0
09/25/05,09:30:00,1,0
09/25/05,10:00:00,0,0
09/25/05,10:30:00,1,0
09/25/05,11:00:00,0,1
09/25/05,11:30:00,0,0
09/25/05,12:00:00,1,1
09/25/05,12:30:00,0,2
09/25/05,13:00:00,1,0
09/25/05,13:30:00,2,1
09/25/05,14:00:00,2,2
09/25/05,14:30:00,2,1
09/25/05,15:00:00,1,2
09/25/05,15:30:00,1,0
09/25/05,16:00:00,2,2
09/25/05,16:30:00,0,0
09/25/05,17:00:00,1,3
09/25/05,17:30:00,1,1
09/25/05,18:00:00,0,2
09/25/05,18:30:00,0,2
09/25/05,19:00:00,1,3
09/25/05,19:30:00,1,0
09/25/05,20:00:00,2,0
09/25/05,20:30:00,0,0
09/25/05,21:00:00,1,2
09/25/05,21:30:00,0,0
09/25/05,22:00:00,1,1
09/25/05,22:30:00,0,3
09/25/05,23:00:00,1,0
09/25/05,23:30:00,1,2
09/26/05,00:00:00,0,2
09/26/05,00:30:00,0,0
09/26/05,01:00:00,0,0
09/26/05,01:30:00,0,0
09/26/05,02:00:00,0,1
09/26/05,02:30:00,0,0
09/26/05,03:00:00,0,0
09/26/05,03:30:00,0,0
09/26/05,04:00:00,0,0
09/26/05,04:30:00,0,0
09/26/05,05:00:00,0,0
09/26/05,05:30:00,0,0
09/26/05,06:00:00,0,0
09/26/05,06:30:00,0,0
09/26/05,07:00:00,3,3
09/26/05,07:30:00,1,0
09/26/05,08:00:00,3,2
09/26/05,08:30:00,4,0
09/26/05,09:00:00,8,2
09/26/05,09:30:00,9,2
09/26/05,10:00:00,17,12
09/26/05,10:30:00,9,11
09/26/05,11:00:00,18,10
09/26/05,11:30:00,7,13
09/26/05,12:00:00,8,26
09/26/05,12:30:00,6,12
09/26/05,13:00:00,19,4
09/26/05,13:30:00,13,7
09/26/05,14:00:00,16,8
09/26/05,14:30:00,13,10
09/26/05,15:00:00,11,9
09/26/05,15:30:00,5,15
09/26/05,16:00:00,10,7
09/26/05,16:30:00,16,7
09/26/05,17:00:00,3,12
09/26/05,17:30:00,5,17
09/26/05,18:00:00,6,7
09/26/05,18:30:00,2,5
09/26/05,19:00:00,2,4
09/26/05,19:30:00,1,1
09/26/05,20:00:00,0,3
09/26/05,20:30:00,0,5
09/26/05,21:00:00,4,1
09/26/05,21:30:00,0,0
09/26/05,22:00:00,0,0
09/26/05,22:30:00,0,1
09/26/05,23:00:00,1,2
09/26/05,23:30:00,0,1
09/27/05,00:00:00,0,0
09/27/05,00:30:00,0,0
09/27/05,01:00:00,0,1
09/27/05,01:30:00,0,0
09/27/05,02:00:00,0,0
09/27/05,02:30:00,0,0
09/27/05,03:00:00,0,0
09/27/05,03:30:00,0,0
09/27/05,04:00:00,0,0
09/27/05,04:30:00,0,0
09/27/05,05:00:00,0,0
09/27/05,05:30:00,2,2
09/27/05,06:00:00,0,0
09/27/05,06:30:00,0,1
09/27/05,07:00:00,5,2
09/27/05,07:30:00,0,1
09/27/05,08:00:00,1,0
09/27/05,08:30:00,4,0
09/27/05,09:00:00,7,2
09/27/05,09:30:00,18,4
09/27/05,10:00:00,14,7
09/27/05,10:30:00,12,7
09/27/05,11:00:00,16,15
09/27/05,11:30:00,9,18
09/27/05,12:00:00,17,29
09/27/05,12:30:00,18,12
09/27/05,13:00:00,11,5
09/27/05,13:30:00,25,15
09/27/05,14:00:00,17,6
09/27/05,14:30:00,20,9
09/27/05,15:00:00,25,22
09/27/05,15:30:00,10,13
09/27/05,16:00:00,10,11
09/27/05,16:30:00,9,17
09/27/05,17:00:00,6,7
09/27/05,17:30:00,7,10
09/27/05,18:00:00,6,9
09/27/05,18:30:00,6,13
09/27/05,19:00:00,3,6
09/27/05,19:30:00,4,2
09/27/05,20:00:00,2,3
09/27/05,20:30:00,0,2
09/27/05,21:00:00,0,4
09/27/05,21:30:00,0,1
09/27/05,22:00:00,1,1
09/27/05,22:30:00,4,4
09/27/05,23:00:00,0,2
09/27/05,23:30:00,0,0
09/28/05,00:00:00,1,2
09/28/05,00:30:00,1,1
09/28/05,01:00:00,0,0
09/28/05,01:30:00,0,0
09/28/05,02:00:00,0,0
09/28/05,02:30:00,0,1
09/28/05,03:00:00,0,0
09/28/05,03:30:00,0,0
09/28/05,04:00:00,0,0
09/28/05,04:30:00,0,0
09/28/05,05:00:00,2,2
09/28/05,05:30:00,1,1
09/28/05,06:00:00,2,2
09/28/05,06:30:00,1,0
09/28/05,07:00:00,3,2
09/28/05,07:30:00,2,5
09/28/05,08:00:00,5,3
09/28/05,08:30:00,6,1
09/28/05,09:00:00,5,1
09/28/05,09:30:00,11,5
09/28/05,10:00:00,15,8
09/28/05,10:30:00,20,17
09/28/05,11:00:00,8,7
09/28/05,11:30:00,11,9
09/28/05,12:00:00,13,23
09/28/05,12:30:00,10,12
09/28/05,13:00:00,15,12
09/28/05,13:30:00,24,13
09/28/05,14:00:00,20,6
09/28/05,14:30:00,7,13
09/28/05,15:00:00,17,12
09/28/05,15:30:00,14,21
09/28/05,16:00:00,14,22
09/28/05,16:30:00,9,14
09/28/05,17:00:00,6,13
09/28/05,17:30:00,6,9
09/28/05,18:00:00,5,7
09/28/05,18:30:00,2,6
09/28/05,19:00:00,2,1
09/28/05,19:30:00,0,2
09/28/05,20:00:00,1,0
09/28/05,20:30:00,0,0
09/28/05,21:00:00,0,0
09/28/05,21:30:00,0,0
09/28/05,22:00:00,0,0
09/28/05,22:30:00,0,0
09/28/05,23:00:00,0,0
09/28/05,23:30:00,0,0
09/29/05,00:00:00,0,0
09/29/05,00:30:00,0,0
09/29/05,01:00:00,0,0
09/29/05,01:30:00,0,0
09/29/05,02:00:00,0,0
09/29/05,02:30:00,0,0
09/29/05,03:00:00,0,0
09/29/05,03:30:00,0,0
09/29/05,04:00:00,0,0
09/29/05,04:30:00,0,0
09/29/05,05:00:00,0,0
09/29/05,05:30:00,0,0
09/29/05,06:00:00,0,0
09/29/05,06:30:00,0,0
09/29/05,07:00:00,0,0
09/29/05,07:30:00,0,0
09/29/05,08:00:00,6,8
09/29/05,08:30:00,8,1
09/29/05,09:00:00,7,4
09/29/05,09:30:00,12,4
09/29/05,10:00:00,12,8
09/29/05,10:30:00,12,10
09/29/05,11:00:00,12,6
09/29/05,11:30:00,10,9
09/29/05,12:00:00,8,16
09/29/05,12:30:00,8,18
09/29/05,13:00:00,18,7
09/29/05,13:30:00,22,8
09/29/05,14:00:00,22,18
09/29/05,14:30:00,9,3
09/29/05,15:00:00,16,20
09/29/05,15:30:00,11,14
09/29/05,16:00:00,7,13
09/29/05,16:30:00,11,10
09/29/05,17:00:00,8,12
09/29/05,17:30:00,8,12
09/29/05,18:00:00,6,6
09/29/05,18:30:00,4,10
09/29/05,19:00:00,4,5
09/29/05,19:30:00,6,5
09/29/05,20:00:00,0,5
09/29/05,20:30:00,2,0
09/29/05,21:00:00,1,0
09/29/05,21:30:00,0,2
09/29/05,22:00:00,1,0
09/29/05,22:30:00,2,2
09/29/05,23:00:00,0,0
09/29/05,23:30:00,0,0
09/30/05,00:00:00,0,4
09/30/05,00:30:00,0,0
09/30/05,01:00:00,0,1
09/30/05,01:30:00,0,0
09/30/05,02:00:00,0,2
09/30/05,02:30:00,0,1
09/30/05,03:00:00,0,0
09/30/05,03:30:00,0,0
09/30/05,04:00:00,0,0
09/30/05,04:30:00,0,0
09/30/05,05:00:00,0,0
09/30/05,05:30:00,6,7
09/30/05,06:00:00,0,1
09/30/05,06:30:00,1,1
09/30/05,07:00:00,0,0
09/30/05,07:30:00,1,0
09/30/05,08:00:00,1,0
09/30/05,08:30:00,6,1
09/30/05,09:00:00,7,4
09/30/05,09:30:00,13,7
09/30/05,10:00:00,14,4
09/30/05,10:30:00,21,8
09/30/05,11:00:00,16,5
09/30/05,11:30:00,17,9
09/30/05,12:00:00,14,20
09/30/05,12:30:00,7,15
09/30/05,13:00:00,18,14
09/30/05,13:30:00,25,14
09/30/05,14:00:00,16,12
09/30/05,14:30:00,17,18
09/30/05,15:00:00,8,13
09/30/05,15:30:00,12,12
09/30/05,16:00:00,11,9
09/30/05,16:30:00,7,7
09/30/05,17:00:00,3,16
09/30/05,17:30:00,2,7
09/30/05,18:00:00,4,6
09/30/05,18:30:00,3,3
09/30/05,19:00:00,0,1
09/30/05,19:30:00,1,2
09/30/05,20:00:00,0,1
09/30/05,20:30:00,0,1
09/30/05,21:00:00,1,0
09/30/05,21:30:00,0,0
09/30/05,22:00:00,0,0
09/30/05,22:30:00,0,0
09/30/05,23:00:00,1,0
09/30/05,23:30:00,0,0
10/01/05,00:00:00,0,1
10/01/05,00:30:00,0,0
10/01/05,01:00:00,0,0
10/01/05,01:30:00,0,0
10/01/05,02:00:00,0,2
10/01/05,02:30:00,0,0
10/01/05,03:00:00,0,2
10/01/05,03:30:00,0,0
10/01/05,04:00:00,0,0
10/01/05,04:30:00,0,0
10/01/05,05:00:00,0,0
10/01/05,05:30:00,0,0
10/01/05,06:00:00,0,0
10/01/05,06:30:00,0,0
10/01/05,07:00:00,0,0
10/01/05,07:30:00,0,0
10/01/05,08:00:00,0,0
10/01/05,08:30:00,0,1
10/01/05,09:00:00,0,0
10/01/05,09:30:00,1,0
10/01/05,10:00:00,0,1
10/01/05,10:30:00,9,6
10/01/05,11:00:00,5,5
10/01/05,11:30:00,1,1
10/01/05,12:00:00,1,0
10/01/05,12:30:00,1,5
10/01/05,13:00:00,4,4
10/01/05,13:30:00,2,2
10/01/05,14:00:00,4,4
10/01/05,14:30:00,6,9
10/01/05,15:00:00,4,4
10/01/05,15:30:00,0,0
10/01/05,16:00:00,2,3
10/01/05,16:30:00,8,12
10/01/05,17:00:00,1,1
10/01/05,17:30:00,1,2
10/01/05,18:00:00,0,1
10/01/05,18:30:00,0,0
10/01/05,19:00:00,0,0
10/01/05,19:30:00,0,0
10/01/05,20:00:00,0,0
10/01/05,20:30:00,0,0
10/01/05,21:00:00,0,2
10/01/05,21:30:00,0,0
10/01/05,22:00:00,1,0
10/01/05,22:30:00,0,0
10/01/05,23:00:00,0,0
10/01/05,23:30:00,0,1
10/02/05,00:00:00,0,1
10/02/05,00:30:00,0,0
10/02/05,01:00:00,0,1
10/02/05,01:30:00,0,0
10/02/05,02:00:00,0,0
10/02/05,02:30:00,0,0
10/02/05,03:00:00,0,0
10/02/05,03:30:00,0,0
10/02/05,04:00:00,0,0
10/02/05,04:30:00,0,1
10/02/05,05:00:00,0,0
10/02/05,05:30:00,0,0
10/02/05,06:00:00,0,0
10/02/05,06:30:00,0,0
10/02/05,07:00:00,0,0
10/02/05,07:30:00,0,0
10/02/05,08:00:00,0,0
10/02/05,08:30:00,0,0
10/02/05,09:00:00,1,1
10/02/05,09:30:00,0,0
10/02/05,10:00:00,0,0
10/02/05,10:30:00,0,0
10/02/05,11:00:00,1,0
10/02/05,11:30:00,0,0
10/02/05,12:00:00,1,2
10/02/05,12:30:00,1,0
10/02/05,13:00:00,1,1
10/02/05,13:30:00,3,0
10/02/05,14:00:00,1,0
10/02/05,14:30:00,0,0
10/02/05,15:00:00,1,2
10/02/05,15:30:00,2,0
10/02/05,16:00:00,1,1
10/02/05,16:30:00,3,1
10/02/05,17:00:00,0,1
10/02/05,17:30:00,0,2
10/02/05,18:00:00,1,0
10/02/05,18:30:00,1,2
10/02/05,19:00:00,0,0
10/02/05,19:30:00,1,1
10/02/05,20:00:00,0,0
10/02/05,20:30:00,4,0
10/02/05,21:00:00,0,0
10/02/05,21:30:00,0,0
10/02/05,22:00:00,0,0
10/02/05,22:30:00,0,2
10/02/05,23:00:00,0,0
10/02/05,23:30:00,0,1
10/03/05,00:00:00,0,0
10/03/05,00:30:00,0,1
10/03/05,01:00:00,0,0
10/03/05,01:30:00,0,2
10/03/05,02:00:00,0,0
10/03/05,02:30:00,0,0
10/03/05,03:00:00,0,0
10/03/05,03:30:00,0,0
10/03/05,04:00:00,0,0
10/03/05,04:30:00,0,0
10/03/05,05:00:00,0,0
10/03/05,05:30:00,4,2
10/03/05,06:00:00,2,1
10/03/05,06:30:00,1,0
10/03/05,07:00:00,1,0
10/03/05,07:30:00,1,1
10/03/05,08:00:00,3,2
10/03/05,08:30:00,3,0
10/03/05,09:00:00,5,3
10/03/05,09:30:00,15,3
10/03/05,10:00:00,18,6
10/03/05,10:30:00,13,4
10/03/05,11:00:00,18,12
10/03/05,11:30:00,8,9
10/03/05,12:00:00,8,33
10/03/05,12:30:00,8,9
10/03/05,13:00:00,18,8
10/03/05,13:30:00,24,9
10/03/05,14:00:00,15,10
10/03/05,14:30:00,19,14
10/03/05,15:00:00,23,15
10/03/05,15:30:00,62,52
10/03/05,16:00:00,55,49
10/03/05,16:30:00,13,20
10/03/05,17:00:00,8,16
10/03/05,17:30:00,6,23
10/03/05,18:00:00,3,8
10/03/05,18:30:00,1,4
10/03/05,19:00:00,1,2
10/03/05,19:30:00,1,2
10/03/05,20:00:00,0,1
10/03/05,20:30:00,3,2
10/03/05,21:00:00,0,0
10/03/05,21:30:00,1,1
10/03/05,22:00:00,2,2
10/03/05,22:30:00,0,0
10/03/05,23:00:00,0,1
10/03/05,23:30:00,0,0
10/04/05,00:00:00,0,3
10/04/05,00:30:00,0,0
10/04/05,01:00:00,0,0
10/04/05,01:30:00,0,0
10/04/05,02:00:00,0,0
10/04/05,02:30:00,0,0
10/04/05,03:00:00,0,0
10/04/05,03:30:00,0,0
10/04/05,04:00:00,0,0
10/04/05,04:30:00,0,0
10/04/05,05:00:00,0,0
10/04/05,05:30:00,1,1
10/04/05,06:00:00,5,6
10/04/05,06:30:00,3,1
10/04/05,07:00:00,5,7
10/04/05,07:30:00,2,2
10/04/05,08:00:00,2,2
10/04/05,08:30:00,10,1
10/04/05,09:00:00,5,3
10/04/05,09:30:00,20,4
10/04/05,10:00:00,23,9
10/04/05,10:30:00,16,12
10/04/05,11:00:00,22,17
10/04/05,11:30:00,14,24
10/04/05,12:00:00,36,14
10/04/05,12:30:00,29,16
10/04/05,13:00:00,29,11
10/04/05,13:30:00,23,34
10/04/05,14:00:00,19,30
10/04/05,14:30:00,16,10
10/04/05,15:00:00,18,15
10/04/05,15:30:00,20,20
10/04/05,16:00:00,10,12
10/04/05,16:30:00,9,10
10/04/05,17:00:00,4,19
10/04/05,17:30:00,3,10
10/04/05,18:00:00,3,15
10/04/05,18:30:00,8,6
10/04/05,19:00:00,1,2
10/04/05,19:30:00,0,1
10/04/05,20:00:00,6,7
10/04/05,20:30:00,2,1
10/04/05,21:00:00,0,1
10/04/05,21:30:00,0,0
10/04/05,22:00:00,2,3
10/04/05,22:30:00,0,0
10/04/05,23:00:00,1,2
10/04/05,23:30:00,0,4
10/05/05,00:00:00,2,1
10/05/05,00:30:00,0,0
10/05/05,01:00:00,1,1
10/05/05,01:30:00,0,0
10/05/05,02:00:00,0,0
10/05/05,02:30:00,0,0
10/05/05,03:00:00,0,2
10/05/05,03:30:00,0,0
10/05/05,04:00:00,0,0
10/05/05,04:30:00,0,0
10/05/05,05:00:00,0,0
10/05/05,05:30:00,1,2
10/05/05,06:00:00,1,0
10/05/05,06:30:00,0,4
10/05/05,07:00:00,5,2
10/05/05,07:30:00,1,0
10/05/05,08:00:00,2,2
10/05/05,08:30:00,5,1
10/05/05,09:00:00,8,1
10/05/05,09:30:00,14,7
10/05/05,10:00:00,12,1
10/05/05,10:30:00,12,10
10/05/05,11:00:00,16,14
10/05/05,11:30:00,13,10
10/05/05,12:00:00,24,26
10/05/05,12:30:00,10,10
10/05/05,13:00:00,19,7
10/05/05,13:30:00,18,7
10/05/05,14:00:00,13,15
10/05/05,14:30:00,16,8
10/05/05,15:00:00,13,14
10/05/05,15:30:00,11,17
10/05/05,16:00:00,15,12
10/05/05,16:30:00,13,14
10/05/05,17:00:00,6,10
10/05/05,17:30:00,7,9
10/05/05,18:00:00,4,8
10/05/05,18:30:00,0,9
10/05/05,19:00:00,6,4
10/05/05,19:30:00,9,5
10/05/05,20:00:00,0,1
10/05/05,20:30:00,1,3
10/05/05,21:00:00,3,3
10/05/05,21:30:00,0,0
10/05/05,22:00:00,0,3
10/05/05,22:30:00,1,1
10/05/05,23:00:00,0,1
10/05/05,23:30:00,0,0
10/06/05,00:00:00,0,1
10/06/05,00:30:00,0,1
10/06/05,01:00:00,0,0
10/06/05,01:30:00,0,0
10/06/05,02:00:00,0,0
10/06/05,02:30:00,0,0
10/06/05,03:00:00,0,0
10/06/05,03:30:00,0,1
10/06/05,04:00:00,0,1
10/06/05,04:30:00,0,0
10/06/05,05:00:00,0,0
10/06/05,05:30:00,0,0
10/06/05,06:00:00,0,0
10/06/05,06:30:00,2,2
10/06/05,07:00:00,0,0
10/06/05,07:30:00,4,2
10/06/05,08:00:00,1,1
10/06/05,08:30:00,2,0
10/06/05,09:00:00,11,2
10/06/05,09:30:00,12,3
10/06/05,10:00:00,12,6
10/06/05,10:30:00,8,4
10/06/05,11:00:00,10,7
10/06/05,11:30:00,7,7
10/06/05,12:00:00,7,12
10/06/05,12:30:00,14,16
10/06/05,13:00:00,19,5
10/06/05,13:30:00,24,20
10/06/05,14:00:00,22,16
10/06/05,14:30:00,11,13
10/06/05,15:00:00,15,10
10/06/05,15:30:00,13,19
10/06/05,16:00:00,10,9
10/06/05,16:30:00,12,15
10/06/05,17:00:00,10,14
10/06/05,17:30:00,9,6
10/06/05,18:00:00,1,8
10/06/05,18:30:00,0,13
10/06/05,19:00:00,0,1
10/06/05,19:30:00,0,4
10/06/05,20:00:00,4,5
10/06/05,20:30:00,0,9
10/06/05,21:00:00,0,0
10/06/05,21:30:00,0,1
10/06/05,22:00:00,0,3
10/06/05,22:30:00,0,0
10/06/05,23:00:00,0,4
10/06/05,23:30:00,0,2
10/07/05,00:00:00,0,0
10/07/05,00:30:00,0,0
10/07/05,01:00:00,0,0
10/07/05,01:30:00,0,1
10/07/05,02:00:00,0,0
10/07/05,02:30:00,0,0
10/07/05,03:00:00,0,0
10/07/05,03:30:00,0,0
10/07/05,04:00:00,0,0
10/07/05,04:30:00,0,0
10/07/05,05:00:00,0,1
10/07/05,05:30:00,0,1
10/07/05,06:00:00,0,0
10/07/05,06:30:00,5,2
10/07/05,07:00:00,2,2
10/07/05,07:30:00,1,0
10/07/05,08:00:00,11,12
10/07/05,08:30:00,6,5
10/07/05,09:00:00,25,7
10/07/05,09:30:00,23,9
10/07/05,10:00:00,25,24
10/07/05,10:30:00,18,11
10/07/05,11:00:00,14,20
10/07/05,11:30:00,18,11
10/07/05,12:00:00,21,22
10/07/05,12:30:00,7,10
10/07/05,13:00:00,17,18
10/07/05,13:30:00,25,13
10/07/05,14:00:00,38,21
10/07/05,14:30:00,5,15
10/07/05,15:00:00,11,17
10/07/05,15:30:00,5,11
10/07/05,16:00:00,9,5
10/07/05,16:30:00,10,8
10/07/05,17:00:00,5,16
10/07/05,17:30:00,5,14
10/07/05,18:00:00,0,7
10/07/05,18:30:00,0,2
10/07/05,19:00:00,0,5
10/07/05,19:30:00,0,3
10/07/05,20:00:00,0,1
10/07/05,20:30:00,0,0
10/07/05,21:00:00,0,1
10/07/05,21:30:00,0,0
10/07/05,22:00:00,0,0
10/07/05,22:30:00,0,5
10/07/05,23:00:00,0,0
10/07/05,23:30:00,0,0
10/08/05,00:00:00,0,0
10/08/05,00:30:00,0,2
10/08/05,01:00:00,0,0
10/08/05,01:30:00,0,0
10/08/05,02:00:00,0,0
10/08/05,02:30:00,0,0
10/08/05,03:00:00,0,1
10/08/05,03:30:00,0,0
10/08/05,04:00:00,0,0
10/08/05,04:30:00,0,0
10/08/05,05:00:00,0,0
10/08/05,05:30:00,0,0
10/08/05,06:00:00,0,0
10/08/05,06:30:00,0,0
10/08/05,07:00:00,0,0
10/08/05,07:30:00,0,0
10/08/05,08:00:00,0,0
10/08/05,08:30:00,0,0
10/08/05,09:00:00,0,0
10/08/05,09:30:00,0,0
10/08/05,10:00:00,0,0
10/08/05,10:30:00,0,0
10/08/05,11:00:00,0,2
10/08/05,11:30:00,0,0
10/08/05,12:00:00,0,1
10/08/05,12:30:00,0,1
10/08/05,13:00:00,0,0
10/08/05,13:30:00,0,0
10/08/05,14:00:00,0,1
10/08/05,14:30:00,0,2
10/08/05,15:00:00,0,1
10/08/05,15:30:00,0,2
10/08/05,16:00:00,0,2
10/08/05,16:30:00,0,0
10/08/05,17:00:00,0,1
10/08/05,17:30:00,0,1
10/08/05,18:00:00,0,4
10/08/05,18:30:00,0,0
10/08/05,19:00:00,0,0
10/08/05,19:30:00,0,0
10/08/05,20:00:00,0,1
10/08/05,20:30:00,0,0
10/08/05,21:00:00,0,0
10/08/05,21:30:00,0,1
10/08/05,22:00:00,0,0
10/08/05,22:30:00,0,0
10/08/05,23:00:00,0,0
10/08/05,23:30:00,0,0
10/09/05,00:00:00,0,0
10/09/05,00:30:00,0,0
10/09/05,01:00:00,0,0
10/09/05,01:30:00,0,0
10/09/05,02:00:00,0,0
10/09/05,02:30:00,0,0
10/09/05,03:00:00,0,0
10/09/05,03:30:00,0,0
10/09/05,04:00:00,0,0
10/09/05,04:30:00,0,1
10/09/05,05:00:00,0,0
10/09/05,05:30:00,0,0
10/09/05,06:00:00,0,0
10/09/05,06:30:00,0,0
10/09/05,07:00:00,0,0
10/09/05,07:30:00,0,0
10/09/05,08:00:00,0,0
10/09/05,08:30:00,0,0
10/09/05,09:00:00,0,0
10/09/05,09:30:00,0,0
10/09/05,10:00:00,0,0
10/09/05,10:30:00,0,0
10/09/05,11:00:00,0,0
10/09/05,11:30:00,0,1
10/09/05,12:00:00,0,0
10/09/05,12:30:00,0,1
10/09/05,13:00:00,0,1
10/09/05,13:30:00,2,2
10/09/05,14:00:00,0,0
10/09/05,14:30:00,0,2
10/09/05,15:00:00,0,0
10/09/05,15:30:00,0,1
10/09/05,16:00:00,0,4
10/09/05,16:30:00,0,1
10/09/05,17:00:00,0,3
10/09/05,17:30:00,0,2
10/09/05,18:00:00,0,1
10/09/05,18:30:00,0,2
10/09/05,19:00:00,0,1
10/09/05,19:30:00,0,3
10/09/05,20:00:00,0,0
10/09/05,20:30:00,0,1
10/09/05,21:00:00,0,3
10/09/05,21:30:00,0,0
10/09/05,22:00:00,0,0
10/09/05,22:30:00,0,3
10/09/05,23:00:00,0,1
10/09/05,23:30:00,0,0
10/10/05,00:00:00,0,0
10/10/05,00:30:00,0,0
10/10/05,01:00:00,0,0
10/10/05,01:30:00,0,0
10/10/05,02:00:00,0,0
10/10/05,02:30:00,0,0
10/10/05,03:00:00,0,0
10/10/05,03:30:00,0,0
10/10/05,04:00:00,0,0
10/10/05,04:30:00,0,0
10/10/05,05:00:00,1,1
10/10/05,05:30:00,0,0
10/10/05,06:00:00,0,2
10/10/05,06:30:00,0,0
10/10/05,07:00:00,5,2
10/10/05,07:30:00,2,2
10/10/05,08:00:00,1,0
10/10/05,08:30:00,1,0
10/10/05,09:00:00,8,0
10/10/05,09:30:00,9,2
10/10/05,10:00:00,18,9
10/10/05,10:30:00,11,11
10/10/05,11:00:00,10,8
10/10/05,11:30:00,9,6
10/10/05,12:00:00,12,22
10/10/05,12:30:00,6,4
10/10/05,13:00:00,20,7
10/10/05,13:30:00,17,14
10/10/05,14:00:00,22,8
10/10/05,14:30:00,11,8
10/10/05,15:00:00,24,6
10/10/05,15:30:00,13,12
10/10/05,16:00:00,15,17
10/10/05,16:30:00,27,23
10/10/05,17:00:00,25,19
10/10/05,17:30:00,6,14
10/10/05,18:00:00,3,16
10/10/05,18:30:00,0,8
10/10/05,19:00:00,4,27
10/10/05,19:30:00,0,10
10/10/05,20:00:00,0,2
10/10/05,20:30:00,0,0
10/10/05,21:00:00,0,3
10/10/05,21:30:00,0,0
10/10/05,22:00:00,0,1
10/10/05,22:30:00,0,2
10/10/05,23:00:00,0,1
10/10/05,23:30:00,0,1
10/11/05,00:00:00,2,2
10/11/05,00:30:00,0,1
10/11/05,01:00:00,0,0
10/11/05,01:30:00,0,0
10/11/05,02:00:00,0,1
10/11/05,02:30:00,0,0
10/11/05,03:00:00,0,0
10/11/05,03:30:00,0,0
10/11/05,04:00:00,0,0
10/11/05,04:30:00,0,0
10/11/05,05:00:00,1,1
10/11/05,05:30:00,0,0
10/11/05,06:00:00,0,0
10/11/05,06:30:00,2,0
10/11/05,07:00:00,2,0
10/11/05,07:30:00,3,1
10/11/05,08:00:00,0,0
10/11/05,08:30:00,3,0
10/11/05,09:00:00,14,4
10/11/05,09:30:00,10,1
10/11/05,10:00:00,25,8
10/11/05,10:30:00,7,7
10/11/05,11:00:00,19,14
10/11/05,11:30:00,10,15
10/11/05,12:00:00,8,20
10/11/05,12:30:00,24,18
10/11/05,13:00:00,25,11
10/11/05,13:30:00,20,18
10/11/05,14:00:00,17,18
10/11/05,14:30:00,15,13
10/11/05,15:00:00,7,7
10/11/05,15:30:00,15,13
10/11/05,16:00:00,11,4
10/11/05,16:30:00,8,11
10/11/05,17:00:00,14,8
10/11/05,17:30:00,5,18
10/11/05,18:00:00,0,13
10/11/05,18:30:00,0,9
10/11/05,19:00:00,0,7
10/11/05,19:30:00,2,3
10/11/05,20:00:00,0,3
10/11/05,20:30:00,0,4
10/11/05,21:00:00,0,1
10/11/05,21:30:00,0,2
10/11/05,22:00:00,0,1
10/11/05,22:30:00,0,1
10/11/05,23:00:00,0,0
10/11/05,23:30:00,0,3
10/12/05,00:00:00,0,3
10/12/05,00:30:00,0,0
10/12/05,01:00:00,0,0
10/12/05,01:30:00,0,1
10/12/05,02:00:00,0,0
10/12/05,02:30:00,0,0
10/12/05,03:00:00,0,0
10/12/05,03:30:00,0,0
10/12/05,04:00:00,0,0
10/12/05,04:30:00,0,0
10/12/05,05:00:00,0,0
10/12/05,05:30:00,0,0
10/12/05,06:00:00,0,0
10/12/05,06:30:00,0,1
10/12/05,07:00:00,0,1
10/12/05,07:30:00,0,0
10/12/05,08:00:00,0,2
10/12/05,08:30:00,3,0
10/12/05,09:00:00,4,5
10/12/05,09:30:00,1,2
10/12/05,10:00:00,5,13
10/12/05,10:30:00,11,4
10/12/05,11:00:00,11,4
10/12/05,11:30:00,20,9
10/12/05,12:00:00,14,17
10/12/05,12:30:00,11,15
10/12/05,13:00:00,13,11
10/12/05,13:30:00,20,11
10/12/05,14:00:00,11,6
10/12/05,14:30:00,14,8
10/12/05,15:00:00,17,15
10/12/05,15:30:00,14,13
10/12/05,16:00:00,17,12
10/12/05,16:30:00,10,7
10/12/05,17:00:00,4,10
10/12/05,17:30:00,5,12
10/12/05,18:00:00,6,11
10/12/05,18:30:00,3,8
10/12/05,19:00:00,0,3
10/12/05,19:30:00,1,3
10/12/05,20:00:00,1,3
10/12/05,20:30:00,0,5
10/12/05,21:00:00,0,0
10/12/05,21:30:00,2,1
10/12/05,22:00:00,0,0
10/12/05,22:30:00,0,0
10/12/05,23:00:00,0,2
10/12/05,23:30:00,0,4
10/13/05,00:00:00,0,0
10/13/05,00:30:00,0,2
10/13/05,01:00:00,0,0
10/13/05,01:30:00,0,1
10/13/05,02:00:00,0,0
10/13/05,02:30:00,0,0
10/13/05,03:00:00,0,1
10/13/05,03:30:00,0,0
10/13/05,04:00:00,0,0
10/13/05,04:30:00,0,0
10/13/05,05:00:00,0,0
10/13/05,05:30:00,1,1
10/13/05,06:00:00,0,1
10/13/05,06:30:00,0,0
10/13/05,07:00:00,0,0
10/13/05,07:30:00,1,0
10/13/05,08:00:00,1,0
10/13/05,08:30:00,6,1
10/13/05,09:00:00,9,1
10/13/05,09:30:00,9,4
10/13/05,10:00:00,6,7
10/13/05,10:30:00,13,7
10/13/05,11:00:00,15,6
10/13/05,11:30:00,6,6
10/13/05,12:00:00,7,19
10/13/05,12:30:00,8,5
10/13/05,13:00:00,18,13
10/13/05,13:30:00,22,13
10/13/05,14:00:00,15,12
10/13/05,14:30:00,10,8
10/13/05,15:00:00,9,8
10/13/05,15:30:00,22,15
10/13/05,16:00:00,10,14
10/13/05,16:30:00,7,13
10/13/05,17:00:00,11,15
10/13/05,17:30:00,9,10
10/13/05,18:00:00,5,11
10/13/05,18:30:00,2,11
10/13/05,19:00:00,0,0
10/13/05,19:30:00,0,2
10/13/05,20:00:00,0,6
10/13/05,20:30:00,0,4
10/13/05,21:00:00,2,2
10/13/05,21:30:00,0,1
10/13/05,22:00:00,0,0
10/13/05,22:30:00,0,1
10/13/05,23:00:00,0,2
10/13/05,23:30:00,0,3
10/14/05,00:00:00,0,2
10/14/05,00:30:00,0,1
10/14/05,01:00:00,0,1
10/14/05,01:30:00,0,0
10/14/05,02:00:00,0,0
10/14/05,02:30:00,0,0
10/14/05,03:00:00,0,0
10/14/05,03:30:00,0,1
10/14/05,04:00:00,0,0
10/14/05,04:30:00,0,0
10/14/05,05:00:00,0,0
10/14/05,05:30:00,0,0
10/14/05,06:00:00,0,1
10/14/05,06:30:00,0,0
10/14/05,07:00:00,0,1
10/14/05,07:30:00,0,0
10/14/05,08:00:00,3,8
10/14/05,08:30:00,6,2
10/14/05,09:00:00,29,13
10/14/05,09:30:00,28,19
10/14/05,10:00:00,16,19
10/14/05,10:30:00,16,3
10/14/05,11:00:00,31,15
10/14/05,11:30:00,12,25
10/14/05,12:00:00,27,21
10/14/05,12:30:00,11,8
10/14/05,13:00:00,22,8
10/14/05,13:30:00,24,20
10/14/05,14:00:00,20,16
10/14/05,14:30:00,16,13
10/14/05,15:00:00,15,21
10/14/05,15:30:00,10,9
10/14/05,16:00:00,10,9
10/14/05,16:30:00,11,6
10/14/05,17:00:00,6,16
10/14/05,17:30:00,2,11
10/14/05,18:00:00,0,9
10/14/05,18:30:00,0,6
10/14/05,19:00:00,0,3
10/14/05,19:30:00,0,2
10/14/05,20:00:00,0,0
10/14/05,20:30:00,0,2
10/14/05,21:00:00,0,1
10/14/05,21:30:00,0,0
10/14/05,22:00:00,0,0
10/14/05,22:30:00,0,1
10/14/05,23:00:00,0,4
10/14/05,23:30:00,0,0
10/15/05,00:00:00,0,0
10/15/05,00:30:00,0,0
10/15/05,01:00:00,0,0
10/15/05,01:30:00,0,0
10/15/05,02:00:00,0,0
10/15/05,02:30:00,0,0
10/15/05,03:00:00,0,0
10/15/05,03:30:00,0,0
10/15/05,04:00:00,0,0
10/15/05,04:30:00,0,0
10/15/05,05:00:00,0,0
10/15/05,05:30:00,0,0
10/15/05,06:00:00,0,0
10/15/05,06:30:00,0,0
10/15/05,07:00:00,0,0
10/15/05,07:30:00,0,0
10/15/05,08:00:00,0,0
10/15/05,08:30:00,0,0
10/15/05,09:00:00,0,0
10/15/05,09:30:00,0,0
10/15/05,10:00:00,0,0
10/15/05,10:30:00,0,0
10/15/05,11:00:00,0,0
10/15/05,11:30:00,0,0
10/15/05,12:00:00,1,2
10/15/05,12:30:00,0,2
10/15/05,13:00:00,0,0
10/15/05,13:30:00,0,0
10/15/05,14:00:00,0,3
10/15/05,14:30:00,0,2
10/15/05,15:00:00,0,1
10/15/05,15:30:00,0,0
10/15/05,16:00:00,0,2
10/15/05,16:30:00,0,1
10/15/05,17:00:00,0,1
10/15/05,17:30:00,0,3
10/15/05,18:00:00,0,2
10/15/05,18:30:00,0,0
10/15/05,19:00:00,0,1
10/15/05,19:30:00,0,0
10/15/05,20:00:00,0,0
10/15/05,20:30:00,0,0
10/15/05,21:00:00,0,0
10/15/05,21:30:00,0,0
10/15/05,22:00:00,0,0
10/15/05,22:30:00,0,0
10/15/05,23:00:00,0,0
10/15/05,23:30:00,0,1
10/16/05,00:00:00,0,3
10/16/05,00:30:00,0,0
10/16/05,01:00:00,0,0
10/16/05,01:30:00,0,0
10/16/05,02:00:00,0,0
10/16/05,02:30:00,0,1
10/16/05,03:00:00,0,0
10/16/05,03:30:00,0,0
10/16/05,04:00:00,0,0
10/16/05,04:30:00,0,0
10/16/05,05:00:00,0,0
10/16/05,05:30:00,0,0
10/16/05,06:00:00,0,0
10/16/05,06:30:00,0,0
10/16/05,07:00:00,6,5
10/16/05,07:30:00,0,1
10/16/05,08:00:00,0,0
10/16/05,08:30:00,0,0
10/16/05,09:00:00,0,0
10/16/05,09:30:00,0,0
10/16/05,10:00:00,0,2
10/16/05,10:30:00,0,0
10/16/05,11:00:00,0,0
10/16/05,11:30:00,0,2
10/16/05,12:00:00,0,0
10/16/05,12:30:00,0,0
10/16/05,13:00:00,0,0
10/16/05,13:30:00,0,1
10/16/05,14:00:00,0,0
10/16/05,14:30:00,0,2
10/16/05,15:00:00,0,0
10/16/05,15:30:00,0,3
10/16/05,16:00:00,0,0
10/16/05,16:30:00,0,5
10/16/05,17:00:00,0,0
10/16/05,17:30:00,0,3
10/16/05,18:00:00,0,2
10/16/05,18:30:00,0,1
10/16/05,19:00:00,0,0
10/16/05,19:30:00,0,1
10/16/05,20:00:00,0,0
10/16/05,20:30:00,0,4
10/16/05,21:00:00,4,6
10/16/05,21:30:00,0,0
10/16/05,22:00:00,0,0
10/16/05,22:30:00,0,1
10/16/05,23:00:00,0,0
10/16/05,23:30:00,0,0
10/17/05,00:00:00,0,0
10/17/05,00:30:00,0,0
10/17/05,01:00:00,0,1
10/17/05,01:30:00,0,0
10/17/05,02:00:00,0,0
10/17/05,02:30:00,0,0
10/17/05,03:00:00,0,0
10/17/05,03:30:00,0,0
10/17/05,04:00:00,0,0
10/17/05,04:30:00,0,0
10/17/05,05:00:00,0,0
10/17/05,05:30:00,1,1
10/17/05,06:00:00,0,0
10/17/05,06:30:00,0,0
10/17/05,07:00:00,2,0
10/17/05,07:30:00,1,2
10/17/05,08:00:00,4,0
10/17/05,08:30:00,2,0
10/17/05,09:00:00,13,3
10/17/05,09:30:00,9,1
10/17/05,10:00:00,16,2
10/17/05,10:30:00,17,7
10/17/05,11:00:00,14,7
10/17/05,11:30:00,18,8
10/17/05,12:00:00,20,19
10/17/05,12:30:00,14,13
10/17/05,13:00:00,17,14
10/17/05,13:30:00,18,16
10/17/05,14:00:00,16,8
10/17/05,14:30:00,19,10
10/17/05,15:00:00,10,15
10/17/05,15:30:00,16,11
10/17/05,16:00:00,12,14
10/17/05,16:30:00,7,16
10/17/05,17:00:00,9,5
10/17/05,17:30:00,13,19
10/17/05,18:00:00,3,11
10/17/05,18:30:00,1,2
10/17/05,19:00:00,1,9
10/17/05,19:30:00,1,4
10/17/05,20:00:00,0,1
10/17/05,20:30:00,0,4
10/17/05,21:00:00,0,4
10/17/05,21:30:00,0,1
10/17/05,22:00:00,0,1
10/17/05,22:30:00,0,2
10/17/05,23:00:00,0,2
10/17/05,23:30:00,0,0
10/18/05,00:00:00,0,0
10/18/05,00:30:00,0,2
10/18/05,01:00:00,0,1
10/18/05,01:30:00,0,0
10/18/05,02:00:00,0,1
10/18/05,02:30:00,0,0
10/18/05,03:00:00,0,0
10/18/05,03:30:00,0,0
10/18/05,04:00:00,0,1
10/18/05,04:30:00,0,0
10/18/05,05:00:00,0,0
10/18/05,05:30:00,1,1
10/18/05,06:00:00,0,0
10/18/05,06:30:00,0,0
10/18/05,07:00:00,0,0
10/18/05,07:30:00,0,1
10/18/05,08:00:00,3,4
10/18/05,08:30:00,4,1
10/18/05,09:00:00,11,4
10/18/05,09:30:00,11,3
10/18/05,10:00:00,14,2
10/18/05,10:30:00,10,9
10/18/05,11:00:00,19,12
10/18/05,11:30:00,6,7
10/18/05,12:00:00,7,21
10/18/05,12:30:00,16,13
10/18/05,13:00:00,21,7
10/18/05,13:30:00,13,13
10/18/05,14:00:00,9,9
10/18/05,14:30:00,20,8
10/18/05,15:00:00,18,13
10/18/05,15:30:00,15,9
10/18/05,16:00:00,16,9
10/18/05,16:30:00,8,10
10/18/05,17:00:00,5,24
10/18/05,17:30:00,6,9
10/18/05,18:00:00,0,15
10/18/05,18:30:00,0,12
10/18/05,19:00:00,0,2
10/18/05,19:30:00,0,3
10/18/05,20:00:00,0,2
10/18/05,20:30:00,0,1
10/18/05,21:00:00,0,0
10/18/05,21:30:00,0,0
10/18/05,22:00:00,1,3
10/18/05,22:30:00,0,1
10/18/05,23:00:00,0,1
10/18/05,23:30:00,0,0
10/19/05,00:00:00,0,0
10/19/05,00:30:00,0,0
10/19/05,01:00:00,0,0
10/19/05,01:30:00,0,0
10/19/05,02:00:00,0,0
10/19/05,02:30:00,0,0
10/19/05,03:00:00,0,0
10/19/05,03:30:00,0,0
10/19/05,04:00:00,0,0
10/19/05,04:30:00,0,0
10/19/05,05:00:00,0,0
10/19/05,05:30:00,0,0
10/19/05,06:00:00,0,0
10/19/05,06:30:00,0,0
10/19/05,07:00:00,0,0
10/19/05,07:30:00,5,1
10/19/05,08:00:00,3,2
10/19/05,08:30:00,6,0
10/19/05,09:00:00,12,6
10/19/05,09:30:00,12,4
10/19/05,10:00:00,16,6
10/19/05,10:30:00,10,7
10/19/05,11:00:00,14,16
10/19/05,11:30:00,15,9
10/19/05,12:00:00,17,19
10/19/05,12:30:00,11,17
10/19/05,13:00:00,22,6
10/19/05,13:30:00,16,8
10/19/05,14:00:00,14,18
10/19/05,14:30:00,16,8
10/19/05,15:00:00,20,15
10/19/05,15:30:00,15,14
10/19/05,16:00:00,19,8
10/19/05,16:30:00,10,2
10/19/05,17:00:00,8,7
10/19/05,17:30:00,5,27
10/19/05,18:00:00,4,10
10/19/05,18:30:00,3,11
10/19/05,19:00:00,1,10
10/19/05,19:30:00,0,4
10/19/05,20:00:00,0,5
10/19/05,20:30:00,0,2
10/19/05,21:00:00,0,2
10/19/05,21:30:00,0,0
10/19/05,22:00:00,1,7
10/19/05,22:30:00,14,17
10/19/05,23:00:00,6,6
10/19/05,23:30:00,0,1
10/20/05,00:00:00,0,0
10/20/05,00:30:00,0,0
10/20/05,01:00:00,0,3
10/20/05,01:30:00,0,0
10/20/05,02:00:00,0,0
10/20/05,02:30:00,0,0
10/20/05,03:00:00,0,0
10/20/05,03:30:00,0,0
10/20/05,04:00:00,0,1
10/20/05,04:30:00,0,0
10/20/05,05:00:00,0,0
10/20/05,05:30:00,1,1
10/20/05,06:00:00,0,0
10/20/05,06:30:00,0,0
10/20/05,07:00:00,0,0
10/20/05,07:30:00,1,0
10/20/05,08:00:00,1,0
10/20/05,08:30:00,8,1
10/20/05,09:00:00,14,3
10/20/05,09:30:00,18,6
10/20/05,10:00:00,14,8
10/20/05,10:30:00,11,12
10/20/05,11:00:00,13,13
10/20/05,11:30:00,8,11
10/20/05,12:00:00,6,15
10/20/05,12:30:00,7,9
10/20/05,13:00:00,18,6
10/20/05,13:30:00,17,10
10/20/05,14:00:00,20,16
10/20/05,14:30:00,5,6
10/20/05,15:00:00,19,13
10/20/05,15:30:00,9,12
10/20/05,16:00:00,5,6
10/20/05,16:30:00,9,12
10/20/05,17:00:00,6,13
10/20/05,17:30:00,4,10
10/20/05,18:00:00,0,10
10/20/05,18:30:00,0,4
10/20/05,19:00:00,1,7
10/20/05,19:30:00,2,3
10/20/05,20:00:00,3,1
10/20/05,20:30:00,0,1
10/20/05,21:00:00,0,4
10/20/05,21:30:00,0,2
10/20/05,22:00:00,0,0
10/20/05,22:30:00,0,2
10/20/05,23:00:00,0,0
10/20/05,23:30:00,0,1
10/21/05,00:00:00,0,1
10/21/05,00:30:00,0,0
10/21/05,01:00:00,0,0
10/21/05,01:30:00,0,1
10/21/05,02:00:00,0,1
10/21/05,02:30:00,0,0
10/21/05,03:00:00,0,0
10/21/05,03:30:00,0,0
10/21/05,04:00:00,0,1
10/21/05,04:30:00,0,0
10/21/05,05:00:00,1,2
10/21/05,05:30:00,0,0
10/21/05,06:00:00,1,0
10/21/05,06:30:00,0,2
10/21/05,07:00:00,0,0
10/21/05,07:30:00,2,1
10/21/05,08:00:00,5,2
10/21/05,08:30:00,9,4
10/21/05,09:00:00,18,5
10/21/05,09:30:00,21,10
10/21/05,10:00:00,29,20
10/21/05,10:30:00,16,10
10/21/05,11:00:00,25,12
10/21/05,11:30:00,18,12
10/21/05,12:00:00,15,22
10/21/05,12:30:00,16,9
10/21/05,13:00:00,19,21
10/21/05,13:30:00,24,25
10/21/05,14:00:00,27,15
10/21/05,14:30:00,14,8
10/21/05,15:00:00,8,13
10/21/05,15:30:00,14,12
10/21/05,16:00:00,9,16
10/21/05,16:30:00,9,12
10/21/05,17:00:00,6,13
10/21/05,17:30:00,7,23
10/21/05,18:00:00,1,5
10/21/05,18:30:00,0,4
10/21/05,19:00:00,0,3
10/21/05,19:30:00,0,4
10/21/05,20:00:00,0,0
10/21/05,20:30:00,0,0
10/21/05,21:00:00,0,2
10/21/05,21:30:00,0,0
10/21/05,22:00:00,0,1
10/21/05,22:30:00,0,0
10/21/05,23:00:00,0,1
10/21/05,23:30:00,0,1
10/22/05,00:00:00,0,2
10/22/05,00:30:00,0,0
10/22/05,01:00:00,0,0
10/22/05,01:30:00,0,1
10/22/05,02:00:00,0,0
10/22/05,02:30:00,0,0
10/22/05,03:00:00,0,0
10/22/05,03:30:00,0,0
10/22/05,04:00:00,0,1
10/22/05,04:30:00,0,0
10/22/05,05:00:00,0,1
10/22/05,05:30:00,0,0
10/22/05,06:00:00,0,0
10/22/05,06:30:00,0,0
10/22/05,07:00:00,0,0
10/22/05,07:30:00,0,0
10/22/05,08:00:00,0,0
10/22/05,08:30:00,0,0
10/22/05,09:00:00,0,0
10/22/05,09:30:00,0,0
10/22/05,10:00:00,0,0
10/22/05,10:30:00,0,0
10/22/05,11:00:00,0,0
10/22/05,11:30:00,0,1
10/22/05,12:00:00,0,0
10/22/05,12:30:00,0,0
10/22/05,13:00:00,0,1
10/22/05,13:30:00,0,0
10/22/05,14:00:00,0,0
10/22/05,14:30:00,0,1
10/22/05,15:00:00,0,4
10/22/05,15:30:00,0,1
10/22/05,16:00:00,0,1
10/22/05,16:30:00,0,0
10/22/05,17:00:00,0,2
10/22/05,17:30:00,0,2
10/22/05,18:00:00,1,2
10/22/05,18:30:00,0,1
10/22/05,19:00:00,0,0
10/22/05,19:30:00,0,2
10/22/05,20:00:00,0,0
10/22/05,20:30:00,0,0
10/22/05,21:00:00,0,0
10/22/05,21:30:00,0,0
10/22/05,22:00:00,0,0
10/22/05,22:30:00,0,0
10/22/05,23:00:00,0,1
10/22/05,23:30:00,0,2
10/23/05,00:00:00,0,0
10/23/05,00:30:00,0,0
10/23/05,01:00:00,0,0
10/23/05,01:30:00,0,0
10/23/05,02:00:00,0,0
10/23/05,02:30:00,0,0
10/23/05,03:00:00,0,0
10/23/05,03:30:00,0,0
10/23/05,04:00:00,0,1
10/23/05,04:30:00,0,0
10/23/05,05:00:00,0,0
10/23/05,05:30:00,0,0
10/23/05,06:00:00,0,0
10/23/05,06:30:00,0,0
10/23/05,07:00:00,0,0
10/23/05,07:30:00,0,0
10/23/05,08:00:00,0,0
10/23/05,08:30:00,0,0
10/23/05,09:00:00,0,0
10/23/05,09:30:00,0,0
10/23/05,10:00:00,0,0
10/23/05,10:30:00,0,0
10/23/05,11:00:00,0,0
10/23/05,11:30:00,0,0
10/23/05,12:00:00,0,0
10/23/05,12:30:00,0,0
10/23/05,13:00:00,0,0
10/23/05,13:30:00,0,0
10/23/05,14:00:00,0,1
10/23/05,14:30:00,0,0
10/23/05,15:00:00,1,3
10/23/05,15:30:00,0,2
10/23/05,16:00:00,0,1
10/23/05,16:30:00,0,2
10/23/05,17:00:00,0,2
10/23/05,17:30:00,0,3
10/23/05,18:00:00,0,6
10/23/05,18:30:00,0,1
10/23/05,19:00:00,0,1
10/23/05,19:30:00,0,0
10/23/05,20:00:00,0,2
10/23/05,20:30:00,2,1
10/23/05,21:00:00,19,18
10/23/05,21:30:00,0,0
10/23/05,22:00:00,5,12
10/23/05,22:30:00,0,0
10/23/05,23:00:00,0,1
10/23/05,23:30:00,0,0
10/24/05,00:00:00,0,0
10/24/05,00:30:00,0,1
10/24/05,01:00:00,0,1
10/24/05,01:30:00,0,0
10/24/05,02:00:00,0,0
10/24/05,02:30:00,0,1
10/24/05,03:00:00,0,0
10/24/05,03:30:00,0,0
10/24/05,04:00:00,0,0
10/24/05,04:30:00,0,0
10/24/05,05:00:00,0,0
10/24/05,05:30:00,0,0
10/24/05,06:00:00,0,1
10/24/05,06:30:00,0,3
10/24/05,07:00:00,5,5
10/24/05,07:30:00,2,0
10/24/05,08:00:00,5,1
10/24/05,08:30:00,13,4
10/24/05,09:00:00,7,1
10/24/05,09:30:00,7,1
10/24/05,10:00:00,13,6
10/24/05,10:30:00,12,9
10/24/05,11:00:00,21,12
10/24/05,11:30:00,12,12
10/24/05,12:00:00,11,19
10/24/05,12:30:00,19,15
10/24/05,13:00:00,25,17
10/24/05,13:30:00,17,11
10/24/05,14:00:00,15,7
10/24/05,14:30:00,20,10
10/24/05,15:00:00,12,12
10/24/05,15:30:00,14,13
10/24/05,16:00:00,7,12
10/24/05,16:30:00,7,21
10/24/05,17:00:00,12,14
10/24/05,17:30:00,23,20
10/24/05,18:00:00,24,27
10/24/05,18:30:00,23,15
10/24/05,19:00:00,24,43
10/24/05,19:30:00,10,20
10/24/05,20:00:00,50,12
10/24/05,20:30:00,12,27
10/24/05,21:00:00,2,18
10/24/05,21:30:00,0,36
10/24/05,22:00:00,0,1
10/24/05,22:30:00,0,2
10/24/05,23:00:00,0,0
10/24/05,23:30:00,0,4
10/25/05,00:00:00,0,1
10/25/05,00:30:00,0,1
10/25/05,01:00:00,0,3
10/25/05,01:30:00,0,0
10/25/05,02:00:00,0,0
10/25/05,02:30:00,0,0
10/25/05,03:00:00,0,1
10/25/05,03:30:00,0,1
10/25/05,04:00:00,0,0
10/25/05,04:30:00,0,0
10/25/05,05:00:00,1,2
10/25/05,05:30:00,0,0
10/25/05,06:00:00,0,0
10/25/05,06:30:00,0,0
10/25/05,07:00:00,0,0
10/25/05,07:30:00,0,0
10/25/05,08:00:00,7,0
10/25/05,08:30:00,2,2
10/25/05,09:00:00,12,4
10/25/05,09:30:00,17,2
10/25/05,10:00:00,28,10
10/25/05,10:30:00,13,10
10/25/05,11:00:00,8,14
10/25/05,11:30:00,14,15
10/25/05,12:00:00,11,18
10/25/05,12:30:00,16,11
10/25/05,13:00:00,23,14
10/25/05,13:30:00,32,22
10/25/05,14:00:00,12,13
10/25/05,14:30:00,25,12
10/25/05,15:00:00,20,15
10/25/05,15:30:00,20,10
10/25/05,16:00:00,6,9
10/25/05,16:30:00,10,17
10/25/05,17:00:00,8,17
10/25/05,17:30:00,5,6
10/25/05,18:00:00,4,16
10/25/05,18:30:00,0,4
10/25/05,19:00:00,0,3
10/25/05,19:30:00,3,7
10/25/05,20:00:00,1,5
10/25/05,20:30:00,0,1
10/25/05,21:00:00,0,2
10/25/05,21:30:00,0,0
10/25/05,22:00:00,0,5
10/25/05,22:30:00,1,1
10/25/05,23:00:00,0,2
10/25/05,23:30:00,0,0
10/26/05,00:00:00,0,1
10/26/05,00:30:00,0,3
10/26/05,01:00:00,0,0
10/26/05,01:30:00,0,1
10/26/05,02:00:00,0,0
10/26/05,02:30:00,0,0
10/26/05,03:00:00,0,0
10/26/05,03:30:00,0,0
10/26/05,04:00:00,0,0
10/26/05,04:30:00,0,1
10/26/05,05:00:00,0,0
10/26/05,05:30:00,1,1
10/26/05,06:00:00,0,0
10/26/05,06:30:00,0,0
10/26/05,07:00:00,2,2
10/26/05,07:30:00,0,0
10/26/05,08:00:00,1,0
10/26/05,08:30:00,4,0
10/26/05,09:00:00,12,4
10/26/05,09:30:00,10,1
10/26/05,10:00:00,31,4
10/26/05,10:30:00,12,17
10/26/05,11:00:00,14,15
10/26/05,11:30:00,15,6
10/26/05,12:00:00,13,22
10/26/05,12:30:00,17,15
10/26/05,13:00:00,20,17
10/26/05,13:30:00,23,10
10/26/05,14:00:00,15,13
10/26/05,14:30:00,9,13
10/26/05,15:00:00,15,8
10/26/05,15:30:00,16,9
10/26/05,16:00:00,6,10
10/26/05,16:30:00,7,15
10/26/05,17:00:00,8,15
10/26/05,17:30:00,5,13
10/26/05,18:00:00,1,8
10/26/05,18:30:00,0,5
10/26/05,19:00:00,2,5
10/26/05,19:30:00,0,6
10/26/05,20:00:00,0,6
10/26/05,20:30:00,0,1
10/26/05,21:00:00,0,0
10/26/05,21:30:00,0,2
10/26/05,22:00:00,0,0
10/26/05,22:30:00,0,1
10/26/05,23:00:00,0,1
10/26/05,23:30:00,0,1
10/27/05,00:00:00,0,0
10/27/05,00:30:00,0,2
10/27/05,01:00:00,0,0
10/27/05,01:30:00,0,0
10/27/05,02:00:00,0,0
10/27/05,02:30:00,0,2
10/27/05,03:00:00,0,1
10/27/05,03:30:00,0,1
10/27/05,04:00:00,0,0
10/27/05,04:30:00,0,0
10/27/05,05:00:00,0,0
10/27/05,05:30:00,0,1
10/27/05,06:00:00,0,0
10/27/05,06:30:00,0,0
10/27/05,07:00:00,0,0
10/27/05,07:30:00,2,0
10/27/05,08:00:00,1,3
10/27/05,08:30:00,5,1
10/27/05,09:00:00,5,1
10/27/05,09:30:00,12,1
10/27/05,10:00:00,6,5
10/27/05,10:30:00,6,4
10/27/05,11:00:00,11,9
10/27/05,11:30:00,9,7
10/27/05,12:00:00,10,12
10/27/05,12:30:00,10,8
10/27/05,13:00:00,22,3
10/27/05,13:30:00,22,15
10/27/05,14:00:00,8,12
10/27/05,14:30:00,16,14
10/27/05,15:00:00,11,7
10/27/05,15:30:00,14,13
10/27/05,16:00:00,12,10
10/27/05,16:30:00,10,17
10/27/05,17:00:00,15,16
10/27/05,17:30:00,6,13
10/27/05,18:00:00,1,12
10/27/05,18:30:00,1,7
10/27/05,19:00:00,0,0
10/27/05,19:30:00,0,3
10/27/05,20:00:00,1,2
10/27/05,20:30:00,0,2
10/27/05,21:00:00,0,1
10/27/05,21:30:00,0,3
10/27/05,22:00:00,0,2
10/27/05,22:30:00,0,1
10/27/05,23:00:00,0,2
10/27/05,23:30:00,0,1
10/28/05,00:00:00,0,0
10/28/05,00:30:00,0,1
10/28/05,01:00:00,0,0
10/28/05,01:30:00,0,0
10/28/05,02:00:00,0,0
10/28/05,02:30:00,0,0
10/28/05,03:00:00,0,0
10/28/05,03:30:00,0,0
10/28/05,04:00:00,0,0
10/28/05,04:30:00,0,0
10/28/05,05:00:00,0,0
10/28/05,05:30:00,1,1
10/28/05,06:00:00,0,0
10/28/05,06:30:00,1,1
10/28/05,07:00:00,3,2
10/28/05,07:30:00,0,0
10/28/05,08:00:00,4,1
10/28/05,08:30:00,8,4
10/28/05,09:00:00,18,12
10/28/05,09:30:00,32,7
10/28/05,10:00:00,23,33
10/28/05,10:30:00,21,18
10/28/05,11:00:00,9,7
10/28/05,11:30:00,8,3
10/28/05,12:00:00,22,18
10/28/05,12:30:00,11,10
10/28/05,13:00:00,25,12
10/28/05,13:30:00,14,9
10/28/05,14:00:00,29,15
10/28/05,14:30:00,13,20
10/28/05,15:00:00,8,20
10/28/05,15:30:00,19,11
10/28/05,16:00:00,6,10
10/28/05,16:30:00,15,5
10/28/05,17:00:00,3,13
10/28/05,17:30:00,1,9
10/28/05,18:00:00,1,11
10/28/05,18:30:00,0,3
10/28/05,19:00:00,0,2
10/28/05,19:30:00,0,2
10/28/05,20:00:00,0,0
10/28/05,20:30:00,0,5
10/28/05,21:00:00,0,0
10/28/05,21:30:00,0,3
10/28/05,22:00:00,0,1
10/28/05,22:30:00,0,0
10/28/05,23:00:00,1,3
10/28/05,23:30:00,0,2
10/29/05,00:00:00,0,0
10/29/05,00:30:00,0,0
10/29/05,01:00:00,0,1
10/29/05,01:30:00,0,0
10/29/05,02:00:00,0,0
10/29/05,02:30:00,0,0
10/29/05,03:00:00,0,0
10/29/05,03:30:00,0,0
10/29/05,04:00:00,0,1
10/29/05,04:30:00,0,0
10/29/05,05:00:00,0,0
10/29/05,05:30:00,0,0
10/29/05,06:00:00,0,0
10/29/05,06:30:00,0,0
10/29/05,07:00:00,0,0
10/29/05,07:30:00,0,0
10/29/05,08:00:00,0,0
10/29/05,08:30:00,0,0
10/29/05,09:00:00,0,0
10/29/05,09:30:00,0,0
10/29/05,10:00:00,0,0
10/29/05,10:30:00,0,0
10/29/05,11:00:00,0,0
10/29/05,11:30:00,0,0
10/29/05,12:00:00,0,0
10/29/05,12:30:00,0,0
10/29/05,13:00:00,0,0
10/29/05,13:30:00,0,0
10/29/05,14:00:00,0,2
10/29/05,14:30:00,0,1
10/29/05,15:00:00,0,0
10/29/05,15:30:00,0,0
10/29/05,16:00:00,0,3
10/29/05,16:30:00,0,3
10/29/05,17:00:00,0,1
10/29/05,17:30:00,0,1
10/29/05,18:00:00,0,3
10/29/05,18:30:00,0,0
10/29/05,19:00:00,0,1
10/29/05,19:30:00,0,3
10/29/05,20:00:00,0,0
10/29/05,20:30:00,0,5
10/29/05,21:00:00,0,1
10/29/05,21:30:00,0,0
10/29/05,22:00:00,0,0
10/29/05,22:30:00,0,1
10/29/05,23:00:00,0,1
10/29/05,23:30:00,0,0
10/30/05,00:00:00,0,0
10/30/05,00:30:00,0,2
10/30/05,01:00:00,0,0
10/30/05,01:30:00,0,0
10/30/05,02:00:00,0,2
10/30/05,02:30:00,0,0
10/30/05,03:00:00,0,0
10/30/05,03:30:00,0,0
10/30/05,04:00:00,0,0
10/30/05,04:30:00,0,0
10/30/05,05:00:00,0,1
10/30/05,05:30:00,0,0
10/30/05,06:00:00,0,0
10/30/05,06:30:00,0,0
10/30/05,07:00:00,0,0
10/30/05,07:30:00,0,0
10/30/05,08:00:00,0,0
10/30/05,08:30:00,0,0
10/30/05,09:00:00,0,2
10/30/05,09:30:00,0,0
10/30/05,10:00:00,0,0
10/30/05,10:30:00,0,0
10/30/05,11:00:00,0,1
10/30/05,11:30:00,0,0
10/30/05,12:00:00,0,0
10/30/05,12:30:00,0,0
10/30/05,13:00:00,0,0
10/30/05,13:30:00,0,1
10/30/05,14:00:00,0,0
10/30/05,14:30:00,0,0
10/30/05,15:00:00,0,0
10/30/05,15:30:00,0,0
10/30/05,16:00:00,0,0
10/30/05,16:30:00,0,0
10/30/05,17:00:00,0,2
10/30/05,17:30:00,0,0
10/30/05,18:00:00,0,2
10/30/05,18:30:00,0,1
10/30/05,19:00:00,0,0
10/30/05,19:30:00,0,1
10/30/05,20:00:00,0,3
10/30/05,20:30:00,1,1
10/30/05,21:00:00,0,0
10/30/05,21:30:00,0,1
10/30/05,22:00:00,0,0
10/30/05,22:30:00,0,1
10/30/05,23:00:00,0,0
10/30/05,23:30:00,0,0
10/31/05,00:00:00,0,0
10/31/05,00:30:00,0,0
10/31/05,01:00:00,0,0
10/31/05,01:30:00,0,0
10/31/05,02:00:00,0,0
10/31/05,02:30:00,0,0
10/31/05,03:00:00,0,0
10/31/05,03:30:00,0,0
10/31/05,04:00:00,0,0
10/31/05,04:30:00,0,0
10/31/05,05:00:00,0,0
10/31/05,05:30:00,0,1
10/31/05,06:00:00,0,0
10/31/05,06:30:00,0,0
10/31/05,07:00:00,0,2
10/31/05,07:30:00,1,0
10/31/05,08:00:00,3,0
10/31/05,08:30:00,2,1
10/31/05,09:00:00,2,1
10/31/05,09:30:00,20,1
10/31/05,10:00:00,12,2
10/31/05,10:30:00,7,1
10/31/05,11:00:00,11,5
10/31/05,11:30:00,19,19
10/31/05,12:00:00,21,14
10/31/05,12:30:00,9,4
10/31/05,13:00:00,4,20
10/31/05,13:30:00,9,12
10/31/05,14:00:00,22,11
10/31/05,14:30:00,23,5
10/31/05,15:00:00,21,10
10/31/05,15:30:00,11,9
10/31/05,16:00:00,22,22
10/31/05,16:30:00,23,17
10/31/05,17:00:00,13,23
10/31/05,17:30:00,13,20
10/31/05,18:00:00,8,25
10/31/05,18:30:00,7,23
10/31/05,19:00:00,1,19
10/31/05,19:30:00,0,9
10/31/05,20:00:00,0,5
10/31/05,20:30:00,0,5
10/31/05,21:00:00,0,3
10/31/05,21:30:00,0,4
10/31/05,22:00:00,0,1
10/31/05,22:30:00,0,1
10/31/05,23:00:00,0,2
10/31/05,23:30:00,0,1
11/01/05,00:00:00,0,3
11/01/05,00:30:00,0,1
11/01/05,01:00:00,2,2
11/01/05,01:30:00,0,2
11/01/05,02:00:00,0,1
11/01/05,02:30:00,0,0
11/01/05,03:00:00,0,0
11/01/05,03:30:00,0,1
11/01/05,04:00:00,0,0
11/01/05,04:30:00,0,0
11/01/05,05:00:00,0,0
11/01/05,05:30:00,0,0
11/01/05,06:00:00,0,0
11/01/05,06:30:00,0,0
11/01/05,07:00:00,2,2
11/01/05,07:30:00,0,0
11/01/05,08:00:00,3,5
11/01/05,08:30:00,1,0
11/01/05,09:00:00,11,2
11/01/05,09:30:00,18,6
11/01/05,10:00:00,14,4
11/01/05,10:30:00,11,7
11/01/05,11:00:00,19,5
11/01/05,11:30:00,14,7
11/01/05,12:00:00,20,10
11/01/05,12:30:00,10,28
11/01/05,13:00:00,11,22
11/01/05,13:30:00,12,10
11/01/05,14:00:00,13,17
11/01/05,14:30:00,19,9
11/01/05,15:00:00,16,5
11/01/05,15:30:00,10,7
11/01/05,16:00:00,27,11
11/01/05,16:30:00,18,11
11/01/05,17:00:00,11,20
11/01/05,17:30:00,11,13
11/01/05,18:00:00,23,22
11/01/05,18:30:00,28,42
11/01/05,19:00:00,22,29
11/01/05,19:30:00,41,24
11/01/05,20:00:00,53,37
11/01/05,20:30:00,34,54
11/01/05,21:00:00,46,40
11/01/05,21:30:00,28,54
11/01/05,22:00:00,16,18
11/01/05,22:30:00,5,8
11/01/05,23:00:00,4,3
11/01/05,23:30:00,1,4
11/02/05,00:00:00,0,2
11/02/05,00:30:00,0,2
11/02/05,01:00:00,0,0
11/02/05,01:30:00,0,0
11/02/05,02:00:00,0,0
11/02/05,02:30:00,0,0
11/02/05,03:00:00,0,1
11/02/05,03:30:00,0,0
11/02/05,04:00:00,0,0
11/02/05,04:30:00,0,0
11/02/05,05:00:00,0,0
11/02/05,05:30:00,0,1
11/02/05,06:00:00,0,0
11/02/05,06:30:00,3,3
11/02/05,07:00:00,0,0
11/02/05,07:30:00,0,0
11/02/05,08:00:00,3,4
11/02/05,08:30:00,4,0
11/02/05,09:00:00,6,7
11/02/05,09:30:00,19,2
11/02/05,10:00:00,9,1
11/02/05,10:30:00,8,2
11/02/05,11:00:00,12,6
11/02/05,11:30:00,11,3
11/02/05,12:00:00,14,14
11/02/05,12:30:00,20,12
11/02/05,13:00:00,15,29
11/02/05,13:30:00,14,14
11/02/05,14:00:00,40,11
11/02/05,14:30:00,17,28
11/02/05,15:00:00,12,7
11/02/05,15:30:00,10,8
11/02/05,16:00:00,11,14
11/02/05,16:30:00,26,11
11/02/05,17:00:00,34,16
11/02/05,17:30:00,8,26
11/02/05,18:00:00,11,16
11/02/05,18:30:00,2,28
11/02/05,19:00:00,1,14
11/02/05,19:30:00,0,11
11/02/05,20:00:00,0,5
11/02/05,20:30:00,0,2
11/02/05,21:00:00,0,1
11/02/05,21:30:00,0,3
11/02/05,22:00:00,1,1
11/02/05,22:30:00,2,0
11/02/05,23:00:00,0,1
11/02/05,23:30:00,0,2
11/03/05,00:00:00,0,0
11/03/05,00:30:00,0,3
11/03/05,01:00:00,0,3
11/03/05,01:30:00,0,0
11/03/05,02:00:00,0,0
11/03/05,02:30:00,0,0
11/03/05,03:00:00,0,0
11/03/05,03:30:00,0,0
11/03/05,04:00:00,0,0
11/03/05,04:30:00,0,0
11/03/05,05:00:00,0,0
11/03/05,05:30:00,0,0
11/03/05,06:00:00,1,0
11/03/05,06:30:00,1,2
11/03/05,07:00:00,0,0
11/03/05,07:30:00,0,0
11/03/05,08:00:00,0,0
11/03/05,08:30:00,1,0
11/03/05,09:00:00,13,4
11/03/05,09:30:00,9,3
11/03/05,10:00:00,10,1
11/03/05,10:30:00,16,8
11/03/05,11:00:00,14,4
11/03/05,11:30:00,13,6
11/03/05,12:00:00,17,16
11/03/05,12:30:00,14,27
11/03/05,13:00:00,9,28
11/03/05,13:30:00,9,18
11/03/05,14:00:00,18,6
11/03/05,14:30:00,13,9
11/03/05,15:00:00,14,10
11/03/05,15:30:00,12,7
11/03/05,16:00:00,12,11
11/03/05,16:30:00,13,10
11/03/05,17:00:00,7,6
11/03/05,17:30:00,7,13
11/03/05,18:00:00,10,13
11/03/05,18:30:00,4,13
11/03/05,19:00:00,1,6
11/03/05,19:30:00,1,7
11/03/05,20:00:00,0,2
11/03/05,20:30:00,0,2
11/03/05,21:00:00,1,3
11/03/05,21:30:00,0,4
11/03/05,22:00:00,0,2
11/03/05,22:30:00,0,1
11/03/05,23:00:00,0,2
11/03/05,23:30:00,0,2
11/04/05,00:00:00,0,2
11/04/05,00:30:00,0,7
11/04/05,01:00:00,0,0
11/04/05,01:30:00,0,0
11/04/05,02:00:00,0,1
11/04/05,02:30:00,0,0
11/04/05,03:00:00,0,1
11/04/05,03:30:00,0,0
11/04/05,04:00:00,0,1
11/04/05,04:30:00,0,0
11/04/05,05:00:00,0,0
11/04/05,05:30:00,0,0
11/04/05,06:00:00,0,0
11/04/05,06:30:00,0,0
11/04/05,07:00:00,2,2
11/04/05,07:30:00,0,0
11/04/05,08:00:00,0,0
11/04/05,08:30:00,9,7
11/04/05,09:00:00,3,2
11/04/05,09:30:00,11,3
11/04/05,10:00:00,20,6
11/04/05,10:30:00,33,10
11/04/05,11:00:00,50,33
11/04/05,11:30:00,14,22
11/04/05,12:00:00,19,22
11/04/05,12:30:00,24,6
11/04/05,13:00:00,28,10
11/04/05,13:30:00,10,10
11/04/05,14:00:00,20,26
11/04/05,14:30:00,31,27
11/04/05,15:00:00,27,20
11/04/05,15:30:00,16,13
11/04/05,16:00:00,14,28
11/04/05,16:30:00,16,12
11/04/05,17:00:00,17,9
11/04/05,17:30:00,14,12
11/04/05,18:00:00,2,23
11/04/05,18:30:00,4,6
11/04/05,19:00:00,0,8
11/04/05,19:30:00,0,3
11/04/05,20:00:00,0,5
11/04/05,20:30:00,0,2
11/04/05,21:00:00,0,1
11/04/05,21:30:00,0,2
11/04/05,22:00:00,0,0
11/04/05,22:30:00,0,1
11/04/05,23:00:00,0,1
11/04/05,23:30:00,0,1
11/05/05,00:00:00,0,0
11/05/05,00:30:00,0,1
11/05/05,01:00:00,0,0
11/05/05,01:30:00,0,2
11/05/05,02:00:00,0,0
11/05/05,02:30:00,0,0
11/05/05,03:00:00,0,0
11/05/05,03:30:00,0,0
11/05/05,04:00:00,0,0
11/05/05,04:30:00,0,0
11/05/05,05:00:00,0,0
11/05/05,05:30:00,0,0
11/05/05,06:00:00,0,0
11/05/05,06:30:00,0,0
11/05/05,07:00:00,0,0
11/05/05,07:30:00,0,0
11/05/05,08:00:00,0,0
11/05/05,08:30:00,0,0
11/05/05,09:00:00,0,0
11/05/05,09:30:00,0,0
11/05/05,10:00:00,0,0
11/05/05,10:30:00,0,1
11/05/05,11:00:00,0,5
11/05/05,11:30:00,0,0
11/05/05,12:00:00,0,0
11/05/05,12:30:00,2,1
11/05/05,13:00:00,0,1
11/05/05,13:30:00,0,1
11/05/05,14:00:00,0,0
11/05/05,14:30:00,0,0
11/05/05,15:00:00,0,0
11/05/05,15:30:00,0,3
11/05/05,16:00:00,0,0
11/05/05,16:30:00,2,1
11/05/05,17:00:00,0,1
11/05/05,17:30:00,0,0
11/05/05,18:00:00,0,1
11/05/05,18:30:00,0,0
11/05/05,19:00:00,0,2
11/05/05,19:30:00,0,1
11/05/05,20:00:00,0,1
11/05/05,20:30:00,0,2
11/05/05,21:00:00,0,0
11/05/05,21:30:00,0,0
11/05/05,22:00:00,0,3
11/05/05,22:30:00,0,0
11/05/05,23:00:00,0,0
11/05/05,23:30:00,0,1
