date,time,inflow,outflow,hour,minute,day_of_week,is_weekend,total_flow,next_flow
07/24/05,00:00:00,0,0,0,0,6,1,0,1.0
07/24/05,00:30:00,0,1,0,30,6,1,1,0.0
07/24/05,01:00:00,0,0,1,0,6,1,0,0.0
07/24/05,01:30:00,0,0,1,30,6,1,0,0.0
07/24/05,02:00:00,0,0,2,0,6,1,0,2.0
07/24/05,02:30:00,0,2,2,30,6,1,2,0.0
07/24/05,03:00:00,0,0,3,0,6,1,0,0.0
07/24/05,03:30:00,0,0,3,30,6,1,0,0.0
07/24/05,04:00:00,0,0,4,0,6,1,0,0.0
07/24/05,04:30:00,0,0,4,30,6,1,0,0.0
07/24/05,05:00:00,0,0,5,0,6,1,0,0.0
07/24/05,05:30:00,0,0,5,30,6,1,0,0.0
07/24/05,06:00:00,0,0,6,0,6,1,0,0.0
07/24/05,06:30:00,0,0,6,30,6,1,0,0.0
07/24/05,07:00:00,0,0,7,0,6,1,0,5.0
07/24/05,07:30:00,3,2,7,30,6,1,5,0.0
07/24/05,08:00:00,0,0,8,0,6,1,0,0.0
07/24/05,08:30:00,0,0,8,30,6,1,0,1.0
07/24/05,09:00:00,1,0,9,0,6,1,1,2.0
07/24/05,09:30:00,1,1,9,30,6,1,2,0.0
07/24/05,10:00:00,0,0,10,0,6,1,0,0.0
07/24/05,10:30:00,0,0,10,30,6,1,0,1.0
07/24/05,11:00:00,0,1,11,0,6,1,1,0.0
07/24/05,11:30:00,0,0,11,30,6,1,0,0.0
07/24/05,12:00:00,0,0,12,0,6,1,0,0.0
07/24/05,12:30:00,0,0,12,30,6,1,0,0.0
07/24/05,13:00:00,0,0,13,0,6,1,0,0.0
07/24/05,13:30:00,0,0,13,30,6,1,0,0.0
07/24/05,14:00:00,0,0,14,0,6,1,0,0.0
07/24/05,14:30:00,0,0,14,30,6,1,0,0.0
07/24/05,15:00:00,0,0,15,0,6,1,0,2.0
07/24/05,15:30:00,2,0,15,30,6,1,2,0.0
07/24/05,16:00:00,0,0,16,0,6,1,0,1.0
07/24/05,16:30:00,1,0,16,30,6,1,1,2.0
07/24/05,17:00:00,1,1,17,0,6,1,2,3.0
07/24/05,17:30:00,1,2,17,30,6,1,3,8.0
07/24/05,18:00:00,4,4,18,0,6,1,8,1.0
07/24/05,18:30:00,0,1,18,30,6,1,1,2.0
07/24/05,19:00:00,0,2,19,0,6,1,2,3.0
07/24/05,19:30:00,2,1,19,30,6,1,3,0.0
07/24/05,20:00:00,0,0,20,0,6,1,0,0.0
07/24/05,20:30:00,0,0,20,30,6,1,0,3.0
07/24/05,21:00:00,0,3,21,0,6,1,3,2.0
07/24/05,21:30:00,0,2,21,30,6,1,2,0.0
07/24/05,22:00:00,0,0,22,0,6,1,0,0.0
07/24/05,22:30:00,0,0,22,30,6,1,0,2.0
07/24/05,23:00:00,0,2,23,0,6,1,2,0.0
07/24/05,23:30:00,0,0,23,30,6,1,0,1.0
07/25/05,00:00:00,0,1,0,0,0,0,1,0.0
07/25/05,00:30:00,0,0,0,30,0,0,0,0.0
07/25/05,01:00:00,0,0,1,0,0,0,0,0.0
07/25/05,01:30:00,0,0,1,30,0,0,0,0.0
07/25/05,02:00:00,0,0,2,0,0,0,0,0.0
07/25/05,02:30:00,0,0,2,30,0,0,0,0.0
07/25/05,03:00:00,0,0,3,0,0,0,0,0.0
07/25/05,03:30:00,0,0,3,30,0,0,0,0.0
07/25/05,04:00:00,0,0,4,0,0,0,0,0.0
07/25/05,04:30:00,0,0,4,30,0,0,0,2.0
07/25/05,05:00:00,0,2,5,0,0,0,2,4.0
07/25/05,05:30:00,2,2,5,30,0,0,4,3.0
07/25/05,06:00:00,2,1,6,0,0,0,3,2.0
07/25/05,06:30:00,1,1,6,30,0,0,2,2.0
07/25/05,07:00:00,2,0,7,0,0,0,2,0.0
07/25/05,07:30:00,0,0,7,30,0,0,0,0.0
07/25/05,08:00:00,0,0,8,0,0,0,0,9.0
07/25/05,08:30:00,7,2,8,30,0,0,9,7.0
07/25/05,09:00:00,6,1,9,0,0,0,7,18.0
07/25/05,09:30:00,13,5,9,30,0,0,18,20.0
07/25/05,10:00:00,16,4,10,0,0,0,20,14.0
07/25/05,10:30:00,5,9,10,30,0,0,14,4.0
07/25/05,11:00:00,3,1,11,0,0,0,4,12.0
07/25/05,11:30:00,5,7,11,30,0,0,12,20.0
07/25/05,12:00:00,9,11,12,0,0,0,20,6.0
07/25/05,12:30:00,2,4,12,30,0,0,6,19.0
07/25/05,13:00:00,12,7,13,0,0,0,19,21.0
07/25/05,13:30:00,18,3,13,30,0,0,21,24.0
07/25/05,14:00:00,10,14,14,0,0,0,24,14.0
07/25/05,14:30:00,7,7,14,30,0,0,14,27.0
07/25/05,15:00:00,17,10,15,0,0,0,27,16.0
07/25/05,15:30:00,10,6,15,30,0,0,16,21.0
07/25/05,16:00:00,8,13,16,0,0,0,21,13.0
07/25/05,16:30:00,5,8,16,30,0,0,13,9.0
07/25/05,17:00:00,0,9,17,0,0,0,9,6.0
07/25/05,17:30:00,3,3,17,30,0,0,6,7.0
07/25/05,18:00:00,1,6,18,0,0,0,7,5.0
07/25/05,18:30:00,0,5,18,30,0,0,5,6.0
07/25/05,19:00:00,4,2,19,0,0,0,6,8.0
07/25/05,19:30:00,3,5,19,30,0,0,8,1.0
07/25/05,20:00:00,0,1,20,0,0,0,1,3.0
07/25/05,20:30:00,0,3,20,30,0,0,3,3.0
07/25/05,21:00:00,3,0,21,0,0,0,3,2.0
07/25/05,21:30:00,2,0,21,30,0,0,2,1.0
07/25/05,22:00:00,0,1,22,0,0,0,1,2.0
07/25/05,22:30:00,0,2,22,30,0,0,2,3.0
07/25/05,23:00:00,0,3,23,0,0,0,3,3.0
07/25/05,23:30:00,0,3,23,30,0,0,3,0.0
07/26/05,00:00:00,0,0,0,0,1,0,0,4.0
07/26/05,00:30:00,0,4,0,30,1,0,4,0.0
07/26/05,01:00:00,0,0,1,0,1,0,0,2.0
07/26/05,01:30:00,0,2,1,30,1,0,2,0.0
07/26/05,02:00:00,0,0,2,0,1,0,0,0.0
07/26/05,02:30:00,0,0,2,30,1,0,0,0.0
07/26/05,03:00:00,0,0,3,0,1,0,0,0.0
07/26/05,03:30:00,0,0,3,30,1,0,0,0.0
07/26/05,04:00:00,0,0,4,0,1,0,0,0.0
07/26/05,04:30:00,0,0,4,30,1,0,0,0.0
07/26/05,05:00:00,0,0,5,0,1,0,0,5.0
07/26/05,05:30:00,2,3,5,30,1,0,5,3.0
07/26/05,06:00:00,3,0,6,0,1,0,3,3.0
07/26/05,06:30:00,2,1,6,30,1,0,3,5.0
07/26/05,07:00:00,5,0,7,0,1,0,5,0.0
07/26/05,07:30:00,0,0,7,30,1,0,0,4.0
07/26/05,08:00:00,2,2,8,0,1,0,4,11.0
07/26/05,08:30:00,5,6,8,30,1,0,11,8.0
07/26/05,09:00:00,6,2,9,0,1,0,8,8.0
07/26/05,09:30:00,6,2,9,30,1,0,8,11.0
07/26/05,10:00:00,7,4,10,0,1,0,11,40.0
07/26/05,10:30:00,22,18,10,30,1,0,40,17.0
07/26/05,11:00:00,9,8,11,0,1,0,17,35.0
07/26/05,11:30:00,26,9,11,30,1,0,35,21.0
07/26/05,12:00:00,13,8,12,0,1,0,21,9.0
07/26/05,12:30:00,3,6,12,30,1,0,9,37.0
07/26/05,13:00:00,12,25,13,0,1,0,37,24.0
07/26/05,13:30:00,12,12,13,30,1,0,24,24.0
07/26/05,14:00:00,11,13,14,0,1,0,24,23.0
07/26/05,14:30:00,11,12,14,30,1,0,23,29.0
07/26/05,15:00:00,18,11,15,0,1,0,29,11.0
07/26/05,15:30:00,7,4,15,30,1,0,11,13.0
07/26/05,16:00:00,5,8,16,0,1,0,13,11.0
07/26/05,16:30:00,7,4,16,30,1,0,11,23.0
07/26/05,17:00:00,6,17,17,0,1,0,23,15.0
07/26/05,17:30:00,5,10,17,30,1,0,15,11.0
07/26/05,18:00:00,3,8,18,0,1,0,11,9.0
07/26/05,18:30:00,3,6,18,30,1,0,9,9.0
07/26/05,19:00:00,2,7,19,0,1,0,9,3.0
07/26/05,19:30:00,2,1,19,30,1,0,3,2.0
07/26/05,20:00:00,0,2,20,0,1,0,2,0.0
07/26/05,20:30:00,0,0,20,30,1,0,0,3.0
07/26/05,21:00:00,1,2,21,0,1,0,3,0.0
07/26/05,21:30:00,0,0,21,30,1,0,0,2.0
07/26/05,22:00:00,0,2,22,0,1,0,2,1.0
07/26/05,22:30:00,1,0,22,30,1,0,1,1.0
07/26/05,23:00:00,0,1,23,0,1,0,1,0.0
07/26/05,23:30:00,0,0,23,30,1,0,0,1.0
07/27/05,00:00:00,0,1,0,0,2,0,1,2.0
07/27/05,00:30:00,0,2,0,30,2,0,2,0.0
07/27/05,01:00:00,0,0,1,0,2,0,0,0.0
07/27/05,01:30:00,0,0,1,30,2,0,0,0.0
07/27/05,02:00:00,0,0,2,0,2,0,0,0.0
07/27/05,02:30:00,0,0,2,30,2,0,0,0.0
07/27/05,03:00:00,0,0,3,0,2,0,0,1.0
07/27/05,03:30:00,0,1,3,30,2,0,1,0.0
07/27/05,04:00:00,0,0,4,0,2,0,0,0.0
07/27/05,04:30:00,0,0,4,30,2,0,0,0.0
07/27/05,05:00:00,0,0,5,0,2,0,0,0.0
07/27/05,05:30:00,0,0,5,30,2,0,0,2.0
07/27/05,06:00:00,1,1,6,0,2,0,2,0.0
07/27/05,06:30:00,0,0,6,30,2,0,0,2.0
07/27/05,07:00:00,2,0,7,0,2,0,2,0.0
07/27/05,07:30:00,0,0,7,30,2,0,0,2.0
07/27/05,08:00:00,2,0,8,0,2,0,2,1.0
07/27/05,08:30:00,1,0,8,30,2,0,1,6.0
07/27/05,09:00:00,4,2,9,0,2,0,6,5.0
07/27/05,09:30:00,4,1,9,30,2,0,5,18.0
07/27/05,10:00:00,12,6,10,0,2,0,18,30.0
07/27/05,10:30:00,23,7,10,30,2,0,30,29.0
07/27/05,11:00:00,18,11,11,0,2,0,29,75.0
07/27/05,11:30:00,61,14,11,30,2,0,75,32.0
07/27/05,12:00:00,18,14,12,0,2,0,32,13.0
07/27/05,12:30:00,7,6,12,30,2,0,13,45.0
07/27/05,13:00:00,12,33,13,0,2,0,45,38.0
07/27/05,13:30:00,14,24,13,30,2,0,38,12.0
07/27/05,14:00:00,8,4,14,0,2,0,12,17.0
07/27/05,14:30:00,11,6,14,30,2,0,17,25.0
07/27/05,15:00:00,8,17,15,0,2,0,25,28.0
07/27/05,15:30:00,13,15,15,30,2,0,28,16.0
07/27/05,16:00:00,7,9,16,0,2,0,16,12.0
07/27/05,16:30:00,5,7,16,30,2,0,12,21.0
07/27/05,17:00:00,5,16,17,0,2,0,21,16.0
07/27/05,17:30:00,3,13,17,30,2,0,16,11.0
07/27/05,18:00:00,4,7,18,0,2,0,11,2.0
07/27/05,18:30:00,0,2,18,30,2,0,2,1.0
07/27/05,19:00:00,0,1,19,0,2,0,1,2.0
07/27/05,19:30:00,1,1,19,30,2,0,2,4.0
07/27/05,20:00:00,1,3,20,0,2,0,4,2.0
07/27/05,20:30:00,0,2,20,30,2,0,2,0.0
07/27/05,21:00:00,0,0,21,0,2,0,0,1.0
07/27/05,21:30:00,0,1,21,30,2,0,1,2.0
07/27/05,22:00:00,2,0,22,0,2,0,2,0.0
07/27/05,22:30:00,0,0,22,30,2,0,0,1.0
07/27/05,23:00:00,0,1,23,0,2,0,1,2.0
07/27/05,23:30:00,0,2,23,30,2,0,2,0.0
07/28/05,00:00:00,0,0,0,0,3,0,0,0.0
07/28/05,00:30:00,0,0,0,30,3,0,0,2.0
07/28/05,01:00:00,0,2,1,0,3,0,2,0.0
07/28/05,01:30:00,0,0,1,30,3,0,0,0.0
07/28/05,02:00:00,0,0,2,0,3,0,0,0.0
07/28/05,02:30:00,0,0,2,30,3,0,0,0.0
07/28/05,03:00:00,0,0,3,0,3,0,0,0.0
07/28/05,03:30:00,0,0,3,30,3,0,0,0.0
07/28/05,04:00:00,0,0,4,0,3,0,0,2.0
07/28/05,04:30:00,0,2,4,30,3,0,2,0.0
07/28/05,05:00:00,0,0,5,0,3,0,0,0.0
07/28/05,05:30:00,0,0,5,30,3,0,0,0.0
07/28/05,06:00:00,0,0,6,0,3,0,0,0.0
07/28/05,06:30:00,0,0,6,30,3,0,0,4.0
07/28/05,07:00:00,3,1,7,0,3,0,4,0.0
07/28/05,07:30:00,0,0,7,30,3,0,0,6.0
07/28/05,08:00:00,3,3,8,0,3,0,6,15.0
07/28/05,08:30:00,13,2,8,30,3,0,15,9.0
07/28/05,09:00:00,9,0,9,0,3,0,9,22.0
07/28/05,09:30:00,11,11,9,30,3,0,22,19.0
07/28/05,10:00:00,16,3,10,0,3,0,19,24.0
07/28/05,10:30:00,17,7,10,30,3,0,24,14.0
07/28/05,11:00:00,7,7,11,0,3,0,14,37.0
07/28/05,11:30:00,23,14,11,30,3,0,37,51.0
07/28/05,12:00:00,23,28,12,0,3,0,51,30.0
07/28/05,12:30:00,9,21,12,30,3,0,30,21.0
07/28/05,13:00:00,11,10,13,0,3,0,21,50.0
07/28/05,13:30:00,31,19,13,30,3,0,50,36.0
07/28/05,14:00:00,25,11,14,0,3,0,36,23.0
07/28/05,14:30:00,11,12,14,30,3,0,23,19.0
07/28/05,15:00:00,10,9,15,0,3,0,19,30.0
07/28/05,15:30:00,16,14,15,30,3,0,30,17.0
07/28/05,16:00:00,8,9,16,0,3,0,17,16.0
07/28/05,16:30:00,6,10,16,30,3,0,16,9.0
07/28/05,17:00:00,1,8,17,0,3,0,9,20.0
07/28/05,17:30:00,6,14,17,30,3,0,20,20.0
07/28/05,18:00:00,5,15,18,0,3,0,20,4.0
07/28/05,18:30:00,0,4,18,30,3,0,4,2.0
07/28/05,19:00:00,0,2,19,0,3,0,2,1.0
07/28/05,19:30:00,1,0,19,30,3,0,1,3.0
07/28/05,20:00:00,1,2,20,0,3,0,3,2.0
07/28/05,20:30:00,2,0,20,30,3,0,2,1.0
07/28/05,21:00:00,1,0,21,0,3,0,1,1.0
07/28/05,21:30:00,1,0,21,30,3,0,1,1.0
07/28/05,22:00:00,0,1,22,0,3,0,1,0.0
07/28/05,22:30:00,0,0,22,30,3,0,0,4.0
07/28/05,23:00:00,1,3,23,0,3,0,4,0.0
07/28/05,23:30:00,0,0,23,30,3,0,0,4.0
07/29/05,00:00:00,0,4,0,0,4,0,4,2.0
07/29/05,00:30:00,1,1,0,30,4,0,2,0.0
07/29/05,01:00:00,0,0,1,0,4,0,0,1.0
07/29/05,01:30:00,0,1,1,30,4,0,1,0.0
07/29/05,02:00:00,0,0,2,0,4,0,0,0.0
07/29/05,02:30:00,0,0,2,30,4,0,0,2.0
07/29/05,03:00:00,0,2,3,0,4,0,2,0.0
07/29/05,03:30:00,0,0,3,30,4,0,0,0.0
07/29/05,04:00:00,0,0,4,0,4,0,0,0.0
07/29/05,04:30:00,0,0,4,30,4,0,0,0.0
07/29/05,05:00:00,0,0,5,0,4,0,0,0.0
07/29/05,05:30:00,0,0,5,30,4,0,0,6.0
07/29/05,06:00:00,3,3,6,0,4,0,6,0.0
07/29/05,06:30:00,0,0,6,30,4,0,0,0.0
07/29/05,07:00:00,0,0,7,0,4,0,0,2.0
07/29/05,07:30:00,2,0,7,30,4,0,2,8.0
07/29/05,08:00:00,8,0,8,0,4,0,8,9.0
07/29/05,08:30:00,6,3,8,30,4,0,9,26.0
07/29/05,09:00:00,25,1,9,0,4,0,26,40.0
07/29/05,09:30:00,25,15,9,30,4,0,40,38.0
07/29/05,10:00:00,12,26,10,0,4,0,38,25.0
07/29/05,10:30:00,12,13,10,30,4,0,25,11.0
07/29/05,11:00:00,2,9,11,0,4,0,11,23.0
07/29/05,11:30:00,17,6,11,30,4,0,23,32.0
07/29/05,12:00:00,9,23,12,0,4,0,32,24.0
07/29/05,12:30:00,12,12,12,30,4,0,24,26.0
07/29/05,13:00:00,15,11,13,0,4,0,26,24.0
07/29/05,13:30:00,21,3,13,30,4,0,24,26.0
07/29/05,14:00:00,19,7,14,0,4,0,26,12.0
07/29/05,14:30:00,8,4,14,30,4,0,12,17.0
07/29/05,15:00:00,8,9,15,0,4,0,17,12.0
07/29/05,15:30:00,7,5,15,30,4,0,12,12.0
07/29/05,16:00:00,4,8,16,0,4,0,12,26.0
07/29/05,16:30:00,6,20,16,30,4,0,26,10.0
07/29/05,17:00:00,4,6,17,0,4,0,10,6.0
07/29/05,17:30:00,3,3,17,30,4,0,6,6.0
07/29/05,18:00:00,0,6,18,0,4,0,6,7.0
07/29/05,18:30:00,3,4,18,30,4,0,7,1.0
07/29/05,19:00:00,0,1,19,0,4,0,1,0.0
07/29/05,19:30:00,0,0,19,30,4,0,0,0.0
07/29/05,20:00:00,0,0,20,0,4,0,0,1.0
07/29/05,20:30:00,0,1,20,30,4,0,1,2.0
07/29/05,21:00:00,0,2,21,0,4,0,2,2.0
07/29/05,21:30:00,1,1,21,30,4,0,2,1.0
07/29/05,22:00:00,0,1,22,0,4,0,1,5.0
07/29/05,22:30:00,0,5,22,30,4,0,5,1.0
07/29/05,23:00:00,0,1,23,0,4,0,1,3.0
07/29/05,23:30:00,0,3,23,30,4,0,3,0.0
07/30/05,00:00:00,0,0,0,0,5,1,0,2.0
07/30/05,00:30:00,0,2,0,30,5,1,2,0.0
07/30/05,01:00:00,0,0,1,0,5,1,0,2.0
07/30/05,01:30:00,0,2,1,30,5,1,2,0.0
07/30/05,02:00:00,0,0,2,0,5,1,0,1.0
07/30/05,02:30:00,0,1,2,30,5,1,1,0.0
07/30/05,03:00:00,0,0,3,0,5,1,0,0.0
07/30/05,03:30:00,0,0,3,30,5,1,0,0.0
07/30/05,04:00:00,0,0,4,0,5,1,0,0.0
07/30/05,04:30:00,0,0,4,30,5,1,0,0.0
07/30/05,05:00:00,0,0,5,0,5,1,0,0.0
07/30/05,05:30:00,0,0,5,30,5,1,0,0.0
07/30/05,06:00:00,0,0,6,0,5,1,0,3.0
07/30/05,06:30:00,3,0,6,30,5,1,3,0.0
07/30/05,07:00:00,0,0,7,0,5,1,0,0.0
07/30/05,07:30:00,0,0,7,30,5,1,0,0.0
07/30/05,08:00:00,0,0,8,0,5,1,0,0.0
07/30/05,08:30:00,0,0,8,30,5,1,0,0.0
07/30/05,09:00:00,0,0,9,0,5,1,0,0.0
07/30/05,09:30:00,0,0,9,30,5,1,0,0.0
07/30/05,10:00:00,0,0,10,0,5,1,0,0.0
07/30/05,10:30:00,0,0,10,30,5,1,0,0.0
07/30/05,11:00:00,0,0,11,0,5,1,0,0.0
07/30/05,11:30:00,0,0,11,30,5,1,0,0.0
07/30/05,12:00:00,0,0,12,0,5,1,0,0.0
07/30/05,12:30:00,0,0,12,30,5,1,0,0.0
07/30/05,13:00:00,0,0,13,0,5,1,0,1.0
07/30/05,13:30:00,0,1,13,30,5,1,1,3.0
07/30/05,14:00:00,2,1,14,0,5,1,3,0.0
07/30/05,14:30:00,0,0,14,30,5,1,0,0.0
07/30/05,15:00:00,0,0,15,0,5,1,0,3.0
07/30/05,15:30:00,1,2,15,30,5,1,3,1.0
07/30/05,16:00:00,0,1,16,0,5,1,1,0.0
07/30/05,16:30:00,0,0,16,30,5,1,0,4.0
07/30/05,17:00:00,2,2,17,0,5,1,4,2.0
07/30/05,17:30:00,1,1,17,30,5,1,2,0.0
07/30/05,18:00:00,0,0,18,0,5,1,0,0.0
07/30/05,18:30:00,0,0,18,30,5,1,0,0.0
07/30/05,19:00:00,0,0,19,0,5,1,0,1.0
07/30/05,19:30:00,0,1,19,30,5,1,1,0.0
07/30/05,20:00:00,0,0,20,0,5,1,0,0.0
07/30/05,20:30:00,0,0,20,30,5,1,0,0.0
07/30/05,21:00:00,0,0,21,0,5,1,0,0.0
07/30/05,21:30:00,0,0,21,30,5,1,0,0.0
07/30/05,22:00:00,0,0,22,0,5,1,0,1.0
07/30/05,22:30:00,0,1,22,30,5,1,1,0.0
07/30/05,23:00:00,0,0,23,0,5,1,0,0.0
07/30/05,23:30:00,0,0,23,30,5,1,0,0.0
07/31/05,00:00:00,0,0,0,0,6,1,0,0.0
07/31/05,00:30:00,0,0,0,30,6,1,0,0.0
07/31/05,01:00:00,0,0,1,0,6,1,0,0.0
07/31/05,01:30:00,0,0,1,30,6,1,0,1.0
07/31/05,02:00:00,0,1,2,0,6,1,1,0.0
07/31/05,02:30:00,0,0,2,30,6,1,0,0.0
07/31/05,03:00:00,0,0,3,0,6,1,0,0.0
07/31/05,03:30:00,0,0,3,30,6,1,0,0.0
07/31/05,04:00:00,0,0,4,0,6,1,0,0.0
07/31/05,04:30:00,0,0,4,30,6,1,0,0.0
07/31/05,05:00:00,0,0,5,0,6,1,0,0.0
07/31/05,05:30:00,0,0,5,30,6,1,0,0.0
07/31/05,06:00:00,0,0,6,0,6,1,0,0.0
07/31/05,06:30:00,0,0,6,30,6,1,0,0.0
07/31/05,07:00:00,0,0,7,0,6,1,0,0.0
07/31/05,07:30:00,0,0,7,30,6,1,0,0.0
07/31/05,08:00:00,0,0,8,0,6,1,0,0.0
07/31/05,08:30:00,0,0,8,30,6,1,0,0.0
07/31/05,09:00:00,0,0,9,0,6,1,0,0.0
07/31/05,09:30:00,0,0,9,30,6,1,0,0.0
07/31/05,10:00:00,0,0,10,0,6,1,0,0.0
07/31/05,10:30:00,0,0,10,30,6,1,0,0.0
07/31/05,11:00:00,0,0,11,0,6,1,0,0.0
07/31/05,11:30:00,0,0,11,30,6,1,0,1.0
07/31/05,12:00:00,0,1,12,0,6,1,1,3.0
07/31/05,12:30:00,1,2,12,30,6,1,3,2.0
07/31/05,13:00:00,1,1,13,0,6,1,2,1.0
07/31/05,13:30:00,1,0,13,30,6,1,1,1.0
07/31/05,14:00:00,1,0,14,0,6,1,1,0.0
07/31/05,14:30:00,0,0,14,30,6,1,0,0.0
07/31/05,15:00:00,0,0,15,0,6,1,0,5.0
07/31/05,15:30:00,2,3,15,30,6,1,5,0.0
07/31/05,16:00:00,0,0,16,0,6,1,0,3.0
07/31/05,16:30:00,1,2,16,30,6,1,3,1.0
07/31/05,17:00:00,0,1,17,0,6,1,1,0.0
07/31/05,17:30:00,0,0,17,30,6,1,0,0.0
07/31/05,18:00:00,0,0,18,0,6,1,0,0.0
07/31/05,18:30:00,0,0,18,30,6,1,0,3.0
07/31/05,19:00:00,0,3,19,0,6,1,3,6.0
07/31/05,19:30:00,2,4,19,30,6,1,6,1.0
07/31/05,20:00:00,0,1,20,0,6,1,1,0.0
07/31/05,20:30:00,0,0,20,30,6,1,0,1.0
07/31/05,21:00:00,0,1,21,0,6,1,1,1.0
07/31/05,21:30:00,0,1,21,30,6,1,1,1.0
07/31/05,22:00:00,0,1,22,0,6,1,1,0.0
07/31/05,22:30:00,0,0,22,30,6,1,0,2.0
07/31/05,23:00:00,0,2,23,0,6,1,2,0.0
07/31/05,23:30:00,0,0,23,30,6,1,0,1.0
08/01/05,00:00:00,0,1,0,0,0,0,1,0.0
08/01/05,00:30:00,0,0,0,30,0,0,0,0.0
08/01/05,01:00:00,0,0,1,0,0,0,0,0.0
08/01/05,01:30:00,0,0,1,30,0,0,0,0.0
08/01/05,02:00:00,0,0,2,0,0,0,0,0.0
08/01/05,02:30:00,0,0,2,30,0,0,0,0.0
08/01/05,03:00:00,0,0,3,0,0,0,0,0.0
08/01/05,03:30:00,0,0,3,30,0,0,0,0.0
08/01/05,04:00:00,0,0,4,0,0,0,0,0.0
08/01/05,04:30:00,0,0,4,30,0,0,0,0.0
08/01/05,05:00:00,0,0,5,0,0,0,0,0.0
08/01/05,05:30:00,0,0,5,30,0,0,0,0.0
08/01/05,06:00:00,0,0,6,0,0,0,0,1.0
08/01/05,06:30:00,1,0,6,30,0,0,1,5.0
08/01/05,07:00:00,4,1,7,0,0,0,5,7.0
08/01/05,07:30:00,5,2,7,30,0,0,7,17.0
08/01/05,08:00:00,11,6,8,0,0,0,17,2.0
08/01/05,08:30:00,2,0,8,30,0,0,2,7.0
08/01/05,09:00:00,5,2,9,0,0,0,7,10.0
08/01/05,09:30:00,4,6,9,30,0,0,10,15.0
08/01/05,10:00:00,10,5,10,0,0,0,15,18.0
08/01/05,10:30:00,10,8,10,30,0,0,18,15.0
08/01/05,11:00:00,8,7,11,0,0,0,15,18.0
08/01/05,11:30:00,10,8,11,30,0,0,18,29.0
08/01/05,12:00:00,11,18,12,0,0,0,29,19.0
08/01/05,12:30:00,10,9,12,30,0,0,19,18.0
08/01/05,13:00:00,15,3,13,0,0,0,18,20.0
08/01/05,13:30:00,15,5,13,30,0,0,20,25.0
08/01/05,14:00:00,14,11,14,0,0,0,25,18.0
08/01/05,14:30:00,6,12,14,30,0,0,18,20.0
08/01/05,15:00:00,10,10,15,0,0,0,20,25.0
08/01/05,15:30:00,12,13,15,30,0,0,25,17.0
08/01/05,16:00:00,8,9,16,0,0,0,17,10.0
08/01/05,16:30:00,3,7,16,30,0,0,10,11.0
08/01/05,17:00:00,5,6,17,0,0,0,11,9.0
08/01/05,17:30:00,2,7,17,30,0,0,9,9.0
08/01/05,18:00:00,3,6,18,0,0,0,9,3.0
08/01/05,18:30:00,0,3,18,30,0,0,3,6.0
08/01/05,19:00:00,2,4,19,0,0,0,6,0.0
08/01/05,19:30:00,0,0,19,30,0,0,0,3.0
08/01/05,20:00:00,1,2,20,0,0,0,3,3.0
08/01/05,20:30:00,1,2,20,30,0,0,3,12.0
08/01/05,21:00:00,5,7,21,0,0,0,12,0.0
08/01/05,21:30:00,0,0,21,30,0,0,0,2.0
08/01/05,22:00:00,0,2,22,0,0,0,2,0.0
08/01/05,22:30:00,0,0,22,30,0,0,0,1.0
08/01/05,23:00:00,0,1,23,0,0,0,1,4.0
08/01/05,23:30:00,1,3,23,30,0,0,4,2.0
08/02/05,00:00:00,0,2,0,0,1,0,2,0.0
08/02/05,00:30:00,0,0,0,30,1,0,0,1.0
08/02/05,01:00:00,0,1,1,0,1,0,1,0.0
08/02/05,01:30:00,0,0,1,30,1,0,0,1.0
08/02/05,02:00:00,0,1,2,0,1,0,1,0.0
08/02/05,02:30:00,0,0,2,30,1,0,0,0.0
08/02/05,03:00:00,0,0,3,0,1,0,0,0.0
08/02/05,03:30:00,0,0,3,30,1,0,0,0.0
08/02/05,04:00:00,0,0,4,0,1,0,0,0.0
08/02/05,04:30:00,0,0,4,30,1,0,0,1.0
08/02/05,05:00:00,0,1,5,0,1,0,1,6.0
08/02/05,05:30:00,3,3,5,30,1,0,6,4.0
08/02/05,06:00:00,2,2,6,0,1,0,4,3.0
08/02/05,06:30:00,1,2,6,30,1,0,3,1.0
08/02/05,07:00:00,1,0,7,0,1,0,1,1.0
08/02/05,07:30:00,1,0,7,30,1,0,1,2.0
08/02/05,08:00:00,1,1,8,0,1,0,2,6.0
08/02/05,08:30:00,3,3,8,30,1,0,6,12.0
08/02/05,09:00:00,9,3,9,0,1,0,12,9.0
08/02/05,09:30:00,7,2,9,30,1,0,9,16.0
08/02/05,10:00:00,8,8,10,0,1,0,16,14.0
08/02/05,10:30:00,7,7,10,30,1,0,14,20.0
08/02/05,11:00:00,9,11,11,0,1,0,20,24.0
08/02/05,11:30:00,13,11,11,30,1,0,24,17.0
08/02/05,12:00:00,5,12,12,0,1,0,17,17.0
08/02/05,12:30:00,9,8,12,30,1,0,17,22.0
08/02/05,13:00:00,13,9,13,0,1,0,22,30.0
08/02/05,13:30:00,14,16,13,30,1,0,30,24.0
08/02/05,14:00:00,15,9,14,0,1,0,24,14.0
08/02/05,14:30:00,8,6,14,30,1,0,14,29.0
08/02/05,15:00:00,20,9,15,0,1,0,29,33.0
08/02/05,15:30:00,23,10,15,30,1,0,33,21.0
08/02/05,16:00:00,14,7,16,0,1,0,21,19.0
08/02/05,16:30:00,4,15,16,30,1,0,19,15.0
08/02/05,17:00:00,6,9,17,0,1,0,15,22.0
08/02/05,17:30:00,12,10,17,30,1,0,22,15.0
08/02/05,18:00:00,4,11,18,0,1,0,15,5.0
08/02/05,18:30:00,0,5,18,30,1,0,5,10.0
08/02/05,19:00:00,2,8,19,0,1,0,10,2.0
08/02/05,19:30:00,1,1,19,30,1,0,2,4.0
08/02/05,20:00:00,2,2,20,0,1,0,4,6.0
08/02/05,20:30:00,3,3,20,30,1,0,6,2.0
08/02/05,21:00:00,1,1,21,0,1,0,2,3.0
08/02/05,21:30:00,2,1,21,30,1,0,3,0.0
08/02/05,22:00:00,0,0,22,0,1,0,0,1.0
08/02/05,22:30:00,0,1,22,30,1,0,1,0.0
08/02/05,23:00:00,0,0,23,0,1,0,0,0.0
08/02/05,23:30:00,0,0,23,30,1,0,0,0.0
08/03/05,00:00:00,0,0,0,0,2,0,0,0.0
08/03/05,00:30:00,0,0,0,30,2,0,0,1.0
08/03/05,01:00:00,0,1,1,0,2,0,1,0.0
08/03/05,01:30:00,0,0,1,30,2,0,0,0.0
08/03/05,02:00:00,0,0,2,0,2,0,0,0.0
08/03/05,02:30:00,0,0,2,30,2,0,0,0.0
08/03/05,03:00:00,0,0,3,0,2,0,0,0.0
08/03/05,03:30:00,0,0,3,30,2,0,0,0.0
08/03/05,04:00:00,0,0,4,0,2,0,0,0.0
08/03/05,04:30:00,0,0,4,30,2,0,0,1.0
08/03/05,05:00:00,1,0,5,0,2,0,1,0.0
08/03/05,05:30:00,0,0,5,30,2,0,0,0.0
08/03/05,06:00:00,0,0,6,0,2,0,0,5.0
08/03/05,06:30:00,3,2,6,30,2,0,5,2.0
08/03/05,07:00:00,1,1,7,0,2,0,2,5.0
08/03/05,07:30:00,4,1,7,30,2,0,5,0.0
08/03/05,08:00:00,0,0,8,0,2,0,0,5.0
08/03/05,08:30:00,4,1,8,30,2,0,5,6.0
08/03/05,09:00:00,4,2,9,0,2,0,6,12.0
08/03/05,09:30:00,8,4,9,30,2,0,12,23.0
08/03/05,10:00:00,19,4,10,0,2,0,23,12.0
08/03/05,10:30:00,6,6,10,30,2,0,12,26.0
08/03/05,11:00:00,13,13,11,0,2,0,26,21.0
08/03/05,11:30:00,18,3,11,30,2,0,21,32.0
08/03/05,12:00:00,17,15,12,0,2,0,32,12.0
08/03/05,12:30:00,4,8,12,30,2,0,12,19.0
08/03/05,13:00:00,13,6,13,0,2,0,19,47.0
08/03/05,13:30:00,21,26,13,30,2,0,47,24.0
08/03/05,14:00:00,15,9,14,0,2,0,24,17.0
08/03/05,14:30:00,12,5,14,30,2,0,17,16.0
08/03/05,15:00:00,6,10,15,0,2,0,16,22.0
08/03/05,15:30:00,13,9,15,30,2,0,22,21.0
08/03/05,16:00:00,8,13,16,0,2,0,21,18.0
08/03/05,16:30:00,10,8,16,30,2,0,18,15.0
08/03/05,17:00:00,7,8,17,0,2,0,15,8.0
08/03/05,17:30:00,2,6,17,30,2,0,8,10.0
08/03/05,18:00:00,3,7,18,0,2,0,10,3.0
08/03/05,18:30:00,0,3,18,30,2,0,3,1.0
08/03/05,19:00:00,1,0,19,0,2,0,1,15.0
08/03/05,19:30:00,3,12,19,30,2,0,15,1.0
08/03/05,20:00:00,0,1,20,0,2,0,1,1.0
08/03/05,20:30:00,1,0,20,30,2,0,1,3.0
08/03/05,21:00:00,3,0,21,0,2,0,3,5.0
08/03/05,21:30:00,1,4,21,30,2,0,5,1.0
08/03/05,22:00:00,1,0,22,0,2,0,1,3.0
08/03/05,22:30:00,1,2,22,30,2,0,3,0.0
08/03/05,23:00:00,0,0,23,0,2,0,0,3.0
08/03/05,23:30:00,0,3,23,30,2,0,3,0.0
08/04/05,00:00:00,0,0,0,0,3,0,0,0.0
08/04/05,00:30:00,0,0,0,30,3,0,0,0.0
08/04/05,01:00:00,0,0,1,0,3,0,0,3.0
08/04/05,01:30:00,1,2,1,30,3,0,3,0.0
08/04/05,02:00:00,0,0,2,0,3,0,0,0.0
08/04/05,02:30:00,0,0,2,30,3,0,0,0.0
08/04/05,03:00:00,0,0,3,0,3,0,0,0.0
08/04/05,03:30:00,0,0,3,30,3,0,0,0.0
08/04/05,04:00:00,0,0,4,0,3,0,0,0.0
08/04/05,04:30:00,0,0,4,30,3,0,0,0.0
08/04/05,05:00:00,0,0,5,0,3,0,0,0.0
08/04/05,05:30:00,0,0,5,30,3,0,0,0.0
08/04/05,06:00:00,0,0,6,0,3,0,0,0.0
08/04/05,06:30:00,0,0,6,30,3,0,0,2.0
08/04/05,07:00:00,2,0,7,0,3,0,2,0.0
08/04/05,07:30:00,0,0,7,30,3,0,0,3.0
08/04/05,08:00:00,2,1,8,0,3,0,3,2.0
08/04/05,08:30:00,1,1,8,30,3,0,2,8.0
08/04/05,09:00:00,8,0,9,0,3,0,8,12.0
08/04/05,09:30:00,11,1,9,30,3,0,12,20.0
08/04/05,10:00:00,8,12,10,0,3,0,20,24.0
08/04/05,10:30:00,15,9,10,30,3,0,24,9.0
08/04/05,11:00:00,4,5,11,0,3,0,9,16.0
08/04/05,11:30:00,6,10,11,30,3,0,16,16.0
08/04/05,12:00:00,2,14,12,0,3,0,16,9.0
08/04/05,12:30:00,4,5,12,30,3,0,9,24.0
08/04/05,13:00:00,17,7,13,0,3,0,24,26.0
08/04/05,13:30:00,17,9,13,30,3,0,26,17.0
08/04/05,14:00:00,14,3,14,0,3,0,17,22.0
08/04/05,14:30:00,10,12,14,30,3,0,22,40.0
08/04/05,15:00:00,21,19,15,0,3,0,40,29.0
08/04/05,15:30:00,12,17,15,30,3,0,29,54.0
08/04/05,16:00:00,36,18,16,0,3,0,54,72.0
08/04/05,16:30:00,44,28,16,30,3,0,72,12.0
08/04/05,17:00:00,6,6,17,0,3,0,12,26.0
08/04/05,17:30:00,5,21,17,30,3,0,26,60.0
08/04/05,18:00:00,20,40,18,0,3,0,60,21.0
08/04/05,18:30:00,8,13,18,30,3,0,21,0.0
08/04/05,19:00:00,0,0,19,0,3,0,0,2.0
08/04/05,19:30:00,1,1,19,30,3,0,2,3.0
08/04/05,20:00:00,1,2,20,0,3,0,3,0.0
08/04/05,20:30:00,0,0,20,30,3,0,0,0.0
08/04/05,21:00:00,0,0,21,0,3,0,0,3.0
08/04/05,21:30:00,0,3,21,30,3,0,3,1.0
08/04/05,22:00:00,0,1,22,0,3,0,1,4.0
08/04/05,22:30:00,2,2,22,30,3,0,4,6.0
08/04/05,23:00:00,3,3,23,0,3,0,6,2.0
08/04/05,23:30:00,0,2,23,30,3,0,2,0.0
08/05/05,00:00:00,0,0,0,0,4,0,0,0.0
08/05/05,00:30:00,0,0,0,30,4,0,0,0.0
08/05/05,01:00:00,0,0,1,0,4,0,0,1.0
08/05/05,01:30:00,0,1,1,30,4,0,1,0.0
08/05/05,02:00:00,0,0,2,0,4,0,0,1.0
08/05/05,02:30:00,0,1,2,30,4,0,1,0.0
08/05/05,03:00:00,0,0,3,0,4,0,0,0.0
08/05/05,03:30:00,0,0,3,30,4,0,0,2.0
08/05/05,04:00:00,0,2,4,0,4,0,2,0.0
08/05/05,04:30:00,0,0,4,30,4,0,0,1.0
08/05/05,05:00:00,1,0,5,0,4,0,1,0.0
08/05/05,05:30:00,0,0,5,30,4,0,0,2.0
08/05/05,06:00:00,1,1,6,0,4,0,2,1.0
08/05/05,06:30:00,1,0,6,30,4,0,1,0.0
08/05/05,07:00:00,0,0,7,0,4,0,0,0.0
08/05/05,07:30:00,0,0,7,30,4,0,0,9.0
08/05/05,08:00:00,7,2,8,0,4,0,9,8.0
08/05/05,08:30:00,7,1,8,30,4,0,8,29.0
08/05/05,09:00:00,22,7,9,0,4,0,29,39.0
08/05/05,09:30:00,23,16,9,30,4,0,39,22.0
08/05/05,10:00:00,6,16,10,0,4,0,22,31.0
08/05/05,10:30:00,16,15,10,30,4,0,31,12.0
08/05/05,11:00:00,8,4,11,0,4,0,12,17.0
08/05/05,11:30:00,12,5,11,30,4,0,17,24.0
08/05/05,12:00:00,7,17,12,0,4,0,24,20.0
08/05/05,12:30:00,8,12,12,30,4,0,20,25.0
08/05/05,13:00:00,18,7,13,0,4,0,25,23.0
08/05/05,13:30:00,19,4,13,30,4,0,23,20.0
08/05/05,14:00:00,10,10,14,0,4,0,20,14.0
08/05/05,14:30:00,9,5,14,30,4,0,14,9.0
08/05/05,15:00:00,7,2,15,0,4,0,9,22.0
08/05/05,15:30:00,8,14,15,30,4,0,22,20.0
08/05/05,16:00:00,7,13,16,0,4,0,20,10.0
08/05/05,16:30:00,4,6,16,30,4,0,10,15.0
08/05/05,17:00:00,4,11,17,0,4,0,15,15.0
08/05/05,17:30:00,6,9,17,30,4,0,15,8.0
08/05/05,18:00:00,2,6,18,0,4,0,8,1.0
08/05/05,18:30:00,0,1,18,30,4,0,1,0.0
08/05/05,19:00:00,0,0,19,0,4,0,0,3.0
08/05/05,19:30:00,2,1,19,30,4,0,3,2.0
08/05/05,20:00:00,0,2,20,0,4,0,2,0.0
08/05/05,20:30:00,0,0,20,30,4,0,0,5.0
08/05/05,21:00:00,2,3,21,0,4,0,5,1.0
08/05/05,21:30:00,0,1,21,30,4,0,1,3.0
08/05/05,22:00:00,2,1,22,0,4,0,3,3.0
08/05/05,22:30:00,1,2,22,30,4,0,3,0.0
08/05/05,23:00:00,0,0,23,0,4,0,0,1.0
08/05/05,23:30:00,0,1,23,30,4,0,1,0.0
08/06/05,00:00:00,0,0,0,0,5,1,0,0.0
08/06/05,00:30:00,0,0,0,30,5,1,0,0.0
08/06/05,01:00:00,0,0,1,0,5,1,0,0.0
08/06/05,01:30:00,0,0,1,30,5,1,0,0.0
08/06/05,02:00:00,0,0,2,0,5,1,0,0.0
08/06/05,02:30:00,0,0,2,30,5,1,0,0.0
08/06/05,03:00:00,0,0,3,0,5,1,0,0.0
08/06/05,03:30:00,0,0,3,30,5,1,0,0.0
08/06/05,04:00:00,0,0,4,0,5,1,0,0.0
08/06/05,04:30:00,0,0,4,30,5,1,0,0.0
08/06/05,05:00:00,0,0,5,0,5,1,0,0.0
08/06/05,05:30:00,0,0,5,30,5,1,0,0.0
08/06/05,06:00:00,0,0,6,0,5,1,0,0.0
08/06/05,06:30:00,0,0,6,30,5,1,0,0.0
08/06/05,07:00:00,0,0,7,0,5,1,0,0.0
08/06/05,07:30:00,0,0,7,30,5,1,0,0.0
08/06/05,08:00:00,0,0,8,0,5,1,0,0.0
08/06/05,08:30:00,0,0,8,30,5,1,0,0.0
08/06/05,09:00:00,0,0,9,0,5,1,0,0.0
08/06/05,09:30:00,0,0,9,30,5,1,0,1.0
08/06/05,10:00:00,0,1,10,0,5,1,1,0.0
08/06/05,10:30:00,0,0,10,30,5,1,0,2.0
08/06/05,11:00:00,1,1,11,0,5,1,2,0.0
08/06/05,11:30:00,0,0,11,30,5,1,0,0.0
08/06/05,12:00:00,0,0,12,0,5,1,0,0.0
08/06/05,12:30:00,0,0,12,30,5,1,0,4.0
08/06/05,13:00:00,1,3,13,0,5,1,4,0.0
08/06/05,13:30:00,0,0,13,30,5,1,0,0.0
08/06/05,14:00:00,0,0,14,0,5,1,0,0.0
08/06/05,14:30:00,0,0,14,30,5,1,0,0.0
08/06/05,15:00:00,0,0,15,0,5,1,0,3.0
08/06/05,15:30:00,1,2,15,30,5,1,3,0.0
08/06/05,16:00:00,0,0,16,0,5,1,0,2.0
08/06/05,16:30:00,0,2,16,30,5,1,2,0.0
08/06/05,17:00:00,0,0,17,0,5,1,0,0.0
08/06/05,17:30:00,0,0,17,30,5,1,0,1.0
08/06/05,18:00:00,0,1,18,0,5,1,1,0.0
08/06/05,18:30:00,0,0,18,30,5,1,0,0.0
08/06/05,19:00:00,0,0,19,0,5,1,0,0.0
08/06/05,19:30:00,0,0,19,30,5,1,0,10.0
08/06/05,20:00:00,2,8,20,0,5,1,10,0.0
08/06/05,20:30:00,0,0,20,30,5,1,0,0.0
08/06/05,21:00:00,0,0,21,0,5,1,0,0.0
08/06/05,21:30:00,0,0,21,30,5,1,0,0.0
08/06/05,22:00:00,0,0,22,0,5,1,0,1.0
08/06/05,22:30:00,0,1,22,30,5,1,1,0.0
08/06/05,23:00:00,0,0,23,0,5,1,0,0.0
08/06/05,23:30:00,0,0,23,30,5,1,0,0.0
08/07/05,00:00:00,0,0,0,0,6,1,0,0.0
08/07/05,00:30:00,0,0,0,30,6,1,0,0.0
08/07/05,01:00:00,0,0,1,0,6,1,0,0.0
08/07/05,01:30:00,0,0,1,30,6,1,0,2.0
08/07/05,02:00:00,0,2,2,0,6,1,2,0.0
08/07/05,02:30:00,0,0,2,30,6,1,0,0.0
08/07/05,03:00:00,0,0,3,0,6,1,0,0.0
08/07/05,03:30:00,0,0,3,30,6,1,0,0.0
08/07/05,04:00:00,0,0,4,0,6,1,0,0.0
08/07/05,04:30:00,0,0,4,30,6,1,0,0.0
08/07/05,05:00:00,0,0,5,0,6,1,0,0.0
08/07/05,05:30:00,0,0,5,30,6,1,0,0.0
08/07/05,06:00:00,0,0,6,0,6,1,0,0.0
08/07/05,06:30:00,0,0,6,30,6,1,0,0.0
08/07/05,07:00:00,0,0,7,0,6,1,0,0.0
08/07/05,07:30:00,0,0,7,30,6,1,0,0.0
08/07/05,08:00:00,0,0,8,0,6,1,0,0.0
08/07/05,08:30:00,0,0,8,30,6,1,0,0.0
08/07/05,09:00:00,0,0,9,0,6,1,0,0.0
08/07/05,09:30:00,0,0,9,30,6,1,0,0.0
08/07/05,10:00:00,0,0,10,0,6,1,0,0.0
08/07/05,10:30:00,0,0,10,30,6,1,0,0.0
08/07/05,11:00:00,0,0,11,0,6,1,0,0.0
08/07/05,11:30:00,0,0,11,30,6,1,0,1.0
08/07/05,12:00:00,0,1,12,0,6,1,1,3.0
08/07/05,12:30:00,2,1,12,30,6,1,3,0.0
08/07/05,13:00:00,0,0,13,0,6,1,0,0.0
08/07/05,13:30:00,0,0,13,30,6,1,0,2.0
08/07/05,14:00:00,0,2,14,0,6,1,2,0.0
08/07/05,14:30:00,0,0,14,30,6,1,0,0.0
08/07/05,15:00:00,0,0,15,0,6,1,0,0.0
08/07/05,15:30:00,0,0,15,30,6,1,0,0.0
08/07/05,16:00:00,0,0,16,0,6,1,0,1.0
08/07/05,16:30:00,0,1,16,30,6,1,1,0.0
08/07/05,17:00:00,0,0,17,0,6,1,0,0.0
08/07/05,17:30:00,0,0,17,30,6,1,0,0.0
08/07/05,18:00:00,0,0,18,0,6,1,0,1.0
08/07/05,18:30:00,0,1,18,30,6,1,1,5.0
08/07/05,19:00:00,2,3,19,0,6,1,5,1.0
08/07/05,19:30:00,1,0,19,30,6,1,1,0.0
08/07/05,20:00:00,0,0,20,0,6,1,0,0.0
08/07/05,20:30:00,0,0,20,30,6,1,0,0.0
08/07/05,21:00:00,0,0,21,0,6,1,0,0.0
08/07/05,21:30:00,0,0,21,30,6,1,0,0.0
08/07/05,22:00:00,0,0,22,0,6,1,0,0.0
08/07/05,22:30:00,0,0,22,30,6,1,0,3.0
08/07/05,23:00:00,0,3,23,0,6,1,3,0.0
08/07/05,23:30:00,0,0,23,30,6,1,0,1.0
08/08/05,00:00:00,0,1,0,0,0,0,1,0.0
08/08/05,00:30:00,0,0,0,30,0,0,0,0.0
08/08/05,01:00:00,0,0,1,0,0,0,0,0.0
08/08/05,01:30:00,0,0,1,30,0,0,0,0.0
08/08/05,02:00:00,0,0,2,0,0,0,0,0.0
08/08/05,02:30:00,0,0,2,30,0,0,0,0.0
08/08/05,03:00:00,0,0,3,0,0,0,0,0.0
08/08/05,03:30:00,0,0,3,30,0,0,0,0.0
08/08/05,04:00:00,0,0,4,0,0,0,0,0.0
08/08/05,04:30:00,0,0,4,30,0,0,0,0.0
08/08/05,05:00:00,0,0,5,0,0,0,0,2.0
08/08/05,05:30:00,0,2,5,30,0,0,2,1.0
08/08/05,06:00:00,0,1,6,0,0,0,1,0.0
08/08/05,06:30:00,0,0,6,30,0,0,0,1.0
08/08/05,07:00:00,0,1,7,0,0,0,1,2.0
08/08/05,07:30:00,2,0,7,30,0,0,2,4.0
08/08/05,08:00:00,3,1,8,0,0,0,4,3.0
08/08/05,08:30:00,2,1,8,30,0,0,3,9.0
08/08/05,09:00:00,6,3,9,0,0,0,9,16.0
08/08/05,09:30:00,14,2,9,30,0,0,16,14.0
08/08/05,10:00:00,8,6,10,0,0,0,14,12.0
08/08/05,10:30:00,11,1,10,30,0,0,12,18.0
08/08/05,11:00:00,12,6,11,0,0,0,18,14.0
08/08/05,11:30:00,6,8,11,30,0,0,14,30.0
08/08/05,12:00:00,14,16,12,0,0,0,30,18.0
08/08/05,12:30:00,6,12,12,30,0,0,18,31.0
08/08/05,13:00:00,25,6,13,0,0,0,31,38.0
08/08/05,13:30:00,25,13,13,30,0,0,38,34.0
08/08/05,14:00:00,18,16,14,0,0,0,34,13.0
08/08/05,14:30:00,10,3,14,30,0,0,13,17.0
08/08/05,15:00:00,10,7,15,0,0,0,17,16.0
08/08/05,15:30:00,7,9,15,30,0,0,16,11.0
08/08/05,16:00:00,3,8,16,0,0,0,11,22.0
08/08/05,16:30:00,11,11,16,30,0,0,22,20.0
08/08/05,17:00:00,9,11,17,0,0,0,20,19.0
08/08/05,17:30:00,5,14,17,30,0,0,19,18.0
08/08/05,18:00:00,5,13,18,0,0,0,18,17.0
08/08/05,18:30:00,6,11,18,30,0,0,17,3.0
08/08/05,19:00:00,1,2,19,0,0,0,3,3.0
08/08/05,19:30:00,1,2,19,30,0,0,3,0.0
08/08/05,20:00:00,0,0,20,0,0,0,0,2.0
08/08/05,20:30:00,2,0,20,30,0,0,2,0.0
08/08/05,21:00:00,0,0,21,0,0,0,0,2.0
08/08/05,21:30:00,1,1,21,30,0,0,2,2.0
08/08/05,22:00:00,0,2,22,0,0,0,2,1.0
08/08/05,22:30:00,0,1,22,30,0,0,1,2.0
08/08/05,23:00:00,0,2,23,0,0,0,2,0.0
08/08/05,23:30:00,0,0,23,30,0,0,0,0.0
08/09/05,00:00:00,0,0,0,0,1,0,0,0.0
08/09/05,00:30:00,0,0,0,30,1,0,0,0.0
08/09/05,01:00:00,0,0,1,0,1,0,0,0.0
08/09/05,01:30:00,0,0,1,30,1,0,0,0.0
08/09/05,02:00:00,0,0,2,0,1,0,0,0.0
08/09/05,02:30:00,0,0,2,30,1,0,0,0.0
08/09/05,03:00:00,0,0,3,0,1,0,0,1.0
08/09/05,03:30:00,0,1,3,30,1,0,1,0.0
08/09/05,04:00:00,0,0,4,0,1,0,0,0.0
08/09/05,04:30:00,0,0,4,30,1,0,0,0.0
08/09/05,05:00:00,0,0,5,0,1,0,0,1.0
08/09/05,05:30:00,1,0,5,30,1,0,1,2.0
08/09/05,06:00:00,1,1,6,0,1,0,2,0.0
08/09/05,06:30:00,0,0,6,30,1,0,0,1.0
08/09/05,07:00:00,1,0,7,0,1,0,1,0.0
08/09/05,07:30:00,0,0,7,30,1,0,0,2.0
08/09/05,08:00:00,2,0,8,0,1,0,2,3.0
08/09/05,08:30:00,3,0,8,30,1,0,3,8.0
08/09/05,09:00:00,5,3,9,0,1,0,8,21.0
08/09/05,09:30:00,15,6,9,30,1,0,21,26.0
08/09/05,10:00:00,25,1,10,0,1,0,26,12.0
08/09/05,10:30:00,9,3,10,30,1,0,12,17.0
08/09/05,11:00:00,4,13,11,0,1,0,17,34.0
08/09/05,11:30:00,25,9,11,30,1,0,34,35.0
08/09/05,12:00:00,22,13,12,0,1,0,35,19.0
08/09/05,12:30:00,8,11,12,30,1,0,19,41.0
08/09/05,13:00:00,22,19,13,0,1,0,41,34.0
08/09/05,13:30:00,18,16,13,30,1,0,34,25.0
08/09/05,14:00:00,12,13,14,0,1,0,25,11.0
08/09/05,14:30:00,7,4,14,30,1,0,11,27.0
08/09/05,15:00:00,12,15,15,0,1,0,27,23.0
08/09/05,15:30:00,10,13,15,30,1,0,23,15.0
08/09/05,16:00:00,4,11,16,0,1,0,15,34.0
08/09/05,16:30:00,21,13,16,30,1,0,34,25.0
08/09/05,17:00:00,13,12,17,0,1,0,25,27.0
08/09/05,17:30:00,18,9,17,30,1,0,27,21.0
08/09/05,18:00:00,6,15,18,0,1,0,21,16.0
08/09/05,18:30:00,6,10,18,30,1,0,16,0.0
08/09/05,19:00:00,0,0,19,0,1,0,0,0.0
08/09/05,19:30:00,0,0,19,30,1,0,0,0.0
08/09/05,20:00:00,0,0,20,0,1,0,0,0.0
08/09/05,20:30:00,0,0,20,30,1,0,0,0.0
08/09/05,21:00:00,0,0,21,0,1,0,0,0.0
08/09/05,21:30:00,0,0,21,30,1,0,0,0.0
08/09/05,22:00:00,0,0,22,0,1,0,0,0.0
08/09/05,22:30:00,0,0,22,30,1,0,0,0.0
08/09/05,23:00:00,0,0,23,0,1,0,0,0.0
08/09/05,23:30:00,0,0,23,30,1,0,0,0.0
08/10/05,00:00:00,0,0,0,0,2,0,0,0.0
08/10/05,00:30:00,0,0,0,30,2,0,0,0.0
08/10/05,01:00:00,0,0,1,0,2,0,0,0.0
08/10/05,01:30:00,0,0,1,30,2,0,0,0.0
08/10/05,02:00:00,0,0,2,0,2,0,0,0.0
08/10/05,02:30:00,0,0,2,30,2,0,0,0.0
08/10/05,03:00:00,0,0,3,0,2,0,0,0.0
08/10/05,03:30:00,0,0,3,30,2,0,0,0.0
08/10/05,04:00:00,0,0,4,0,2,0,0,0.0
08/10/05,04:30:00,0,0,4,30,2,0,0,0.0
08/10/05,05:00:00,0,0,5,0,2,0,0,3.0
08/10/05,05:30:00,1,2,5,30,2,0,3,3.0
08/10/05,06:00:00,1,2,6,0,2,0,3,0.0
08/10/05,06:30:00,0,0,6,30,2,0,0,3.0
08/10/05,07:00:00,3,0,7,0,2,0,3,18.0
08/10/05,07:30:00,15,3,7,30,2,0,18,5.0
08/10/05,08:00:00,5,0,8,0,2,0,5,4.0
08/10/05,08:30:00,2,2,8,30,2,0,4,6.0
08/10/05,09:00:00,4,2,9,0,2,0,6,14.0
08/10/05,09:30:00,9,5,9,30,2,0,14,13.0
08/10/05,10:00:00,8,5,10,0,2,0,13,23.0
08/10/05,10:30:00,15,8,10,30,2,0,23,25.0
08/10/05,11:00:00,17,8,11,0,2,0,25,25.0
08/10/05,11:30:00,14,11,11,30,2,0,25,35.0
08/10/05,12:00:00,15,20,12,0,2,0,35,28.0
08/10/05,12:30:00,16,12,12,30,2,0,28,22.0
08/10/05,13:00:00,11,11,13,0,2,0,22,23.0
08/10/05,13:30:00,15,8,13,30,2,0,23,31.0
08/10/05,14:00:00,20,11,14,0,2,0,31,15.0
08/10/05,14:30:00,8,7,14,30,2,0,15,19.0
08/10/05,15:00:00,6,13,15,0,2,0,19,25.0
08/10/05,15:30:00,10,15,15,30,2,0,25,15.0
08/10/05,16:00:00,6,9,16,0,2,0,15,12.0
08/10/05,16:30:00,7,5,16,30,2,0,12,31.0
08/10/05,17:00:00,6,25,17,0,2,0,31,11.0
08/10/05,17:30:00,1,10,17,30,2,0,11,6.0
08/10/05,18:00:00,2,4,18,0,2,0,6,8.0
08/10/05,18:30:00,2,6,18,30,2,0,8,4.0
08/10/05,19:00:00,3,1,19,0,2,0,4,5.0
08/10/05,19:30:00,3,2,19,30,2,0,5,1.0
08/10/05,20:00:00,0,1,20,0,2,0,1,1.0
08/10/05,20:30:00,0,1,20,30,2,0,1,1.0
08/10/05,21:00:00,0,1,21,0,2,0,1,4.0
08/10/05,21:30:00,2,2,21,30,2,0,4,3.0
08/10/05,22:00:00,0,3,22,0,2,0,3,1.0
08/10/05,22:30:00,0,1,22,30,2,0,1,3.0
08/10/05,23:00:00,2,1,23,0,2,0,3,1.0
08/10/05,23:30:00,0,1,23,30,2,0,1,0.0
08/11/05,00:00:00,0,0,0,0,3,0,0,0.0
08/11/05,00:30:00,0,0,0,30,3,0,0,0.0
08/11/05,01:00:00,0,0,1,0,3,0,0,0.0
08/11/05,01:30:00,0,0,1,30,3,0,0,0.0
08/11/05,02:00:00,0,0,2,0,3,0,0,0.0
08/11/05,02:30:00,0,0,2,30,3,0,0,0.0
08/11/05,03:00:00,0,0,3,0,3,0,0,0.0
08/11/05,03:30:00,0,0,3,30,3,0,0,2.0
08/11/05,04:00:00,1,1,4,0,3,0,2,0.0
08/11/05,04:30:00,0,0,4,30,3,0,0,4.0
08/11/05,05:00:00,2,2,5,0,3,0,4,0.0
08/11/05,05:30:00,0,0,5,30,3,0,0,0.0
08/11/05,06:00:00,0,0,6,0,3,0,0,0.0
08/11/05,06:30:00,0,0,6,30,3,0,0,0.0
08/11/05,07:00:00,0,0,7,0,3,0,0,5.0
08/11/05,07:30:00,3,2,7,30,3,0,5,0.0
08/11/05,08:00:00,0,0,8,0,3,0,0,1.0
08/11/05,08:30:00,1,0,8,30,3,0,1,8.0
08/11/05,09:00:00,8,0,9,0,3,0,8,13.0
08/11/05,09:30:00,9,4,9,30,3,0,13,10.0
08/11/05,10:00:00,5,5,10,0,3,0,10,16.0
08/11/05,10:30:00,11,5,10,30,3,0,16,30.0
08/11/05,11:00:00,15,15,11,0,3,0,30,16.0
08/11/05,11:30:00,6,10,11,30,3,0,16,29.0
08/11/05,12:00:00,14,15,12,0,3,0,29,19.0
08/11/05,12:30:00,6,13,12,30,3,0,19,12.0
08/11/05,13:00:00,11,1,13,0,3,0,12,24.0
08/11/05,13:30:00,18,6,13,30,3,0,24,17.0
08/11/05,14:00:00,10,7,14,0,3,0,17,16.0
08/11/05,14:30:00,12,4,14,30,3,0,16,32.0
08/11/05,15:00:00,16,16,15,0,3,0,32,16.0
08/11/05,15:30:00,13,3,15,30,3,0,16,11.0
08/11/05,16:00:00,1,10,16,0,3,0,11,12.0
08/11/05,16:30:00,9,3,16,30,3,0,12,12.0
08/11/05,17:00:00,4,8,17,0,3,0,12,11.0
08/11/05,17:30:00,3,8,17,30,3,0,11,14.0
08/11/05,18:00:00,6,8,18,0,3,0,14,6.0
08/11/05,18:30:00,4,2,18,30,3,0,6,2.0
08/11/05,19:00:00,0,2,19,0,3,0,2,10.0
08/11/05,19:30:00,5,5,19,30,3,0,10,9.0
08/11/05,20:00:00,3,6,20,0,3,0,9,7.0
08/11/05,20:30:00,5,2,20,30,3,0,7,4.0
08/11/05,21:00:00,1,3,21,0,3,0,4,3.0
08/11/05,21:30:00,1,2,21,30,3,0,3,2.0
08/11/05,22:00:00,0,2,22,0,3,0,2,2.0
08/11/05,22:30:00,0,2,22,30,3,0,2,2.0
08/11/05,23:00:00,1,1,23,0,3,0,2,0.0
08/11/05,23:30:00,0,0,23,30,3,0,0,4.0
08/12/05,00:00:00,2,2,0,0,4,0,4,4.0
08/12/05,00:30:00,0,4,0,30,4,0,4,0.0
08/12/05,01:00:00,0,0,1,0,4,0,0,0.0
08/12/05,01:30:00,0,0,1,30,4,0,0,0.0
08/12/05,02:00:00,0,0,2,0,4,0,0,0.0
08/12/05,02:30:00,0,0,2,30,4,0,0,0.0
08/12/05,03:00:00,0,0,3,0,4,0,0,0.0
08/12/05,03:30:00,0,0,3,30,4,0,0,0.0
08/12/05,04:00:00,0,0,4,0,4,0,0,2.0
08/12/05,04:30:00,1,1,4,30,4,0,2,1.0
08/12/05,05:00:00,1,0,5,0,4,0,1,4.0
08/12/05,05:30:00,1,3,5,30,4,0,4,1.0
08/12/05,06:00:00,1,0,6,0,4,0,1,0.0
08/12/05,06:30:00,0,0,6,30,4,0,0,0.0
08/12/05,07:00:00,0,0,7,0,4,0,0,0.0
08/12/05,07:30:00,0,0,7,30,4,0,0,12.0
08/12/05,08:00:00,10,2,8,0,4,0,12,13.0
08/12/05,08:30:00,7,6,8,30,4,0,13,22.0
08/12/05,09:00:00,19,3,9,0,4,0,22,30.0
08/12/05,09:30:00,24,6,9,30,4,0,30,40.0
08/12/05,10:00:00,21,19,10,0,4,0,40,26.0
08/12/05,10:30:00,12,14,10,30,4,0,26,11.0
08/12/05,11:00:00,3,8,11,0,4,0,11,21.0
08/12/05,11:30:00,14,7,11,30,4,0,21,31.0
08/12/05,12:00:00,10,21,12,0,4,0,31,16.0
08/12/05,12:30:00,7,9,12,30,4,0,16,28.0
08/12/05,13:00:00,16,12,13,0,4,0,28,20.0
08/12/05,13:30:00,12,8,13,30,4,0,20,31.0
08/12/05,14:00:00,22,9,14,0,4,0,31,23.0
08/12/05,14:30:00,11,12,14,30,4,0,23,16.0
08/12/05,15:00:00,9,7,15,0,4,0,16,12.0
08/12/05,15:30:00,8,4,15,30,4,0,12,11.0
08/12/05,16:00:00,6,5,16,0,4,0,11,20.0
08/12/05,16:30:00,8,12,16,30,4,0,20,13.0
08/12/05,17:00:00,3,10,17,0,4,0,13,10.0
08/12/05,17:30:00,3,7,17,30,4,0,10,8.0
08/12/05,18:00:00,2,6,18,0,4,0,8,3.0
08/12/05,18:30:00,1,2,18,30,4,0,3,0.0
08/12/05,19:00:00,0,0,19,0,4,0,0,1.0
08/12/05,19:30:00,0,1,19,30,4,0,1,1.0
08/12/05,20:00:00,0,1,20,0,4,0,1,1.0
08/12/05,20:30:00,0,1,20,30,4,0,1,0.0
08/12/05,21:00:00,0,0,21,0,4,0,0,0.0
08/12/05,21:30:00,0,0,21,30,4,0,0,0.0
08/12/05,22:00:00,0,0,22,0,4,0,0,0.0
08/12/05,22:30:00,0,0,22,30,4,0,0,0.0
08/12/05,23:00:00,0,0,23,0,4,0,0,2.0
08/12/05,23:30:00,1,1,23,30,4,0,2,0.0
08/13/05,00:00:00,0,0,0,0,5,1,0,1.0
08/13/05,00:30:00,0,1,0,30,5,1,1,0.0
08/13/05,01:00:00,0,0,1,0,5,1,0,0.0
08/13/05,01:30:00,0,0,1,30,5,1,0,0.0
08/13/05,02:00:00,0,0,2,0,5,1,0,0.0
08/13/05,02:30:00,0,0,2,30,5,1,0,0.0
08/13/05,03:00:00,0,0,3,0,5,1,0,0.0
08/13/05,03:30:00,0,0,3,30,5,1,0,0.0
08/13/05,04:00:00,0,0,4,0,5,1,0,0.0
08/13/05,04:30:00,0,0,4,30,5,1,0,0.0
08/13/05,05:00:00,0,0,5,0,5,1,0,0.0
08/13/05,05:30:00,0,0,5,30,5,1,0,0.0
08/13/05,06:00:00,0,0,6,0,5,1,0,0.0
08/13/05,06:30:00,0,0,6,30,5,1,0,0.0
08/13/05,07:00:00,0,0,7,0,5,1,0,0.0
08/13/05,07:30:00,0,0,7,30,5,1,0,0.0
08/13/05,08:00:00,0,0,8,0,5,1,0,1.0
08/13/05,08:30:00,1,0,8,30,5,1,1,0.0
08/13/05,09:00:00,0,0,9,0,5,1,0,1.0
08/13/05,09:30:00,0,1,9,30,5,1,1,3.0
08/13/05,10:00:00,2,1,10,0,5,1,3,0.0
08/13/05,10:30:00,0,0,10,30,5,1,0,3.0
08/13/05,11:00:00,1,2,11,0,5,1,3,9.0
08/13/05,11:30:00,4,5,11,30,5,1,9,6.0
08/13/05,12:00:00,3,3,12,0,5,1,6,9.0
08/13/05,12:30:00,7,2,12,30,5,1,9,2.0
08/13/05,13:00:00,0,2,13,0,5,1,2,2.0
08/13/05,13:30:00,2,0,13,30,5,1,2,3.0
08/13/05,14:00:00,0,3,14,0,5,1,3,0.0
08/13/05,14:30:00,0,0,14,30,5,1,0,3.0
08/13/05,15:00:00,3,0,15,0,5,1,3,3.0
08/13/05,15:30:00,0,3,15,30,5,1,3,2.0
08/13/05,16:00:00,1,1,16,0,5,1,2,2.0
08/13/05,16:30:00,0,2,16,30,5,1,2,0.0
08/13/05,17:00:00,0,0,17,0,5,1,0,0.0
08/13/05,17:30:00,0,0,17,30,5,1,0,0.0
08/13/05,18:00:00,0,0,18,0,5,1,0,0.0
08/13/05,18:30:00,0,0,18,30,5,1,0,0.0
08/13/05,19:00:00,0,0,19,0,5,1,0,0.0
08/13/05,19:30:00,0,0,19,30,5,1,0,0.0
08/13/05,20:00:00,0,0,20,0,5,1,0,3.0
08/13/05,20:30:00,1,2,20,30,5,1,3,0.0
08/13/05,21:00:00,0,0,21,0,5,1,0,1.0
08/13/05,21:30:00,0,1,21,30,5,1,1,0.0
08/13/05,22:00:00,0,0,22,0,5,1,0,0.0
08/13/05,22:30:00,0,0,22,30,5,1,0,1.0
08/13/05,23:00:00,0,1,23,0,5,1,1,0.0
08/13/05,23:30:00,0,0,23,30,5,1,0,0.0
08/14/05,00:00:00,0,0,0,0,6,1,0,0.0
08/14/05,00:30:00,0,0,0,30,6,1,0,0.0
08/14/05,01:00:00,0,0,1,0,6,1,0,0.0
08/14/05,01:30:00,0,0,1,30,6,1,0,0.0
08/14/05,02:00:00,0,0,2,0,6,1,0,1.0
08/14/05,02:30:00,0,1,2,30,6,1,1,0.0
08/14/05,03:00:00,0,0,3,0,6,1,0,0.0
08/14/05,03:30:00,0,0,3,30,6,1,0,0.0
08/14/05,04:00:00,0,0,4,0,6,1,0,0.0
08/14/05,04:30:00,0,0,4,30,6,1,0,0.0
08/14/05,05:00:00,0,0,5,0,6,1,0,0.0
08/14/05,05:30:00,0,0,5,30,6,1,0,0.0
08/14/05,06:00:00,0,0,6,0,6,1,0,0.0
08/14/05,06:30:00,0,0,6,30,6,1,0,0.0
08/14/05,07:00:00,0,0,7,0,6,1,0,0.0
08/14/05,07:30:00,0,0,7,30,6,1,0,0.0
08/14/05,08:00:00,0,0,8,0,6,1,0,0.0
08/14/05,08:30:00,0,0,8,30,6,1,0,0.0
08/14/05,09:00:00,0,0,9,0,6,1,0,0.0
08/14/05,09:30:00,0,0,9,30,6,1,0,0.0
08/14/05,10:00:00,0,0,10,0,6,1,0,0.0
08/14/05,10:30:00,0,0,10,30,6,1,0,0.0
08/14/05,11:00:00,0,0,11,0,6,1,0,0.0
08/14/05,11:30:00,0,0,11,30,6,1,0,2.0
08/14/05,12:00:00,2,0,12,0,6,1,2,0.0
08/14/05,12:30:00,0,0,12,30,6,1,0,0.0
08/14/05,13:00:00,0,0,13,0,6,1,0,0.0
08/14/05,13:30:00,0,0,13,30,6,1,0,0.0
08/14/05,14:00:00,0,0,14,0,6,1,0,1.0
08/14/05,14:30:00,0,1,14,30,6,1,1,0.0
08/14/05,15:00:00,0,0,15,0,6,1,0,0.0
08/14/05,15:30:00,0,0,15,30,6,1,0,0.0
08/14/05,16:00:00,0,0,16,0,6,1,0,0.0
08/14/05,16:30:00,0,0,16,30,6,1,0,2.0
08/14/05,17:00:00,0,2,17,0,6,1,2,3.0
08/14/05,17:30:00,0,3,17,30,6,1,3,2.0
08/14/05,18:00:00,0,2,18,0,6,1,2,2.0
08/14/05,18:30:00,2,0,18,30,6,1,2,1.0
08/14/05,19:00:00,0,1,19,0,6,1,1,0.0
08/14/05,19:30:00,0,0,19,30,6,1,0,1.0
08/14/05,20:00:00,1,0,20,0,6,1,1,3.0
08/14/05,20:30:00,1,2,20,30,6,1,3,0.0
08/14/05,21:00:00,0,0,21,0,6,1,0,0.0
08/14/05,21:30:00,0,0,21,30,6,1,0,0.0
08/14/05,22:00:00,0,0,22,0,6,1,0,6.0
08/14/05,22:30:00,3,3,22,30,6,1,6,0.0
08/14/05,23:00:00,0,0,23,0,6,1,0,0.0
08/14/05,23:30:00,0,0,23,30,6,1,0,2.0
08/15/05,00:00:00,1,1,0,0,0,0,2,0.0
08/15/05,00:30:00,0,0,0,30,0,0,0,0.0
08/15/05,01:00:00,0,0,1,0,0,0,0,0.0
08/15/05,01:30:00,0,0,1,30,0,0,0,1.0
08/15/05,02:00:00,0,1,2,0,0,0,1,1.0
08/15/05,02:30:00,1,0,2,30,0,0,1,0.0
08/15/05,03:00:00,0,0,3,0,0,0,0,0.0
08/15/05,03:30:00,0,0,3,30,0,0,0,0.0
08/15/05,04:00:00,0,0,4,0,0,0,0,0.0
08/15/05,04:30:00,0,0,4,30,0,0,0,2.0
08/15/05,05:00:00,0,2,5,0,0,0,2,1.0
08/15/05,05:30:00,1,0,5,30,0,0,1,4.0
08/15/05,06:00:00,1,3,6,0,0,0,4,0.0
08/15/05,06:30:00,0,0,6,30,0,0,0,1.0
08/15/05,07:00:00,1,0,7,0,0,0,1,1.0
08/15/05,07:30:00,1,0,7,30,0,0,1,0.0
08/15/05,08:00:00,0,0,8,0,0,0,0,6.0
08/15/05,08:30:00,5,1,8,30,0,0,6,8.0
08/15/05,09:00:00,8,0,9,0,0,0,8,7.0
08/15/05,09:30:00,5,2,9,30,0,0,7,12.0
08/15/05,10:00:00,8,4,10,0,0,0,12,18.0
08/15/05,10:30:00,11,7,10,30,0,0,18,16.0
08/15/05,11:00:00,10,6,11,0,0,0,16,12.0
08/15/05,11:30:00,3,9,11,30,0,0,12,19.0
08/15/05,12:00:00,8,11,12,0,0,0,19,10.0
08/15/05,12:30:00,7,3,12,30,0,0,10,34.0
08/15/05,13:00:00,17,17,13,0,0,0,34,30.0
08/15/05,13:30:00,19,11,13,30,0,0,30,24.0
08/15/05,14:00:00,19,5,14,0,0,0,24,28.0
08/15/05,14:30:00,14,14,14,30,0,0,28,18.0
08/15/05,15:00:00,6,12,15,0,0,0,18,17.0
08/15/05,15:30:00,14,3,15,30,0,0,17,18.0
08/15/05,16:00:00,4,14,16,0,0,0,18,6.0
08/15/05,16:30:00,0,6,16,30,0,0,6,16.0
08/15/05,17:00:00,8,8,17,0,0,0,16,14.0
08/15/05,17:30:00,1,13,17,30,0,0,14,12.0
08/15/05,18:00:00,7,5,18,0,0,0,12,9.0
08/15/05,18:30:00,1,8,18,30,0,0,9,7.0
08/15/05,19:00:00,2,5,19,0,0,0,7,2.0
08/15/05,19:30:00,2,0,19,30,0,0,2,5.0
08/15/05,20:00:00,3,2,20,0,0,0,5,1.0
08/15/05,20:30:00,0,1,20,30,0,0,1,2.0
08/15/05,21:00:00,1,1,21,0,0,0,2,2.0
08/15/05,21:30:00,0,2,21,30,0,0,2,2.0
08/15/05,22:00:00,1,1,22,0,0,0,2,1.0
08/15/05,22:30:00,0,1,22,30,0,0,1,4.0
08/15/05,23:00:00,2,2,23,0,0,0,4,3.0
08/15/05,23:30:00,0,3,23,30,0,0,3,0.0
08/16/05,00:00:00,0,0,0,0,1,0,0,0.0
08/16/05,00:30:00,0,0,0,30,1,0,0,0.0
08/16/05,01:00:00,0,0,1,0,1,0,0,2.0
08/16/05,01:30:00,0,2,1,30,1,0,2,0.0
08/16/05,02:00:00,0,0,2,0,1,0,0,0.0
08/16/05,02:30:00,0,0,2,30,1,0,0,0.0
08/16/05,03:00:00,0,0,3,0,1,0,0,1.0
08/16/05,03:30:00,0,1,3,30,1,0,1,0.0
08/16/05,04:00:00,0,0,4,0,1,0,0,0.0
08/16/05,04:30:00,0,0,4,30,1,0,0,1.0
08/16/05,05:00:00,1,0,5,0,1,0,1,1.0
08/16/05,05:30:00,1,0,5,30,1,0,1,6.0
08/16/05,06:00:00,3,3,6,0,1,0,6,0.0
08/16/05,06:30:00,0,0,6,30,1,0,0,0.0
08/16/05,07:00:00,0,0,7,0,1,0,0,1.0
08/16/05,07:30:00,1,0,7,30,1,0,1,6.0
08/16/05,08:00:00,3,3,8,0,1,0,6,10.0
08/16/05,08:30:00,6,4,8,30,1,0,10,12.0
08/16/05,09:00:00,8,4,9,0,1,0,12,24.0
08/16/05,09:30:00,16,8,9,30,1,0,24,17.0
08/16/05,10:00:00,11,6,10,0,1,0,17,39.0
08/16/05,10:30:00,31,8,10,30,1,0,39,31.0
08/16/05,11:00:00,25,6,11,0,1,0,31,19.0
08/16/05,11:30:00,10,9,11,30,1,0,19,31.0
08/16/05,12:00:00,14,17,12,0,1,0,31,26.0
08/16/05,12:30:00,14,12,12,30,1,0,26,24.0
08/16/05,13:00:00,12,12,13,0,1,0,24,38.0
08/16/05,13:30:00,14,24,13,30,1,0,38,29.0
08/16/05,14:00:00,16,13,14,0,1,0,29,23.0
08/16/05,14:30:00,12,11,14,30,1,0,23,29.0
08/16/05,15:00:00,12,17,15,0,1,0,29,17.0
08/16/05,15:30:00,11,6,15,30,1,0,17,12.0
08/16/05,16:00:00,6,6,16,0,1,0,12,17.0
08/16/05,16:30:00,9,8,16,30,1,0,17,11.0
08/16/05,17:00:00,2,9,17,0,1,0,11,10.0
08/16/05,17:30:00,0,10,17,30,1,0,10,10.0
08/16/05,18:00:00,1,9,18,0,1,0,10,6.0
08/16/05,18:30:00,1,5,18,30,1,0,6,4.0
08/16/05,19:00:00,1,3,19,0,1,0,4,1.0
08/16/05,19:30:00,0,1,19,30,1,0,1,5.0
08/16/05,20:00:00,2,3,20,0,1,0,5,1.0
08/16/05,20:30:00,0,1,20,30,1,0,1,0.0
08/16/05,21:00:00,0,0,21,0,1,0,0,1.0
08/16/05,21:30:00,0,1,21,30,1,0,1,0.0
08/16/05,22:00:00,0,0,22,0,1,0,0,1.0
08/16/05,22:30:00,0,1,22,30,1,0,1,0.0
08/16/05,23:00:00,0,0,23,0,1,0,0,0.0
08/16/05,23:30:00,0,0,23,30,1,0,0,0.0
08/17/05,00:00:00,0,0,0,0,2,0,0,1.0
08/17/05,00:30:00,0,1,0,30,2,0,1,0.0
08/17/05,01:00:00,0,0,1,0,2,0,0,0.0
08/17/05,01:30:00,0,0,1,30,2,0,0,0.0
08/17/05,02:00:00,0,0,2,0,2,0,0,0.0
08/17/05,02:30:00,0,0,2,30,2,0,0,0.0
08/17/05,03:00:00,0,0,3,0,2,0,0,1.0
08/17/05,03:30:00,0,1,3,30,2,0,1,0.0
08/17/05,04:00:00,0,0,4,0,2,0,0,1.0
08/17/05,04:30:00,0,1,4,30,2,0,1,0.0
08/17/05,05:00:00,0,0,5,0,2,0,0,0.0
08/17/05,05:30:00,0,0,5,30,2,0,0,7.0
08/17/05,06:00:00,3,4,6,0,2,0,7,0.0
08/17/05,06:30:00,0,0,6,30,2,0,0,0.0
08/17/05,07:00:00,0,0,7,0,2,0,0,0.0
08/17/05,07:30:00,0,0,7,30,2,0,0,8.0
08/17/05,08:00:00,4,4,8,0,2,0,8,2.0
08/17/05,08:30:00,2,0,8,30,2,0,2,10.0
08/17/05,09:00:00,9,1,9,0,2,0,10,16.0
08/17/05,09:30:00,14,2,9,30,2,0,16,14.0
08/17/05,10:00:00,11,3,10,0,2,0,14,14.0
08/17/05,10:30:00,9,5,10,30,2,0,14,16.0
08/17/05,11:00:00,12,4,11,0,2,0,16,18.0
08/17/05,11:30:00,9,9,11,30,2,0,18,25.0
08/17/05,12:00:00,10,15,12,0,2,0,25,18.0
08/17/05,12:30:00,12,6,12,30,2,0,18,28.0
08/17/05,13:00:00,13,15,13,0,2,0,28,29.0
08/17/05,13:30:00,19,10,13,30,2,0,29,15.0
08/17/05,14:00:00,11,4,14,0,2,0,15,16.0
08/17/05,14:30:00,7,9,14,30,2,0,16,17.0
08/17/05,15:00:00,4,13,15,0,2,0,17,13.0
08/17/05,15:30:00,10,3,15,30,2,0,13,30.0
08/17/05,16:00:00,18,12,16,0,2,0,30,18.0
08/17/05,16:30:00,8,10,16,30,2,0,18,28.0
08/17/05,17:00:00,6,22,17,0,2,0,28,8.0
08/17/05,17:30:00,1,7,17,30,2,0,8,7.0
08/17/05,18:00:00,1,6,18,0,2,0,7,13.0
08/17/05,18:30:00,2,11,18,30,2,0,13,6.0
08/17/05,19:00:00,1,5,19,0,2,0,6,12.0
08/17/05,19:30:00,7,5,19,30,2,0,12,5.0
08/17/05,20:00:00,2,3,20,0,2,0,5,2.0
08/17/05,20:30:00,0,2,20,30,2,0,2,2.0
08/17/05,21:00:00,2,0,21,0,2,0,2,2.0
08/17/05,21:30:00,0,2,21,30,2,0,2,0.0
08/17/05,22:00:00,0,0,22,0,2,0,0,2.0
08/17/05,22:30:00,2,0,22,30,2,0,2,0.0
08/17/05,23:00:00,0,0,23,0,2,0,0,0.0
08/17/05,23:30:00,0,0,23,30,2,0,0,1.0
08/18/05,00:00:00,0,1,0,0,3,0,1,0.0
08/18/05,00:30:00,0,0,0,30,3,0,0,0.0
08/18/05,01:00:00,0,0,1,0,3,0,0,0.0
08/18/05,01:30:00,0,0,1,30,3,0,0,0.0
08/18/05,02:00:00,0,0,2,0,3,0,0,0.0
08/18/05,02:30:00,0,0,2,30,3,0,0,0.0
08/18/05,03:00:00,0,0,3,0,3,0,0,0.0
08/18/05,03:30:00,0,0,3,30,3,0,0,0.0
08/18/05,04:00:00,0,0,4,0,3,0,0,0.0
08/18/05,04:30:00,0,0,4,30,3,0,0,5.0
08/18/05,05:00:00,3,2,5,0,3,0,5,1.0
08/18/05,05:30:00,0,1,5,30,3,0,1,0.0
08/18/05,06:00:00,0,0,6,0,3,0,0,0.0
08/18/05,06:30:00,0,0,6,30,3,0,0,0.0
08/18/05,07:00:00,0,0,7,0,3,0,0,0.0
08/18/05,07:30:00,0,0,7,30,3,0,0,1.0
08/18/05,08:00:00,1,0,8,0,3,0,1,0.0
08/18/05,08:30:00,0,0,8,30,3,0,0,6.0
08/18/05,09:00:00,6,0,9,0,3,0,6,20.0
08/18/05,09:30:00,17,3,9,30,3,0,20,25.0
08/18/05,10:00:00,17,8,10,0,3,0,25,11.0
08/18/05,10:30:00,7,4,10,30,3,0,11,20.0
08/18/05,11:00:00,11,9,11,0,3,0,20,33.0
08/18/05,11:30:00,16,17,11,30,3,0,33,72.0
08/18/05,12:00:00,34,38,12,0,3,0,72,57.0
08/18/05,12:30:00,34,23,12,30,3,0,57,60.0
08/18/05,13:00:00,39,21,13,0,3,0,60,54.0
08/18/05,13:30:00,40,14,13,30,3,0,54,45.0
08/18/05,14:00:00,20,25,14,0,3,0,45,35.0
08/18/05,14:30:00,21,14,14,30,3,0,35,24.0
08/18/05,15:00:00,16,8,15,0,3,0,24,61.0
08/18/05,15:30:00,22,39,15,30,3,0,61,36.0
08/18/05,16:00:00,13,23,16,0,3,0,36,48.0
08/18/05,16:30:00,12,36,16,30,3,0,48,64.0
08/18/05,17:00:00,26,38,17,0,3,0,64,17.0
08/18/05,17:30:00,12,5,17,30,3,0,17,38.0
08/18/05,18:00:00,26,12,18,0,3,0,38,11.0
08/18/05,18:30:00,3,8,18,30,3,0,11,15.0
08/18/05,19:00:00,3,12,19,0,3,0,15,26.0
08/18/05,19:30:00,10,16,19,30,3,0,26,14.0
08/18/05,20:00:00,3,11,20,0,3,0,14,12.0
08/18/05,20:30:00,0,12,20,30,3,0,12,25.0
08/18/05,21:00:00,4,21,21,0,3,0,25,10.0
08/18/05,21:30:00,0,10,21,30,3,0,10,0.0
08/18/05,22:00:00,0,0,22,0,3,0,0,2.0
08/18/05,22:30:00,2,0,22,30,3,0,2,3.0
08/18/05,23:00:00,0,3,23,0,3,0,3,1.0
08/18/05,23:30:00,0,1,23,30,3,0,1,12.0
08/19/05,00:00:00,6,6,0,0,4,0,12,8.0
08/19/05,00:30:00,5,3,0,30,4,0,8,2.0
08/19/05,01:00:00,0,2,1,0,4,0,2,0.0
08/19/05,01:30:00,0,0,1,30,4,0,0,0.0
08/19/05,02:00:00,0,0,2,0,4,0,0,0.0
08/19/05,02:30:00,0,0,2,30,4,0,0,0.0
08/19/05,03:00:00,0,0,3,0,4,0,0,0.0
08/19/05,03:30:00,0,0,3,30,4,0,0,0.0
08/19/05,04:00:00,0,0,4,0,4,0,0,0.0
08/19/05,04:30:00,0,0,4,30,4,0,0,0.0
08/19/05,05:00:00,0,0,5,0,4,0,0,0.0
08/19/05,05:30:00,0,0,5,30,4,0,0,4.0
08/19/05,06:00:00,1,3,6,0,4,0,4,6.0
08/19/05,06:30:00,3,3,6,30,4,0,6,0.0
08/19/05,07:00:00,0,0,7,0,4,0,0,0.0
08/19/05,07:30:00,0,0,7,30,4,0,0,3.0
08/19/05,08:00:00,3,0,8,0,4,0,3,17.0
08/19/05,08:30:00,11,6,8,30,4,0,17,22.0
08/19/05,09:00:00,18,4,9,0,4,0,22,45.0
08/19/05,09:30:00,25,20,9,30,4,0,45,54.0
08/19/05,10:00:00,36,18,10,0,4,0,54,26.0
08/19/05,10:30:00,13,13,10,30,4,0,26,13.0
08/19/05,11:00:00,9,4,11,0,4,0,13,31.0
08/19/05,11:30:00,8,23,11,30,4,0,31,25.0
08/19/05,12:00:00,12,13,12,0,4,0,25,7.0
08/19/05,12:30:00,2,5,12,30,4,0,7,14.0
08/19/05,13:00:00,6,8,13,0,4,0,14,27.0
08/19/05,13:30:00,19,8,13,30,4,0,27,21.0
08/19/05,14:00:00,14,7,14,0,4,0,21,15.0
08/19/05,14:30:00,9,6,14,30,4,0,15,24.0
08/19/05,15:00:00,13,11,15,0,4,0,24,18.0
08/19/05,15:30:00,9,9,15,30,4,0,18,15.0
08/19/05,16:00:00,7,8,16,0,4,0,15,18.0
08/19/05,16:30:00,8,10,16,30,4,0,18,15.0
08/19/05,17:00:00,6,9,17,0,4,0,15,19.0
08/19/05,17:30:00,3,16,17,30,4,0,19,9.0
08/19/05,18:00:00,3,6,18,0,4,0,9,4.0
08/19/05,18:30:00,0,4,18,30,4,0,4,4.0
08/19/05,19:00:00,1,3,19,0,4,0,4,1.0
08/19/05,19:30:00,0,1,19,30,4,0,1,1.0
08/19/05,20:00:00,1,0,20,0,4,0,1,2.0
08/19/05,20:30:00,0,2,20,30,4,0,2,3.0
08/19/05,21:00:00,1,2,21,0,4,0,3,2.0
08/19/05,21:30:00,2,0,21,30,4,0,2,0.0
08/19/05,22:00:00,0,0,22,0,4,0,0,1.0
08/19/05,22:30:00,0,1,22,30,4,0,1,1.0
08/19/05,23:00:00,1,0,23,0,4,0,1,0.0
08/19/05,23:30:00,0,0,23,30,4,0,0,0.0
08/20/05,00:00:00,0,0,0,0,5,1,0,0.0
08/20/05,00:30:00,0,0,0,30,5,1,0,0.0
08/20/05,01:00:00,0,0,1,0,5,1,0,0.0
08/20/05,01:30:00,0,0,1,30,5,1,0,0.0
08/20/05,02:00:00,0,0,2,0,5,1,0,0.0
08/20/05,02:30:00,0,0,2,30,5,1,0,0.0
08/20/05,03:00:00,0,0,3,0,5,1,0,0.0
08/20/05,03:30:00,0,0,3,30,5,1,0,0.0
08/20/05,04:00:00,0,0,4,0,5,1,0,0.0
08/20/05,04:30:00,0,0,4,30,5,1,0,0.0
08/20/05,05:00:00,0,0,5,0,5,1,0,0.0
08/20/05,05:30:00,0,0,5,30,5,1,0,0.0
08/20/05,06:00:00,0,0,6,0,5,1,0,0.0
08/20/05,06:30:00,0,0,6,30,5,1,0,0.0
08/20/05,07:00:00,0,0,7,0,5,1,0,0.0
08/20/05,07:30:00,0,0,7,30,5,1,0,0.0
08/20/05,08:00:00,0,0,8,0,5,1,0,2.0
08/20/05,08:30:00,1,1,8,30,5,1,2,2.0
08/20/05,09:00:00,1,1,9,0,5,1,2,0.0
08/20/05,09:30:00,0,0,9,30,5,1,0,1.0
08/20/05,10:00:00,0,1,10,0,5,1,1,6.0
08/20/05,10:30:00,3,3,10,30,5,1,6,4.0
08/20/05,11:00:00,3,1,11,0,5,1,4,0.0
08/20/05,11:30:00,0,0,11,30,5,1,0,1.0
08/20/05,12:00:00,1,0,12,0,5,1,1,0.0
08/20/05,12:30:00,0,0,12,30,5,1,0,1.0
08/20/05,13:00:00,0,1,13,0,5,1,1,0.0
08/20/05,13:30:00,0,0,13,30,5,1,0,0.0
08/20/05,14:00:00,0,0,14,0,5,1,0,2.0
08/20/05,14:30:00,0,2,14,30,5,1,2,1.0
08/20/05,15:00:00,0,1,15,0,5,1,1,1.0
08/20/05,15:30:00,0,1,15,30,5,1,1,1.0
08/20/05,16:00:00,0,1,16,0,5,1,1,1.0
08/20/05,16:30:00,1,0,16,30,5,1,1,0.0
08/20/05,17:00:00,0,0,17,0,5,1,0,1.0
08/20/05,17:30:00,0,1,17,30,5,1,1,1.0
08/20/05,18:00:00,0,1,18,0,5,1,1,0.0
08/20/05,18:30:00,0,0,18,30,5,1,0,0.0
08/20/05,19:00:00,0,0,19,0,5,1,0,0.0
08/20/05,19:30:00,0,0,19,30,5,1,0,0.0
08/20/05,20:00:00,0,0,20,0,5,1,0,0.0
08/20/05,20:30:00,0,0,20,30,5,1,0,0.0
08/20/05,21:00:00,0,0,21,0,5,1,0,0.0
08/20/05,21:30:00,0,0,21,30,5,1,0,0.0
08/20/05,22:00:00,0,0,22,0,5,1,0,0.0
08/20/05,22:30:00,0,0,22,30,5,1,0,0.0
08/20/05,23:00:00,0,0,23,0,5,1,0,1.0
08/20/05,23:30:00,0,1,23,30,5,1,1,1.0
08/21/05,00:00:00,1,0,0,0,6,1,1,0.0
08/21/05,00:30:00,0,0,0,30,6,1,0,0.0
08/21/05,01:00:00,0,0,1,0,6,1,0,0.0
08/21/05,01:30:00,0,0,1,30,6,1,0,0.0
08/21/05,02:00:00,0,0,2,0,6,1,0,1.0
08/21/05,02:30:00,0,1,2,30,6,1,1,0.0
08/21/05,03:00:00,0,0,3,0,6,1,0,0.0
08/21/05,03:30:00,0,0,3,30,6,1,0,0.0
08/21/05,04:00:00,0,0,4,0,6,1,0,0.0
08/21/05,04:30:00,0,0,4,30,6,1,0,0.0
08/21/05,05:00:00,0,0,5,0,6,1,0,0.0
08/21/05,05:30:00,0,0,5,30,6,1,0,0.0
08/21/05,06:00:00,0,0,6,0,6,1,0,0.0
08/21/05,06:30:00,0,0,6,30,6,1,0,0.0
08/21/05,07:00:00,0,0,7,0,6,1,0,0.0
08/21/05,07:30:00,0,0,7,30,6,1,0,0.0
08/21/05,08:00:00,0,0,8,0,6,1,0,0.0
08/21/05,08:30:00,0,0,8,30,6,1,0,0.0
08/21/05,09:00:00,0,0,9,0,6,1,0,0.0
08/21/05,09:30:00,0,0,9,30,6,1,0,1.0
08/21/05,10:00:00,1,0,10,0,6,1,1,1.0
08/21/05,10:30:00,0,1,10,30,6,1,1,0.0
08/21/05,11:00:00,0,0,11,0,6,1,0,0.0
08/21/05,11:30:00,0,0,11,30,6,1,0,1.0
08/21/05,12:00:00,0,1,12,0,6,1,1,3.0
08/21/05,12:30:00,2,1,12,30,6,1,3,3.0
08/21/05,13:00:00,2,1,13,0,6,1,3,1.0
08/21/05,13:30:00,0,1,13,30,6,1,1,1.0
08/21/05,14:00:00,0,1,14,0,6,1,1,2.0
08/21/05,14:30:00,1,1,14,30,6,1,2,2.0
08/21/05,15:00:00,2,0,15,0,6,1,2,5.0
08/21/05,15:30:00,3,2,15,30,6,1,5,4.0
08/21/05,16:00:00,2,2,16,0,6,1,4,3.0
08/21/05,16:30:00,0,3,16,30,6,1,3,1.0
08/21/05,17:00:00,0,1,17,0,6,1,1,2.0
08/21/05,17:30:00,0,2,17,30,6,1,2,7.0
08/21/05,18:00:00,4,3,18,0,6,1,7,1.0
08/21/05,18:30:00,0,1,18,30,6,1,1,0.0
08/21/05,19:00:00,0,0,19,0,6,1,0,1.0
08/21/05,19:30:00,1,0,19,30,6,1,1,2.0
08/21/05,20:00:00,0,2,20,0,6,1,2,1.0
08/21/05,20:30:00,0,1,20,30,6,1,1,6.0
08/21/05,21:00:00,2,4,21,0,6,1,6,1.0
08/21/05,21:30:00,1,0,21,30,6,1,1,0.0
08/21/05,22:00:00,0,0,22,0,6,1,0,3.0
08/21/05,22:30:00,0,3,22,30,6,1,3,0.0
08/21/05,23:00:00,0,0,23,0,6,1,0,1.0
08/21/05,23:30:00,1,0,23,30,6,1,1,0.0
08/22/05,00:00:00,0,0,0,0,0,0,0,0.0
08/22/05,00:30:00,0,0,0,30,0,0,0,1.0
08/22/05,01:00:00,0,1,1,0,0,0,1,1.0
08/22/05,01:30:00,0,1,1,30,0,0,1,1.0
08/22/05,02:00:00,0,1,2,0,0,0,1,0.0
08/22/05,02:30:00,0,0,2,30,0,0,0,0.0
08/22/05,03:00:00,0,0,3,0,0,0,0,0.0
08/22/05,03:30:00,0,0,3,30,0,0,0,0.0
08/22/05,04:00:00,0,0,4,0,0,0,0,0.0
08/22/05,04:30:00,0,0,4,30,0,0,0,0.0
08/22/05,05:00:00,0,0,5,0,0,0,0,9.0
08/22/05,05:30:00,4,5,5,30,0,0,9,0.0
08/22/05,06:00:00,0,0,6,0,0,0,0,0.0
08/22/05,06:30:00,0,0,6,30,0,0,0,2.0
08/22/05,07:00:00,1,1,7,0,0,0,2,0.0
08/22/05,07:30:00,0,0,7,30,0,0,0,0.0
08/22/05,08:00:00,0,0,8,0,0,0,0,0.0
08/22/05,08:30:00,0,0,8,30,0,0,0,8.0
08/22/05,09:00:00,8,0,9,0,0,0,8,12.0
08/22/05,09:30:00,11,1,9,30,0,0,12,11.0
08/22/05,10:00:00,8,3,10,0,0,0,11,17.0
08/22/05,10:30:00,10,7,10,30,0,0,17,13.0
08/22/05,11:00:00,9,4,11,0,0,0,13,13.0
08/22/05,11:30:00,10,3,11,30,0,0,13,24.0
08/22/05,12:00:00,6,18,12,0,0,0,24,21.0
08/22/05,12:30:00,6,15,12,30,0,0,21,19.0
08/22/05,13:00:00,12,7,13,0,0,0,19,16.0
08/22/05,13:30:00,12,4,13,30,0,0,16,26.0
08/22/05,14:00:00,12,14,14,0,0,0,26,27.0
08/22/05,14:30:00,20,7,14,30,0,0,27,24.0
08/22/05,15:00:00,14,10,15,0,0,0,24,10.0
08/22/05,15:30:00,6,4,15,30,0,0,10,27.0
08/22/05,16:00:00,16,11,16,0,0,0,27,22.0
08/22/05,16:30:00,5,17,16,30,0,0,22,32.0
08/22/05,17:00:00,9,23,17,0,0,0,32,12.0
08/22/05,17:30:00,1,11,17,30,0,0,12,4.0
08/22/05,18:00:00,0,4,18,0,0,0,4,2.0
08/22/05,18:30:00,1,1,18,30,0,0,2,1.0
08/22/05,19:00:00,0,1,19,0,0,0,1,3.0
08/22/05,19:30:00,0,3,19,30,0,0,3,4.0
08/22/05,20:00:00,3,1,20,0,0,0,4,2.0
08/22/05,20:30:00,0,2,20,30,0,0,2,0.0
08/22/05,21:00:00,0,0,21,0,0,0,0,0.0
08/22/05,21:30:00,0,0,21,30,0,0,0,0.0
08/22/05,22:00:00,0,0,22,0,0,0,0,0.0
08/22/05,22:30:00,0,0,22,30,0,0,0,0.0
08/22/05,23:00:00,0,0,23,0,0,0,0,0.0
08/22/05,23:30:00,0,0,23,30,0,0,0,0.0
08/23/05,00:00:00,0,0,0,0,1,0,0,0.0
08/23/05,00:30:00,0,0,0,30,1,0,0,0.0
08/23/05,01:00:00,0,0,1,0,1,0,0,0.0
08/23/05,01:30:00,0,0,1,30,1,0,0,0.0
08/23/05,02:00:00,0,0,2,0,1,0,0,0.0
08/23/05,02:30:00,0,0,2,30,1,0,0,0.0
08/23/05,03:00:00,0,0,3,0,1,0,0,0.0
08/23/05,03:30:00,0,0,3,30,1,0,0,0.0
08/23/05,04:00:00,0,0,4,0,1,0,0,0.0
08/23/05,04:30:00,0,0,4,30,1,0,0,0.0
08/23/05,05:00:00,0,0,5,0,1,0,0,3.0
08/23/05,05:30:00,2,1,5,30,1,0,3,0.0
08/23/05,06:00:00,0,0,6,0,1,0,0,2.0
08/23/05,06:30:00,1,1,6,30,1,0,2,2.0
08/23/05,07:00:00,1,1,7,0,1,0,2,0.0
08/23/05,07:30:00,0,0,7,30,1,0,0,0.0
08/23/05,08:00:00,0,0,8,0,1,0,0,3.0
08/23/05,08:30:00,3,0,8,30,1,0,3,11.0
08/23/05,09:00:00,9,2,9,0,1,0,11,12.0
08/23/05,09:30:00,9,3,9,30,1,0,12,14.0
08/23/05,10:00:00,12,2,10,0,1,0,14,29.0
08/23/05,10:30:00,20,9,10,30,1,0,29,24.0
08/23/05,11:00:00,15,9,11,0,1,0,24,46.0
08/23/05,11:30:00,34,12,11,30,1,0,46,27.0
08/23/05,12:00:00,14,13,12,0,1,0,27,21.0
08/23/05,12:30:00,12,9,12,30,1,0,21,43.0
08/23/05,13:00:00,18,25,13,0,1,0,43,38.0
08/23/05,13:30:00,21,17,13,30,1,0,38,22.0
08/23/05,14:00:00,7,15,14,0,1,0,22,17.0
08/23/05,14:30:00,13,4,14,30,1,0,17,32.0
08/23/05,15:00:00,18,14,15,0,1,0,32,20.0
08/23/05,15:30:00,11,9,15,30,1,0,20,13.0
08/23/05,16:00:00,4,9,16,0,1,0,13,13.0
08/23/05,16:30:00,5,8,16,30,1,0,13,19.0
08/23/05,17:00:00,8,11,17,0,1,0,19,21.0
08/23/05,17:30:00,3,18,17,30,1,0,21,10.0
08/23/05,18:00:00,2,8,18,0,1,0,10,7.0
08/23/05,18:30:00,3,4,18,30,1,0,7,3.0
08/23/05,19:00:00,1,2,19,0,1,0,3,4.0
08/23/05,19:30:00,1,3,19,30,1,0,4,4.0
08/23/05,20:00:00,0,4,20,0,1,0,4,2.0
08/23/05,20:30:00,1,1,20,30,1,0,2,6.0
08/23/05,21:00:00,2,4,21,0,1,0,6,2.0
08/23/05,21:30:00,1,1,21,30,1,0,2,1.0
08/23/05,22:00:00,0,1,22,0,1,0,1,1.0
08/23/05,22:30:00,0,1,22,30,1,0,1,4.0
08/23/05,23:00:00,2,2,23,0,1,0,4,0.0
08/23/05,23:30:00,0,0,23,30,1,0,0,0.0
08/24/05,00:00:00,0,0,0,0,2,0,0,0.0
08/24/05,00:30:00,0,0,0,30,2,0,0,0.0
08/24/05,01:00:00,0,0,1,0,2,0,0,0.0
08/24/05,01:30:00,0,0,1,30,2,0,0,0.0
08/24/05,02:00:00,0,0,2,0,2,0,0,0.0
08/24/05,02:30:00,0,0,2,30,2,0,0,1.0
08/24/05,03:00:00,0,1,3,0,2,0,1,0.0
08/24/05,03:30:00,0,0,3,30,2,0,0,0.0
08/24/05,04:00:00,0,0,4,0,2,0,0,0.0
08/24/05,04:30:00,0,0,4,30,2,0,0,0.0
08/24/05,05:00:00,0,0,5,0,2,0,0,4.0
08/24/05,05:30:00,2,2,5,30,2,0,4,0.0
08/24/05,06:00:00,0,0,6,0,2,0,0,0.0
08/24/05,06:30:00,0,0,6,30,2,0,0,0.0
08/24/05,07:00:00,0,0,7,0,2,0,0,2.0
08/24/05,07:30:00,2,0,7,30,2,0,2,1.0
08/24/05,08:00:00,0,1,8,0,2,0,1,3.0
08/24/05,08:30:00,3,0,8,30,2,0,3,6.0
08/24/05,09:00:00,6,0,9,0,2,0,6,10.0
08/24/05,09:30:00,8,2,9,30,2,0,10,19.0
08/24/05,10:00:00,10,9,10,0,2,0,19,13.0
08/24/05,10:30:00,13,0,10,30,2,0,13,10.0
08/24/05,11:00:00,3,7,11,0,2,0,10,39.0
08/24/05,11:30:00,29,10,11,30,2,0,39,31.0
08/24/05,12:00:00,17,14,12,0,2,0,31,23.0
08/24/05,12:30:00,11,12,12,30,2,0,23,21.0
08/24/05,13:00:00,12,9,13,0,2,0,21,33.0
08/24/05,13:30:00,16,17,13,30,2,0,33,37.0
08/24/05,14:00:00,21,16,14,0,2,0,37,19.0
08/24/05,14:30:00,8,11,14,30,2,0,19,22.0
08/24/05,15:00:00,10,12,15,0,2,0,22,18.0
08/24/05,15:30:00,5,13,15,30,2,0,18,20.0
08/24/05,16:00:00,10,10,16,0,2,0,20,15.0
08/24/05,16:30:00,3,12,16,30,2,0,15,18.0
08/24/05,17:00:00,8,10,17,0,2,0,18,10.0
08/24/05,17:30:00,6,4,17,30,2,0,10,5.0
08/24/05,18:00:00,0,5,18,0,2,0,5,4.0
08/24/05,18:30:00,0,4,18,30,2,0,4,5.0
08/24/05,19:00:00,2,3,19,0,2,0,5,0.0
08/24/05,19:30:00,0,0,19,30,2,0,0,2.0
08/24/05,20:00:00,0,2,20,0,2,0,2,7.0
08/24/05,20:30:00,2,5,20,30,2,0,7,1.0
08/24/05,21:00:00,1,0,21,0,2,0,1,0.0
08/24/05,21:30:00,0,0,21,30,2,0,0,0.0
08/24/05,22:00:00,0,0,22,0,2,0,0,4.0
08/24/05,22:30:00,1,3,22,30,2,0,4,0.0
08/24/05,23:00:00,0,0,23,0,2,0,0,0.0
08/24/05,23:30:00,0,0,23,30,2,0,0,0.0
08/25/05,00:00:00,0,0,0,0,3,0,0,0.0
08/25/05,00:30:00,0,0,0,30,3,0,0,0.0
08/25/05,01:00:00,0,0,1,0,3,0,0,0.0
08/25/05,01:30:00,0,0,1,30,3,0,0,0.0
08/25/05,02:00:00,0,0,2,0,3,0,0,0.0
08/25/05,02:30:00,0,0,2,30,3,0,0,0.0
08/25/05,03:00:00,0,0,3,0,3,0,0,0.0
08/25/05,03:30:00,0,0,3,30,3,0,0,0.0
08/25/05,04:00:00,0,0,4,0,3,0,0,0.0
08/25/05,04:30:00,0,0,4,30,3,0,0,4.0
08/25/05,05:00:00,3,1,5,0,3,0,4,0.0
08/25/05,05:30:00,0,0,5,30,3,0,0,0.0
08/25/05,06:00:00,0,0,6,0,3,0,0,0.0
08/25/05,06:30:00,0,0,6,30,3,0,0,0.0
08/25/05,07:00:00,0,0,7,0,3,0,0,0.0
08/25/05,07:30:00,0,0,7,30,3,0,0,3.0
08/25/05,08:00:00,3,0,8,0,3,0,3,4.0
08/25/05,08:30:00,3,1,8,30,3,0,4,10.0
08/25/05,09:00:00,10,0,9,0,3,0,10,14.0
08/25/05,09:30:00,12,2,9,30,3,0,14,17.0
08/25/05,10:00:00,12,5,10,0,3,0,17,15.0
08/25/05,10:30:00,12,3,10,30,3,0,15,13.0
08/25/05,11:00:00,8,5,11,0,3,0,13,31.0
08/25/05,11:30:00,12,19,11,30,3,0,31,66.0
08/25/05,12:00:00,42,24,12,0,3,0,66,24.0
08/25/05,12:30:00,8,16,12,30,3,0,24,22.0
08/25/05,13:00:00,15,7,13,0,3,0,22,36.0
08/25/05,13:30:00,17,19,13,30,3,0,36,21.0
08/25/05,14:00:00,17,4,14,0,3,0,21,26.0
08/25/05,14:30:00,7,19,14,30,3,0,26,13.0
08/25/05,15:00:00,7,6,15,0,3,0,13,14.0
08/25/05,15:30:00,9,5,15,30,3,0,14,24.0
08/25/05,16:00:00,9,15,16,0,3,0,24,13.0
08/25/05,16:30:00,5,8,16,30,3,0,13,10.0
08/25/05,17:00:00,2,8,17,0,3,0,10,11.0
08/25/05,17:30:00,2,9,17,30,3,0,11,7.0
08/25/05,18:00:00,4,3,18,0,3,0,7,7.0
08/25/05,18:30:00,1,6,18,30,3,0,7,8.0
08/25/05,19:00:00,3,5,19,0,3,0,8,5.0
08/25/05,19:30:00,1,4,19,30,3,0,5,0.0
08/25/05,20:00:00,0,0,20,0,3,0,0,1.0
08/25/05,20:30:00,0,1,20,30,3,0,1,0.0
08/25/05,21:00:00,0,0,21,0,3,0,0,1.0
08/25/05,21:30:00,0,1,21,30,3,0,1,0.0
08/25/05,22:00:00,0,0,22,0,3,0,0,0.0
08/25/05,22:30:00,0,0,22,30,3,0,0,1.0
08/25/05,23:00:00,1,0,23,0,3,0,1,0.0
08/25/05,23:30:00,0,0,23,30,3,0,0,0.0
08/26/05,00:00:00,0,0,0,0,4,0,0,0.0
08/26/05,00:30:00,0,0,0,30,4,0,0,1.0
08/26/05,01:00:00,0,1,1,0,4,0,1,0.0
08/26/05,01:30:00,0,0,1,30,4,0,0,0.0
08/26/05,02:00:00,0,0,2,0,4,0,0,0.0
08/26/05,02:30:00,0,0,2,30,4,0,0,0.0
08/26/05,03:00:00,0,0,3,0,4,0,0,0.0
08/26/05,03:30:00,0,0,3,30,4,0,0,0.0
08/26/05,04:00:00,0,0,4,0,4,0,0,1.0
08/26/05,04:30:00,0,1,4,30,4,0,1,0.0
08/26/05,05:00:00,0,0,5,0,4,0,0,0.0
08/26/05,05:30:00,0,0,5,30,4,0,0,4.0
08/26/05,06:00:00,2,2,6,0,4,0,4,10.0
08/26/05,06:30:00,5,5,6,30,4,0,10,21.0
08/26/05,07:00:00,11,10,7,0,4,0,21,22.0
08/26/05,07:30:00,11,11,7,30,4,0,22,20.0
08/26/05,08:00:00,11,9,8,0,4,0,20,15.0
08/26/05,08:30:00,10,5,8,30,4,0,15,22.0
08/26/05,09:00:00,20,2,9,0,4,0,22,33.0
08/26/05,09:30:00,23,10,9,30,4,0,33,31.0
08/26/05,10:00:00,13,18,10,0,4,0,31,12.0
08/26/05,10:30:00,5,7,10,30,4,0,12,14.0
08/26/05,11:00:00,6,8,11,0,4,0,14,17.0
08/26/05,11:30:00,10,7,11,30,4,0,17,28.0
08/26/05,12:00:00,14,14,12,0,4,0,28,34.0
08/26/05,12:30:00,12,22,12,30,4,0,34,32.0
08/26/05,13:00:00,20,12,13,0,4,0,32,31.0
08/26/05,13:30:00,20,11,13,30,4,0,31,27.0
08/26/05,14:00:00,23,4,14,0,4,0,27,12.0
08/26/05,14:30:00,3,9,14,30,4,0,12,21.0
08/26/05,15:00:00,10,11,15,0,4,0,21,11.0
08/26/05,15:30:00,5,6,15,30,4,0,11,9.0
08/26/05,16:00:00,3,6,16,0,4,0,9,12.0
08/26/05,16:30:00,5,7,16,30,4,0,12,14.0
08/26/05,17:00:00,2,12,17,0,4,0,14,17.0
08/26/05,17:30:00,5,12,17,30,4,0,17,9.0
08/26/05,18:00:00,2,7,18,0,4,0,9,14.0
08/26/05,18:30:00,7,7,18,30,4,0,14,5.0
08/26/05,19:00:00,3,2,19,0,4,0,5,12.0
08/26/05,19:30:00,10,2,19,30,4,0,12,10.0
08/26/05,20:00:00,1,9,20,0,4,0,10,0.0
08/26/05,20:30:00,0,0,20,30,4,0,0,4.0
08/26/05,21:00:00,0,4,21,0,4,0,4,1.0
08/26/05,21:30:00,0,1,21,30,4,0,1,0.0
08/26/05,22:00:00,0,0,22,0,4,0,0,0.0
08/26/05,22:30:00,0,0,22,30,4,0,0,0.0
08/26/05,23:00:00,0,0,23,0,4,0,0,1.0
08/26/05,23:30:00,0,1,23,30,4,0,1,0.0
08/27/05,00:00:00,0,0,0,0,5,1,0,0.0
08/27/05,00:30:00,0,0,0,30,5,1,0,0.0
08/27/05,01:00:00,0,0,1,0,5,1,0,0.0
08/27/05,01:30:00,0,0,1,30,5,1,0,0.0
08/27/05,02:00:00,0,0,2,0,5,1,0,0.0
08/27/05,02:30:00,0,0,2,30,5,1,0,0.0
08/27/05,03:00:00,0,0,3,0,5,1,0,0.0
08/27/05,03:30:00,0,0,3,30,5,1,0,1.0
08/27/05,04:00:00,0,1,4,0,5,1,1,0.0
08/27/05,04:30:00,0,0,4,30,5,1,0,0.0
08/27/05,05:00:00,0,0,5,0,5,1,0,0.0
08/27/05,05:30:00,0,0,5,30,5,1,0,0.0
08/27/05,06:00:00,0,0,6,0,5,1,0,0.0
08/27/05,06:30:00,0,0,6,30,5,1,0,0.0
08/27/05,07:00:00,0,0,7,0,5,1,0,0.0
08/27/05,07:30:00,0,0,7,30,5,1,0,0.0
08/27/05,08:00:00,0,0,8,0,5,1,0,0.0
08/27/05,08:30:00,0,0,8,30,5,1,0,0.0
08/27/05,09:00:00,0,0,9,0,5,1,0,0.0
08/27/05,09:30:00,0,0,9,30,5,1,0,1.0
08/27/05,10:00:00,1,0,10,0,5,1,1,0.0
08/27/05,10:30:00,0,0,10,30,5,1,0,0.0
08/27/05,11:00:00,0,0,11,0,5,1,0,1.0
08/27/05,11:30:00,1,0,11,30,5,1,1,3.0
08/27/05,12:00:00,2,1,12,0,5,1,3,4.0
08/27/05,12:30:00,2,2,12,30,5,1,4,3.0
08/27/05,13:00:00,0,3,13,0,5,1,3,0.0
08/27/05,13:30:00,0,0,13,30,5,1,0,2.0
08/27/05,14:00:00,2,0,14,0,5,1,2,2.0
08/27/05,14:30:00,0,2,14,30,5,1,2,1.0
08/27/05,15:00:00,1,0,15,0,5,1,1,0.0
08/27/05,15:30:00,0,0,15,30,5,1,0,1.0
08/27/05,16:00:00,1,0,16,0,5,1,1,1.0
08/27/05,16:30:00,1,0,16,30,5,1,1,1.0
08/27/05,17:00:00,1,0,17,0,5,1,1,0.0
08/27/05,17:30:00,0,0,17,30,5,1,0,0.0
08/27/05,18:00:00,0,0,18,0,5,1,0,1.0
08/27/05,18:30:00,1,0,18,30,5,1,1,2.0
08/27/05,19:00:00,0,2,19,0,5,1,2,0.0
08/27/05,19:30:00,0,0,19,30,5,1,0,3.0
08/27/05,20:00:00,2,1,20,0,5,1,3,2.0
08/27/05,20:30:00,0,2,20,30,5,1,2,0.0
08/27/05,21:00:00,0,0,21,0,5,1,0,0.0
08/27/05,21:30:00,0,0,21,30,5,1,0,0.0
08/27/05,22:00:00,0,0,22,0,5,1,0,0.0
08/27/05,22:30:00,0,0,22,30,5,1,0,0.0
08/27/05,23:00:00,0,0,23,0,5,1,0,0.0
08/27/05,23:30:00,0,0,23,30,5,1,0,0.0
08/28/05,00:00:00,0,0,0,0,6,1,0,2.0
08/28/05,00:30:00,2,0,0,30,6,1,2,0.0
08/28/05,01:00:00,0,0,1,0,6,1,0,4.0
08/28/05,01:30:00,2,2,1,30,6,1,4,0.0
08/28/05,02:00:00,0,0,2,0,6,1,0,0.0
08/28/05,02:30:00,0,0,2,30,6,1,0,0.0
08/28/05,03:00:00,0,0,3,0,6,1,0,0.0
08/28/05,03:30:00,0,0,3,30,6,1,0,0.0
08/28/05,04:00:00,0,0,4,0,6,1,0,0.0
08/28/05,04:30:00,0,0,4,30,6,1,0,0.0
08/28/05,05:00:00,0,0,5,0,6,1,0,0.0
08/28/05,05:30:00,0,0,5,30,6,1,0,0.0
08/28/05,06:00:00,0,0,6,0,6,1,0,0.0
08/28/05,06:30:00,0,0,6,30,6,1,0,0.0
08/28/05,07:00:00,0,0,7,0,6,1,0,1.0
08/28/05,07:30:00,0,1,7,30,6,1,1,0.0
08/28/05,08:00:00,0,0,8,0,6,1,0,0.0
08/28/05,08:30:00,0,0,8,30,6,1,0,0.0
08/28/05,09:00:00,0,0,9,0,6,1,0,0.0
08/28/05,09:30:00,0,0,9,30,6,1,0,0.0
08/28/05,10:00:00,0,0,10,0,6,1,0,0.0
08/28/05,10:30:00,0,0,10,30,6,1,0,0.0
08/28/05,11:00:00,0,0,11,0,6,1,0,0.0
08/28/05,11:30:00,0,0,11,30,6,1,0,2.0
08/28/05,12:00:00,2,0,12,0,6,1,2,0.0
08/28/05,12:30:00,0,0,12,30,6,1,0,0.0
08/28/05,13:00:00,0,0,13,0,6,1,0,0.0
08/28/05,13:30:00,0,0,13,30,6,1,0,0.0
08/28/05,14:00:00,0,0,14,0,6,1,0,0.0
08/28/05,14:30:00,0,0,14,30,6,1,0,2.0
08/28/05,15:00:00,0,2,15,0,6,1,2,1.0
08/28/05,15:30:00,0,1,15,30,6,1,1,4.0
08/28/05,16:00:00,4,0,16,0,6,1,4,4.0
08/28/05,16:30:00,2,2,16,30,6,1,4,1.0
08/28/05,17:00:00,1,0,17,0,6,1,1,2.0
08/28/05,17:30:00,0,2,17,30,6,1,2,10.0
08/28/05,18:00:00,3,7,18,0,6,1,10,0.0
08/28/05,18:30:00,0,0,18,30,6,1,0,5.0
08/28/05,19:00:00,4,1,19,0,6,1,5,3.0
08/28/05,19:30:00,2,1,19,30,6,1,3,0.0
08/28/05,20:00:00,0,0,20,0,6,1,0,1.0
08/28/05,20:30:00,0,1,20,30,6,1,1,0.0
08/28/05,21:00:00,0,0,21,0,6,1,0,3.0
08/28/05,21:30:00,0,3,21,30,6,1,3,0.0
08/28/05,22:00:00,0,0,22,0,6,1,0,1.0
08/28/05,22:30:00,0,1,22,30,6,1,1,0.0
08/28/05,23:00:00,0,0,23,0,6,1,0,0.0
08/28/05,23:30:00,0,0,23,30,6,1,0,3.0
08/29/05,00:00:00,0,3,0,0,0,0,3,0.0
08/29/05,00:30:00,0,0,0,30,0,0,0,0.0
08/29/05,01:00:00,0,0,1,0,0,0,0,0.0
08/29/05,01:30:00,0,0,1,30,0,0,0,0.0
08/29/05,02:00:00,0,0,2,0,0,0,0,0.0
08/29/05,02:30:00,0,0,2,30,0,0,0,0.0
08/29/05,03:00:00,0,0,3,0,0,0,0,0.0
08/29/05,03:30:00,0,0,3,30,0,0,0,0.0
08/29/05,04:00:00,0,0,4,0,0,0,0,0.0
08/29/05,04:30:00,0,0,4,30,0,0,0,0.0
08/29/05,05:00:00,0,0,5,0,0,0,0,0.0
08/29/05,05:30:00,0,0,5,30,0,0,0,0.0
08/29/05,06:00:00,0,0,6,0,0,0,0,4.0
08/29/05,06:30:00,1,3,6,30,0,0,4,3.0
08/29/05,07:00:00,2,1,7,0,0,0,3,1.0
08/29/05,07:30:00,1,0,7,30,0,0,1,2.0
08/29/05,08:00:00,2,0,8,0,0,0,2,1.0
08/29/05,08:30:00,1,0,8,30,0,0,1,8.0
08/29/05,09:00:00,7,1,9,0,0,0,8,7.0
08/29/05,09:30:00,5,2,9,30,0,0,7,24.0
08/29/05,10:00:00,18,6,10,0,0,0,24,13.0
08/29/05,10:30:00,9,4,10,30,0,0,13,10.0
08/29/05,11:00:00,7,3,11,0,0,0,10,16.0
08/29/05,11:30:00,5,11,11,30,0,0,16,14.0
08/29/05,12:00:00,7,7,12,0,0,0,14,26.0
08/29/05,12:30:00,11,15,12,30,0,0,26,18.0
08/29/05,13:00:00,8,10,13,0,0,0,18,34.0
08/29/05,13:30:00,24,10,13,30,0,0,34,19.0
08/29/05,14:00:00,12,7,14,0,0,0,19,18.0
08/29/05,14:30:00,12,6,14,30,0,0,18,14.0
08/29/05,15:00:00,8,6,15,0,0,0,14,17.0
08/29/05,15:30:00,9,8,15,30,0,0,17,12.0
08/29/05,16:00:00,2,10,16,0,0,0,12,12.0
08/29/05,16:30:00,6,6,16,30,0,0,12,12.0
08/29/05,17:00:00,4,8,17,0,0,0,12,17.0
08/29/05,17:30:00,3,14,17,30,0,0,17,4.0
08/29/05,18:00:00,0,4,18,0,0,0,4,3.0
08/29/05,18:30:00,0,3,18,30,0,0,3,1.0
08/29/05,19:00:00,1,0,19,0,0,0,1,2.0
08/29/05,19:30:00,0,2,19,30,0,0,2,6.0
08/29/05,20:00:00,2,4,20,0,0,0,6,6.0
08/29/05,20:30:00,4,2,20,30,0,0,6,3.0
08/29/05,21:00:00,2,1,21,0,0,0,3,1.0
08/29/05,21:30:00,0,1,21,30,0,0,1,1.0
08/29/05,22:00:00,1,0,22,0,0,0,1,4.0
08/29/05,22:30:00,1,3,22,30,0,0,4,0.0
08/29/05,23:00:00,0,0,23,0,0,0,0,2.0
08/29/05,23:30:00,0,2,23,30,0,0,2,0.0
08/30/05,00:00:00,0,0,0,0,1,0,0,0.0
08/30/05,00:30:00,0,0,0,30,1,0,0,0.0
08/30/05,01:00:00,0,0,1,0,1,0,0,0.0
08/30/05,01:30:00,0,0,1,30,1,0,0,0.0
08/30/05,02:00:00,0,0,2,0,1,0,0,0.0
08/30/05,02:30:00,0,0,2,30,1,0,0,0.0
08/30/05,03:00:00,0,0,3,0,1,0,0,0.0
08/30/05,03:30:00,0,0,3,30,1,0,0,0.0
08/30/05,04:00:00,0,0,4,0,1,0,0,0.0
08/30/05,04:30:00,0,0,4,30,1,0,0,2.0
08/30/05,05:00:00,1,1,5,0,1,0,2,1.0
08/30/05,05:30:00,1,0,5,30,1,0,1,2.0
08/30/05,06:00:00,0,2,6,0,1,0,2,4.0
08/30/05,06:30:00,3,1,6,30,1,0,4,0.0
08/30/05,07:00:00,0,0,7,0,1,0,0,6.0
08/30/05,07:30:00,5,1,7,30,1,0,6,3.0
08/30/05,08:00:00,3,0,8,0,1,0,3,10.0
08/30/05,08:30:00,7,3,8,30,1,0,10,12.0
08/30/05,09:00:00,10,2,9,0,1,0,12,13.0
08/30/05,09:30:00,10,3,9,30,1,0,13,19.0
08/30/05,10:00:00,17,2,10,0,1,0,19,23.0
08/30/05,10:30:00,16,7,10,30,1,0,23,28.0
08/30/05,11:00:00,14,14,11,0,1,0,28,26.0
08/30/05,11:30:00,13,13,11,30,1,0,26,28.0
08/30/05,12:00:00,16,12,12,0,1,0,28,19.0
08/30/05,12:30:00,11,8,12,30,1,0,19,27.0
08/30/05,13:00:00,9,18,13,0,1,0,27,32.0
08/30/05,13:30:00,21,11,13,30,1,0,32,34.0
08/30/05,14:00:00,22,12,14,0,1,0,34,48.0
08/30/05,14:30:00,28,20,14,30,1,0,48,32.0
08/30/05,15:00:00,16,16,15,0,1,0,32,68.0
08/30/05,15:30:00,50,18,15,30,1,0,68,19.0
08/30/05,16:00:00,5,14,16,0,1,0,19,38.0
08/30/05,16:30:00,10,28,16,30,1,0,38,70.0
08/30/05,17:00:00,23,47,17,0,1,0,70,17.0
08/30/05,17:30:00,4,13,17,30,1,0,17,11.0
08/30/05,18:00:00,2,9,18,0,1,0,11,8.0
08/30/05,18:30:00,1,7,18,30,1,0,8,2.0
08/30/05,19:00:00,0,2,19,0,1,0,2,4.0
08/30/05,19:30:00,0,4,19,30,1,0,4,0.0
08/30/05,20:00:00,0,0,20,0,1,0,0,1.0
08/30/05,20:30:00,0,1,20,30,1,0,1,3.0
08/30/05,21:00:00,2,1,21,0,1,0,3,0.0
08/30/05,21:30:00,0,0,21,30,1,0,0,0.0
08/30/05,22:00:00,0,0,22,0,1,0,0,1.0
08/30/05,22:30:00,0,1,22,30,1,0,1,1.0
08/30/05,23:00:00,0,1,23,0,1,0,1,1.0
08/30/05,23:30:00,0,1,23,30,1,0,1,0.0
08/31/05,00:00:00,0,0,0,0,2,0,0,0.0
08/31/05,00:30:00,0,0,0,30,2,0,0,0.0
08/31/05,01:00:00,0,0,1,0,2,0,0,0.0
08/31/05,01:30:00,0,0,1,30,2,0,0,0.0
08/31/05,02:00:00,0,0,2,0,2,0,0,0.0
08/31/05,02:30:00,0,0,2,30,2,0,0,0.0
08/31/05,03:00:00,0,0,3,0,2,0,0,0.0
08/31/05,03:30:00,0,0,3,30,2,0,0,0.0
08/31/05,04:00:00,0,0,4,0,2,0,0,0.0
08/31/05,04:30:00,0,0,4,30,2,0,0,0.0
08/31/05,05:00:00,0,0,5,0,2,0,0,2.0
08/31/05,05:30:00,0,2,5,30,2,0,2,0.0
08/31/05,06:00:00,0,0,6,0,2,0,0,0.0
08/31/05,06:30:00,0,0,6,30,2,0,0,0.0
08/31/05,07:00:00,0,0,7,0,2,0,0,0.0
08/31/05,07:30:00,0,0,7,30,2,0,0,1.0
08/31/05,08:00:00,0,1,8,0,2,0,1,4.0
08/31/05,08:30:00,3,1,8,30,2,0,4,20.0
08/31/05,09:00:00,18,2,9,0,2,0,20,24.0
08/31/05,09:30:00,17,7,9,30,2,0,24,15.0
08/31/05,10:00:00,10,5,10,0,2,0,15,12.0
08/31/05,10:30:00,7,5,10,30,2,0,12,22.0
08/31/05,11:00:00,13,9,11,0,2,0,22,12.0
08/31/05,11:30:00,2,10,11,30,2,0,12,16.0
08/31/05,12:00:00,7,9,12,0,2,0,16,22.0
08/31/05,12:30:00,5,17,12,30,2,0,22,11.0
08/31/05,13:00:00,6,5,13,0,2,0,11,32.0
08/31/05,13:30:00,21,11,13,30,2,0,32,23.0
08/31/05,14:00:00,17,6,14,0,2,0,23,16.0
08/31/05,14:30:00,10,6,14,30,2,0,16,26.0
08/31/05,15:00:00,17,9,15,0,2,0,26,36.0
08/31/05,15:30:00,21,15,15,30,2,0,36,23.0
08/31/05,16:00:00,10,13,16,0,2,0,23,18.0
08/31/05,16:30:00,6,12,16,30,2,0,18,18.0
08/31/05,17:00:00,12,6,17,0,2,0,18,22.0
08/31/05,17:30:00,3,19,17,30,2,0,22,13.0
08/31/05,18:00:00,2,11,18,0,2,0,13,3.0
08/31/05,18:30:00,2,1,18,30,2,0,3,5.0
08/31/05,19:00:00,1,4,19,0,2,0,5,7.0
08/31/05,19:30:00,2,5,19,30,2,0,7,4.0
08/31/05,20:00:00,1,3,20,0,2,0,4,1.0
08/31/05,20:30:00,0,1,20,30,2,0,1,4.0
08/31/05,21:00:00,1,3,21,0,2,0,4,0.0
08/31/05,21:30:00,0,0,21,30,2,0,0,2.0
08/31/05,22:00:00,0,2,22,0,2,0,2,3.0
08/31/05,22:30:00,2,1,22,30,2,0,3,0.0
08/31/05,23:00:00,0,0,23,0,2,0,0,2.0
08/31/05,23:30:00,0,2,23,30,2,0,2,0.0
09/01/05,00:00:00,0,0,0,0,3,0,0,3.0
09/01/05,00:30:00,0,3,0,30,3,0,3,0.0
09/01/05,01:00:00,0,0,1,0,3,0,0,0.0
09/01/05,01:30:00,0,0,1,30,3,0,0,0.0
09/01/05,02:00:00,0,0,2,0,3,0,0,0.0
09/01/05,02:30:00,0,0,2,30,3,0,0,0.0
09/01/05,03:00:00,0,0,3,0,3,0,0,0.0
09/01/05,03:30:00,0,0,3,30,3,0,0,0.0
09/01/05,04:00:00,0,0,4,0,3,0,0,0.0
09/01/05,04:30:00,0,0,4,30,3,0,0,1.0
09/01/05,05:00:00,0,1,5,0,3,0,1,2.0
09/01/05,05:30:00,2,0,5,30,3,0,2,0.0
09/01/05,06:00:00,0,0,6,0,3,0,0,1.0
09/01/05,06:30:00,1,0,6,30,3,0,1,0.0
09/01/05,07:00:00,0,0,7,0,3,0,0,1.0
09/01/05,07:30:00,1,0,7,30,3,0,1,1.0
09/01/05,08:00:00,1,0,8,0,3,0,1,1.0
09/01/05,08:30:00,1,0,8,30,3,0,1,12.0
09/01/05,09:00:00,11,1,9,0,3,0,12,12.0
09/01/05,09:30:00,9,3,9,30,3,0,12,16.0
09/01/05,10:00:00,10,6,10,0,3,0,16,15.0
09/01/05,10:30:00,10,5,10,30,3,0,15,9.0
09/01/05,11:00:00,6,3,11,0,3,0,9,11.0
09/01/05,11:30:00,7,4,11,30,3,0,11,18.0
09/01/05,12:00:00,8,10,12,0,3,0,18,14.0
09/01/05,12:30:00,6,8,12,30,3,0,14,35.0
09/01/05,13:00:00,21,14,13,0,3,0,35,35.0
09/01/05,13:30:00,22,13,13,30,3,0,35,50.0
09/01/05,14:00:00,36,14,14,0,3,0,50,61.0
09/01/05,14:30:00,32,29,14,30,3,0,61,54.0
09/01/05,15:00:00,37,17,15,0,3,0,54,39.0
09/01/05,15:30:00,18,21,15,30,3,0,39,48.0
09/01/05,16:00:00,22,26,16,0,3,0,48,25.0
09/01/05,16:30:00,9,16,16,30,3,0,25,43.0
09/01/05,17:00:00,10,33,17,0,3,0,43,23.0
09/01/05,17:30:00,8,15,17,30,3,0,23,34.0
09/01/05,18:00:00,8,26,18,0,3,0,34,14.0
09/01/05,18:30:00,3,11,18,30,3,0,14,11.0
09/01/05,19:00:00,5,6,19,0,3,0,11,4.0
09/01/05,19:30:00,0,4,19,30,3,0,4,3.0
09/01/05,20:00:00,3,0,20,0,3,0,3,2.0
09/01/05,20:30:00,0,2,20,30,3,0,2,5.0
09/01/05,21:00:00,2,3,21,0,3,0,5,2.0
09/01/05,21:30:00,1,1,21,30,3,0,2,0.0
09/01/05,22:00:00,0,0,22,0,3,0,0,0.0
09/01/05,22:30:00,0,0,22,30,3,0,0,0.0
09/01/05,23:00:00,0,0,23,0,3,0,0,0.0
09/01/05,23:30:00,0,0,23,30,3,0,0,0.0
09/02/05,00:00:00,0,0,0,0,4,0,0,0.0
09/02/05,00:30:00,0,0,0,30,4,0,0,0.0
09/02/05,01:00:00,0,0,1,0,4,0,0,0.0
09/02/05,01:30:00,0,0,1,30,4,0,0,0.0
09/02/05,02:00:00,0,0,2,0,4,0,0,0.0
09/02/05,02:30:00,0,0,2,30,4,0,0,0.0
09/02/05,03:00:00,0,0,3,0,4,0,0,0.0
09/02/05,03:30:00,0,0,3,30,4,0,0,0.0
09/02/05,04:00:00,0,0,4,0,4,0,0,0.0
09/02/05,04:30:00,0,0,4,30,4,0,0,0.0
09/02/05,05:00:00,0,0,5,0,4,0,0,0.0
09/02/05,05:30:00,0,0,5,30,4,0,0,2.0
09/02/05,06:00:00,1,1,6,0,4,0,2,0.0
09/02/05,06:30:00,0,0,6,30,4,0,0,0.0
09/02/05,07:00:00,0,0,7,0,4,0,0,4.0
09/02/05,07:30:00,3,1,7,30,4,0,4,1.0
09/02/05,08:00:00,0,1,8,0,4,0,1,5.0
09/02/05,08:30:00,3,2,8,30,4,0,5,13.0
09/02/05,09:00:00,8,5,9,0,4,0,13,17.0
09/02/05,09:30:00,12,5,9,30,4,0,17,17.0
09/02/05,10:00:00,11,6,10,0,4,0,17,33.0
09/02/05,10:30:00,22,11,10,30,4,0,33,10.0
09/02/05,11:00:00,5,5,11,0,4,0,10,27.0
09/02/05,11:30:00,19,8,11,30,4,0,27,39.0
09/02/05,12:00:00,17,22,12,0,4,0,39,22.0
09/02/05,12:30:00,9,13,12,30,4,0,22,21.0
09/02/05,13:00:00,16,5,13,0,4,0,21,28.0
09/02/05,13:30:00,16,12,13,30,4,0,28,38.0
09/02/05,14:00:00,26,12,14,0,4,0,38,31.0
09/02/05,14:30:00,11,20,14,30,4,0,31,13.0
09/02/05,15:00:00,7,6,15,0,4,0,13,13.0
09/02/05,15:30:00,5,8,15,30,4,0,13,19.0
09/02/05,16:00:00,8,11,16,0,4,0,19,21.0
09/02/05,16:30:00,12,9,16,30,4,0,21,12.0
09/02/05,17:00:00,4,8,17,0,4,0,12,12.0
09/02/05,17:30:00,3,9,17,30,4,0,12,8.0
09/02/05,18:00:00,2,6,18,0,4,0,8,4.0
09/02/05,18:30:00,2,2,18,30,4,0,4,8.0
09/02/05,19:00:00,2,6,19,0,4,0,8,5.0
09/02/05,19:30:00,2,3,19,30,4,0,5,2.0
09/02/05,20:00:00,0,2,20,0,4,0,2,4.0
09/02/05,20:30:00,1,3,20,30,4,0,4,0.0
09/02/05,21:00:00,0,0,21,0,4,0,0,0.0
09/02/05,21:30:00,0,0,21,30,4,0,0,2.0
09/02/05,22:00:00,0,2,22,0,4,0,2,2.0
09/02/05,22:30:00,1,1,22,30,4,0,2,0.0
09/02/05,23:00:00,0,0,23,0,4,0,0,0.0
09/02/05,23:30:00,0,0,23,30,4,0,0,2.0
09/03/05,00:00:00,0,2,0,0,5,1,2,1.0
09/03/05,00:30:00,0,1,0,30,5,1,1,0.0
09/03/05,01:00:00,0,0,1,0,5,1,0,0.0
09/03/05,01:30:00,0,0,1,30,5,1,0,0.0
09/03/05,02:00:00,0,0,2,0,5,1,0,0.0
09/03/05,02:30:00,0,0,2,30,5,1,0,0.0
09/03/05,03:00:00,0,0,3,0,5,1,0,0.0
09/03/05,03:30:00,0,0,3,30,5,1,0,0.0
09/03/05,04:00:00,0,0,4,0,5,1,0,0.0
09/03/05,04:30:00,0,0,4,30,5,1,0,0.0
09/03/05,05:00:00,0,0,5,0,5,1,0,0.0
09/03/05,05:30:00,0,0,5,30,5,1,0,0.0
09/03/05,06:00:00,0,0,6,0,5,1,0,0.0
09/03/05,06:30:00,0,0,6,30,5,1,0,0.0
09/03/05,07:00:00,0,0,7,0,5,1,0,0.0
09/03/05,07:30:00,0,0,7,30,5,1,0,0.0
09/03/05,08:00:00,0,0,8,0,5,1,0,2.0
09/03/05,08:30:00,1,1,8,30,5,1,2,0.0
09/03/05,09:00:00,0,0,9,0,5,1,0,0.0
09/03/05,09:30:00,0,0,9,30,5,1,0,2.0
09/03/05,10:00:00,1,1,10,0,5,1,2,1.0
09/03/05,10:30:00,1,0,10,30,5,1,1,0.0
09/03/05,11:00:00,0,0,11,0,5,1,0,0.0
09/03/05,11:30:00,0,0,11,30,5,1,0,1.0
09/03/05,12:00:00,0,1,12,0,5,1,1,0.0
09/03/05,12:30:00,0,0,12,30,5,1,0,3.0
09/03/05,13:00:00,0,3,13,0,5,1,3,2.0
09/03/05,13:30:00,2,0,13,30,5,1,2,4.0
09/03/05,14:00:00,4,0,14,0,5,1,4,2.0
09/03/05,14:30:00,0,2,14,30,5,1,2,1.0
09/03/05,15:00:00,0,1,15,0,5,1,1,3.0
09/03/05,15:30:00,2,1,15,30,5,1,3,0.0
09/03/05,16:00:00,0,0,16,0,5,1,0,3.0
09/03/05,16:30:00,3,0,16,30,5,1,3,2.0
09/03/05,17:00:00,0,2,17,0,5,1,2,0.0
09/03/05,17:30:00,0,0,17,30,5,1,0,1.0
09/03/05,18:00:00,0,1,18,0,5,1,1,2.0
09/03/05,18:30:00,1,1,18,30,5,1,2,0.0
09/03/05,19:00:00,0,0,19,0,5,1,0,0.0
09/03/05,19:30:00,0,0,19,30,5,1,0,0.0
09/03/05,20:00:00,0,0,20,0,5,1,0,0.0
09/03/05,20:30:00,0,0,20,30,5,1,0,0.0
09/03/05,21:00:00,0,0,21,0,5,1,0,0.0
09/03/05,21:30:00,0,0,21,30,5,1,0,0.0
09/03/05,22:00:00,0,0,22,0,5,1,0,2.0
09/03/05,22:30:00,1,1,22,30,5,1,2,0.0
09/03/05,23:00:00,0,0,23,0,5,1,0,0.0
09/03/05,23:30:00,0,0,23,30,5,1,0,1.0
09/04/05,00:00:00,0,1,0,0,6,1,1,0.0
09/04/05,00:30:00,0,0,0,30,6,1,0,0.0
09/04/05,01:00:00,0,0,1,0,6,1,0,0.0
09/04/05,01:30:00,0,0,1,30,6,1,0,0.0
09/04/05,02:00:00,0,0,2,0,6,1,0,0.0
09/04/05,02:30:00,0,0,2,30,6,1,0,0.0
09/04/05,03:00:00,0,0,3,0,6,1,0,0.0
09/04/05,03:30:00,0,0,3,30,6,1,0,0.0
09/04/05,04:00:00,0,0,4,0,6,1,0,0.0
09/04/05,04:30:00,0,0,4,30,6,1,0,0.0
09/04/05,05:00:00,0,0,5,0,6,1,0,0.0
09/04/05,05:30:00,0,0,5,30,6,1,0,0.0
09/04/05,06:00:00,0,0,6,0,6,1,0,0.0
09/04/05,06:30:00,0,0,6,30,6,1,0,0.0
09/04/05,07:00:00,0,0,7,0,6,1,0,0.0
09/04/05,07:30:00,0,0,7,30,6,1,0,0.0
09/04/05,08:00:00,0,0,8,0,6,1,0,0.0
09/04/05,08:30:00,0,0,8,30,6,1,0,0.0
09/04/05,09:00:00,0,0,9,0,6,1,0,1.0
09/04/05,09:30:00,1,0,9,30,6,1,1,0.0
09/04/05,10:00:00,0,0,10,0,6,1,0,0.0
09/04/05,10:30:00,0,0,10,30,6,1,0,0.0
09/04/05,11:00:00,0,0,11,0,6,1,0,0.0
09/04/05,11:30:00,0,0,11,30,6,1,0,0.0
09/04/05,12:00:00,0,0,12,0,6,1,0,0.0
09/04/05,12:30:00,0,0,12,30,6,1,0,0.0
09/04/05,13:00:00,0,0,13,0,6,1,0,2.0
09/04/05,13:30:00,1,1,13,30,6,1,2,3.0
09/04/05,14:00:00,1,2,14,0,6,1,3,0.0
09/04/05,14:30:00,0,0,14,30,6,1,0,0.0
09/04/05,15:00:00,0,0,15,0,6,1,0,0.0
09/04/05,15:30:00,0,0,15,30,6,1,0,0.0
09/04/05,16:00:00,0,0,16,0,6,1,0,1.0
09/04/05,16:30:00,0,1,16,30,6,1,1,0.0
09/04/05,17:00:00,0,0,17,0,6,1,0,2.0
09/04/05,17:30:00,0,2,17,30,6,1,2,1.0
09/04/05,18:00:00,1,0,18,0,6,1,1,0.0
09/04/05,18:30:00,0,0,18,30,6,1,0,2.0
09/04/05,19:00:00,0,2,19,0,6,1,2,1.0
09/04/05,19:30:00,0,1,19,30,6,1,1,0.0
09/04/05,20:00:00,0,0,20,0,6,1,0,1.0
09/04/05,20:30:00,0,1,20,30,6,1,1,2.0
09/04/05,21:00:00,0,2,21,0,6,1,2,2.0
09/04/05,21:30:00,0,2,21,30,6,1,2,0.0
09/04/05,22:00:00,0,0,22,0,6,1,0,1.0
09/04/05,22:30:00,0,1,22,30,6,1,1,0.0
09/04/05,23:00:00,0,0,23,0,6,1,0,0.0
09/04/05,23:30:00,0,0,23,30,6,1,0,0.0
09/05/05,00:00:00,0,0,0,0,0,0,0,0.0
09/05/05,00:30:00,0,0,0,30,0,0,0,0.0
09/05/05,01:00:00,0,0,1,0,0,0,0,0.0
09/05/05,01:30:00,0,0,1,30,0,0,0,1.0
09/05/05,02:00:00,0,1,2,0,0,0,1,1.0
09/05/05,02:30:00,1,0,2,30,0,0,1,1.0
09/05/05,03:00:00,0,1,3,0,0,0,1,3.0
09/05/05,03:30:00,2,1,3,30,0,0,3,0.0
09/05/05,04:00:00,0,0,4,0,0,0,0,0.0
09/05/05,04:30:00,0,0,4,30,0,0,0,2.0
09/05/05,05:00:00,0,2,5,0,0,0,2,0.0
09/05/05,05:30:00,0,0,5,30,0,0,0,0.0
09/05/05,06:00:00,0,0,6,0,0,0,0,0.0
09/05/05,06:30:00,0,0,6,30,0,0,0,0.0
09/05/05,07:00:00,0,0,7,0,0,0,0,1.0
09/05/05,07:30:00,1,0,7,30,0,0,1,0.0
09/05/05,08:00:00,0,0,8,0,0,0,0,0.0
09/05/05,08:30:00,0,0,8,30,0,0,0,0.0
09/05/05,09:00:00,0,0,9,0,0,0,0,0.0
09/05/05,09:30:00,0,0,9,30,0,0,0,1.0
09/05/05,10:00:00,0,1,10,0,0,0,1,0.0
09/05/05,10:30:00,0,0,10,30,0,0,0,1.0
09/05/05,11:00:00,1,0,11,0,0,0,1,0.0
09/05/05,11:30:00,0,0,11,30,0,0,0,2.0
09/05/05,12:00:00,1,1,12,0,0,0,2,0.0
09/05/05,12:30:00,0,0,12,30,0,0,0,1.0
09/05/05,13:00:00,1,0,13,0,0,0,1,0.0
09/05/05,13:30:00,0,0,13,30,0,0,0,1.0
09/05/05,14:00:00,0,1,14,0,0,0,1,1.0
09/05/05,14:30:00,0,1,14,30,0,0,1,1.0
09/05/05,15:00:00,1,0,15,0,0,0,1,0.0
09/05/05,15:30:00,0,0,15,30,0,0,0,1.0
09/05/05,16:00:00,0,1,16,0,0,0,1,3.0
09/05/05,16:30:00,3,0,16,30,0,0,3,5.0
09/05/05,17:00:00,0,5,17,0,0,0,5,2.0
09/05/05,17:30:00,0,2,17,30,0,0,2,6.0
09/05/05,18:00:00,2,4,18,0,0,0,6,1.0
09/05/05,18:30:00,0,1,18,30,0,0,1,0.0
09/05/05,19:00:00,0,0,19,0,0,0,0,0.0
09/05/05,19:30:00,0,0,19,30,0,0,0,0.0
09/05/05,20:00:00,0,0,20,0,0,0,0,0.0
09/05/05,20:30:00,0,0,20,30,0,0,0,0.0
09/05/05,21:00:00,0,0,21,0,0,0,0,1.0
09/05/05,21:30:00,1,0,21,30,0,0,1,0.0
09/05/05,22:00:00,0,0,22,0,0,0,0,2.0
09/05/05,22:30:00,0,2,22,30,0,0,2,0.0
09/05/05,23:00:00,0,0,23,0,0,0,0,1.0
09/05/05,23:30:00,0,1,23,30,0,0,1,1.0
09/06/05,00:00:00,0,1,0,0,1,0,1,0.0
09/06/05,00:30:00,0,0,0,30,1,0,0,0.0
09/06/05,01:00:00,0,0,1,0,1,0,0,0.0
09/06/05,01:30:00,0,0,1,30,1,0,0,0.0
09/06/05,02:00:00,0,0,2,0,1,0,0,0.0
09/06/05,02:30:00,0,0,2,30,1,0,0,0.0
09/06/05,03:00:00,0,0,3,0,1,0,0,0.0
09/06/05,03:30:00,0,0,3,30,1,0,0,0.0
09/06/05,04:00:00,0,0,4,0,1,0,0,0.0
09/06/05,04:30:00,0,0,4,30,1,0,0,3.0
09/06/05,05:00:00,2,1,5,0,1,0,3,1.0
09/06/05,05:30:00,0,1,5,30,1,0,1,7.0
09/06/05,06:00:00,5,2,6,0,1,0,7,0.0
09/06/05,06:30:00,0,0,6,30,1,0,0,1.0
09/06/05,07:00:00,1,0,7,0,1,0,1,0.0
09/06/05,07:30:00,0,0,7,30,1,0,0,5.0
09/06/05,08:00:00,4,1,8,0,1,0,5,7.0
09/06/05,08:30:00,4,3,8,30,1,0,7,9.0
09/06/05,09:00:00,8,1,9,0,1,0,9,11.0
09/06/05,09:30:00,7,4,9,30,1,0,11,21.0
09/06/05,10:00:00,12,9,10,0,1,0,21,13.0
09/06/05,10:30:00,11,2,10,30,1,0,13,14.0
09/06/05,11:00:00,9,5,11,0,1,0,14,16.0
09/06/05,11:30:00,8,8,11,30,1,0,16,30.0
09/06/05,12:00:00,14,16,12,0,1,0,30,22.0
09/06/05,12:30:00,13,9,12,30,1,0,22,32.0
09/06/05,13:00:00,18,14,13,0,1,0,32,35.0
09/06/05,13:30:00,17,18,13,30,1,0,35,19.0
09/06/05,14:00:00,10,9,14,0,1,0,19,32.0
09/06/05,14:30:00,18,14,14,30,1,0,32,19.0
09/06/05,15:00:00,11,8,15,0,1,0,19,30.0
09/06/05,15:30:00,21,9,15,30,1,0,30,22.0
09/06/05,16:00:00,10,12,16,0,1,0,22,17.0
09/06/05,16:30:00,4,13,16,30,1,0,17,27.0
09/06/05,17:00:00,7,20,17,0,1,0,27,18.0
09/06/05,17:30:00,5,13,17,30,1,0,18,12.0
09/06/05,18:00:00,2,10,18,0,1,0,12,12.0
09/06/05,18:30:00,4,8,18,30,1,0,12,6.0
09/06/05,19:00:00,0,6,19,0,1,0,6,1.0
09/06/05,19:30:00,0,1,19,30,1,0,1,3.0
09/06/05,20:00:00,1,2,20,0,1,0,3,1.0
09/06/05,20:30:00,1,0,20,30,1,0,1,0.0
09/06/05,21:00:00,0,0,21,0,1,0,0,1.0
09/06/05,21:30:00,1,0,21,30,1,0,1,1.0
09/06/05,22:00:00,0,1,22,0,1,0,1,1.0
09/06/05,22:30:00,0,1,22,30,1,0,1,2.0
09/06/05,23:00:00,0,2,23,0,1,0,2,2.0
09/06/05,23:30:00,0,2,23,30,1,0,2,0.0
09/07/05,00:00:00,0,0,0,0,2,0,0,0.0
09/07/05,00:30:00,0,0,0,30,2,0,0,0.0
09/07/05,01:00:00,0,0,1,0,2,0,0,0.0
09/07/05,01:30:00,0,0,1,30,2,0,0,0.0
09/07/05,02:00:00,0,0,2,0,2,0,0,0.0
09/07/05,02:30:00,0,0,2,30,2,0,0,0.0
09/07/05,03:00:00,0,0,3,0,2,0,0,0.0
09/07/05,03:30:00,0,0,3,30,2,0,0,0.0
09/07/05,04:00:00,0,0,4,0,2,0,0,0.0
09/07/05,04:30:00,0,0,4,30,2,0,0,0.0
09/07/05,05:00:00,0,0,5,0,2,0,0,0.0
09/07/05,05:30:00,0,0,5,30,2,0,0,5.0
09/07/05,06:00:00,3,2,6,0,2,0,5,0.0
09/07/05,06:30:00,0,0,6,30,2,0,0,0.0
09/07/05,07:00:00,0,0,7,0,2,0,0,1.0
09/07/05,07:30:00,1,0,7,30,2,0,1,1.0
09/07/05,08:00:00,1,0,8,0,2,0,1,4.0
09/07/05,08:30:00,3,1,8,30,2,0,4,7.0
09/07/05,09:00:00,7,0,9,0,2,0,7,10.0
09/07/05,09:30:00,6,4,9,30,2,0,10,16.0
09/07/05,10:00:00,11,5,10,0,2,0,16,12.0
09/07/05,10:30:00,9,3,10,30,2,0,12,22.0
09/07/05,11:00:00,16,6,11,0,2,0,22,18.0
09/07/05,11:30:00,11,7,11,30,2,0,18,22.0
09/07/05,12:00:00,6,16,12,0,2,0,22,22.0
09/07/05,12:30:00,10,12,12,30,2,0,22,29.0
09/07/05,13:00:00,21,8,13,0,2,0,29,26.0
09/07/05,13:30:00,18,8,13,30,2,0,26,21.0
09/07/05,14:00:00,16,5,14,0,2,0,21,12.0
09/07/05,14:30:00,6,6,14,30,2,0,12,36.0
09/07/05,15:00:00,19,17,15,0,2,0,36,22.0
09/07/05,15:30:00,9,13,15,30,2,0,22,18.0
09/07/05,16:00:00,6,12,16,0,2,0,18,19.0
09/07/05,16:30:00,13,6,16,30,2,0,19,15.0
09/07/05,17:00:00,3,12,17,0,2,0,15,16.0
09/07/05,17:30:00,4,12,17,30,2,0,16,11.0
09/07/05,18:00:00,1,10,18,0,2,0,11,6.0
09/07/05,18:30:00,0,6,18,30,2,0,6,4.0
09/07/05,19:00:00,2,2,19,0,2,0,4,3.0
09/07/05,19:30:00,3,0,19,30,2,0,3,4.0
09/07/05,20:00:00,0,4,20,0,2,0,4,0.0
09/07/05,20:30:00,0,0,20,30,2,0,0,2.0
09/07/05,21:00:00,0,2,21,0,2,0,2,0.0
09/07/05,21:30:00,0,0,21,30,2,0,0,6.0
09/07/05,22:00:00,1,5,22,0,2,0,6,3.0
09/07/05,22:30:00,1,2,22,30,2,0,3,0.0
09/07/05,23:00:00,0,0,23,0,2,0,0,1.0
09/07/05,23:30:00,0,1,23,30,2,0,1,1.0
09/08/05,00:00:00,1,0,0,0,3,0,1,0.0
09/08/05,00:30:00,0,0,0,30,3,0,0,0.0
09/08/05,01:00:00,0,0,1,0,3,0,0,0.0
09/08/05,01:30:00,0,0,1,30,3,0,0,0.0
09/08/05,02:00:00,0,0,2,0,3,0,0,0.0
09/08/05,02:30:00,0,0,2,30,3,0,0,0.0
09/08/05,03:00:00,0,0,3,0,3,0,0,0.0
09/08/05,03:30:00,0,0,3,30,3,0,0,0.0
09/08/05,04:00:00,0,0,4,0,3,0,0,0.0
09/08/05,04:30:00,0,0,4,30,3,0,0,3.0
09/08/05,05:00:00,2,1,5,0,3,0,3,0.0
09/08/05,05:30:00,0,0,5,30,3,0,0,0.0
09/08/05,06:00:00,0,0,6,0,3,0,0,0.0
09/08/05,06:30:00,0,0,6,30,3,0,0,1.0
09/08/05,07:00:00,1,0,7,0,3,0,1,1.0
09/08/05,07:30:00,1,0,7,30,3,0,1,4.0
09/08/05,08:00:00,3,1,8,0,3,0,4,4.0
09/08/05,08:30:00,2,2,8,30,3,0,4,12.0
09/08/05,09:00:00,11,1,9,0,3,0,12,19.0
09/08/05,09:30:00,15,4,9,30,3,0,19,22.0
09/08/05,10:00:00,13,9,10,0,3,0,22,27.0
09/08/05,10:30:00,18,9,10,30,3,0,27,20.0
09/08/05,11:00:00,7,13,11,0,3,0,20,25.0
09/08/05,11:30:00,14,11,11,30,3,0,25,38.0
09/08/05,12:00:00,9,29,12,0,3,0,38,20.0
09/08/05,12:30:00,6,14,12,30,3,0,20,24.0
09/08/05,13:00:00,20,4,13,0,3,0,24,42.0
09/08/05,13:30:00,16,26,13,30,3,0,42,33.0
09/08/05,14:00:00,22,11,14,0,3,0,33,22.0
09/08/05,14:30:00,11,11,14,30,3,0,22,13.0
09/08/05,15:00:00,8,5,15,0,3,0,13,30.0
09/08/05,15:30:00,21,9,15,30,3,0,30,22.0
09/08/05,16:00:00,13,9,16,0,3,0,22,10.0
09/08/05,16:30:00,4,6,16,30,3,0,10,20.0
09/08/05,17:00:00,7,13,17,0,3,0,20,18.0
09/08/05,17:30:00,3,15,17,30,3,0,18,10.0
09/08/05,18:00:00,2,8,18,0,3,0,10,1.0
09/08/05,18:30:00,0,1,18,30,3,0,1,7.0
09/08/05,19:00:00,2,5,19,0,3,0,7,4.0
09/08/05,19:30:00,0,4,19,30,3,0,4,2.0
09/08/05,20:00:00,1,1,20,0,3,0,2,0.0
09/08/05,20:30:00,0,0,20,30,3,0,0,3.0
09/08/05,21:00:00,2,1,21,0,3,0,3,3.0
09/08/05,21:30:00,1,2,21,30,3,0,3,1.0
09/08/05,22:00:00,0,1,22,0,3,0,1,1.0
09/08/05,22:30:00,1,0,22,30,3,0,1,3.0
09/08/05,23:00:00,0,3,23,0,3,0,3,2.0
09/08/05,23:30:00,0,2,23,30,3,0,2,0.0
09/09/05,00:00:00,0,0,0,0,4,0,0,1.0
09/09/05,00:30:00,0,1,0,30,4,0,1,0.0
09/09/05,01:00:00,0,0,1,0,4,0,0,0.0
09/09/05,01:30:00,0,0,1,30,4,0,0,0.0
09/09/05,02:00:00,0,0,2,0,4,0,0,1.0
09/09/05,02:30:00,1,0,2,30,4,0,1,0.0
09/09/05,03:00:00,0,0,3,0,4,0,0,0.0
09/09/05,03:30:00,0,0,3,30,4,0,0,0.0
09/09/05,04:00:00,0,0,4,0,4,0,0,0.0
09/09/05,04:30:00,0,0,4,30,4,0,0,0.0
09/09/05,05:00:00,0,0,5,0,4,0,0,4.0
09/09/05,05:30:00,2,2,5,30,4,0,4,2.0
09/09/05,06:00:00,0,2,6,0,4,0,2,0.0
09/09/05,06:30:00,0,0,6,30,4,0,0,3.0
09/09/05,07:00:00,3,0,7,0,4,0,3,6.0
09/09/05,07:30:00,2,4,7,30,4,0,6,2.0
09/09/05,08:00:00,2,0,8,0,4,0,2,4.0
09/09/05,08:30:00,3,1,8,30,4,0,4,11.0
09/09/05,09:00:00,9,2,9,0,4,0,11,30.0
09/09/05,09:30:00,20,10,9,30,4,0,30,20.0
09/09/05,10:00:00,10,10,10,0,4,0,20,17.0
09/09/05,10:30:00,14,3,10,30,4,0,17,15.0
09/09/05,11:00:00,12,3,11,0,4,0,15,14.0
09/09/05,11:30:00,10,4,11,30,4,0,14,32.0
09/09/05,12:00:00,10,22,12,0,4,0,32,24.0
09/09/05,12:30:00,6,18,12,30,4,0,24,18.0
09/09/05,13:00:00,9,9,13,0,4,0,18,33.0
09/09/05,13:30:00,18,15,13,30,4,0,33,21.0
09/09/05,14:00:00,16,5,14,0,4,0,21,31.0
09/09/05,14:30:00,18,13,14,30,4,0,31,18.0
09/09/05,15:00:00,11,7,15,0,4,0,18,25.0
09/09/05,15:30:00,8,17,15,30,4,0,25,16.0
09/09/05,16:00:00,9,7,16,0,4,0,16,11.0
09/09/05,16:30:00,5,6,16,30,4,0,11,17.0
09/09/05,17:00:00,3,14,17,0,4,0,17,28.0
09/09/05,17:30:00,12,16,17,30,4,0,28,11.0
09/09/05,18:00:00,1,10,18,0,4,0,11,4.0
09/09/05,18:30:00,2,2,18,30,4,0,4,3.0
09/09/05,19:00:00,0,3,19,0,4,0,3,1.0
09/09/05,19:30:00,0,1,19,30,4,0,1,0.0
09/09/05,20:00:00,0,0,20,0,4,0,0,1.0
09/09/05,20:30:00,0,1,20,30,4,0,1,1.0
09/09/05,21:00:00,0,1,21,0,4,0,1,0.0
09/09/05,21:30:00,0,0,21,30,4,0,0,4.0
09/09/05,22:00:00,1,3,22,0,4,0,4,1.0
09/09/05,22:30:00,0,1,22,30,4,0,1,0.0
09/09/05,23:00:00,0,0,23,0,4,0,0,0.0
09/09/05,23:30:00,0,0,23,30,4,0,0,0.0
09/10/05,00:00:00,0,0,0,0,5,1,0,0.0
09/10/05,00:30:00,0,0,0,30,5,1,0,0.0
09/10/05,01:00:00,0,0,1,0,5,1,0,0.0
09/10/05,01:30:00,0,0,1,30,5,1,0,0.0
09/10/05,02:00:00,0,0,2,0,5,1,0,0.0
09/10/05,02:30:00,0,0,2,30,5,1,0,0.0
09/10/05,03:00:00,0,0,3,0,5,1,0,0.0
09/10/05,03:30:00,0,0,3,30,5,1,0,0.0
09/10/05,04:00:00,0,0,4,0,5,1,0,0.0
09/10/05,04:30:00,0,0,4,30,5,1,0,0.0
09/10/05,05:00:00,0,0,5,0,5,1,0,0.0
09/10/05,05:30:00,0,0,5,30,5,1,0,0.0
09/10/05,06:00:00,0,0,6,0,5,1,0,0.0
09/10/05,06:30:00,0,0,6,30,5,1,0,0.0
09/10/05,07:00:00,0,0,7,0,5,1,0,0.0
09/10/05,07:30:00,0,0,7,30,5,1,0,0.0
09/10/05,08:00:00,0,0,8,0,5,1,0,0.0
09/10/05,08:30:00,0,0,8,30,5,1,0,0.0
09/10/05,09:00:00,0,0,9,0,5,1,0,0.0
09/10/05,09:30:00,0,0,9,30,5,1,0,0.0
09/10/05,10:00:00,0,0,10,0,5,1,0,0.0
09/10/05,10:30:00,0,0,10,30,5,1,0,0.0
09/10/05,11:00:00,0,0,11,0,5,1,0,3.0
09/10/05,11:30:00,2,1,11,30,5,1,3,0.0
09/10/05,12:00:00,0,0,12,0,5,1,0,0.0
09/10/05,12:30:00,0,0,12,30,5,1,0,3.0
09/10/05,13:00:00,2,1,13,0,5,1,3,1.0
09/10/05,13:30:00,0,1,13,30,5,1,1,0.0
09/10/05,14:00:00,0,0,14,0,5,1,0,1.0
09/10/05,14:30:00,0,1,14,30,5,1,1,1.0
09/10/05,15:00:00,1,0,15,0,5,1,1,0.0
09/10/05,15:30:00,0,0,15,30,5,1,0,0.0
09/10/05,16:00:00,0,0,16,0,5,1,0,2.0
09/10/05,16:30:00,0,2,16,30,5,1,2,2.0
09/10/05,17:00:00,1,1,17,0,5,1,2,0.0
09/10/05,17:30:00,0,0,17,30,5,1,0,1.0
09/10/05,18:00:00,0,1,18,0,5,1,1,0.0
09/10/05,18:30:00,0,0,18,30,5,1,0,1.0
09/10/05,19:00:00,0,1,19,0,5,1,1,0.0
09/10/05,19:30:00,0,0,19,30,5,1,0,0.0
09/10/05,20:00:00,0,0,20,0,5,1,0,0.0
09/10/05,20:30:00,0,0,20,30,5,1,0,1.0
09/10/05,21:00:00,0,1,21,0,5,1,1,2.0
09/10/05,21:30:00,1,1,21,30,5,1,2,0.0
09/10/05,22:00:00,0,0,22,0,5,1,0,0.0
09/10/05,22:30:00,0,0,22,30,5,1,0,0.0
09/10/05,23:00:00,0,0,23,0,5,1,0,1.0
09/10/05,23:30:00,0,1,23,30,5,1,1,1.0
09/11/05,00:00:00,0,1,0,0,6,1,1,0.0
09/11/05,00:30:00,0,0,0,30,6,1,0,0.0
09/11/05,01:00:00,0,0,1,0,6,1,0,0.0
09/11/05,01:30:00,0,0,1,30,6,1,0,0.0
09/11/05,02:00:00,0,0,2,0,6,1,0,0.0
09/11/05,02:30:00,0,0,2,30,6,1,0,0.0
09/11/05,03:00:00,0,0,3,0,6,1,0,0.0
09/11/05,03:30:00,0,0,3,30,6,1,0,0.0
09/11/05,04:00:00,0,0,4,0,6,1,0,0.0
09/11/05,04:30:00,0,0,4,30,6,1,0,0.0
09/11/05,05:00:00,0,0,5,0,6,1,0,0.0
09/11/05,05:30:00,0,0,5,30,6,1,0,0.0
09/11/05,06:00:00,0,0,6,0,6,1,0,0.0
09/11/05,06:30:00,0,0,6,30,6,1,0,0.0
09/11/05,07:00:00,0,0,7,0,6,1,0,0.0
09/11/05,07:30:00,0,0,7,30,6,1,0,0.0
09/11/05,08:00:00,0,0,8,0,6,1,0,0.0
09/11/05,08:30:00,0,0,8,30,6,1,0,0.0
09/11/05,09:00:00,0,0,9,0,6,1,0,0.0
09/11/05,09:30:00,0,0,9,30,6,1,0,0.0
09/11/05,10:00:00,0,0,10,0,6,1,0,0.0
09/11/05,10:30:00,0,0,10,30,6,1,0,4.0
09/11/05,11:00:00,3,1,11,0,6,1,4,0.0
09/11/05,11:30:00,0,0,11,30,6,1,0,0.0
09/11/05,12:00:00,0,0,12,0,6,1,0,1.0
09/11/05,12:30:00,0,1,12,30,6,1,1,0.0
09/11/05,13:00:00,0,0,13,0,6,1,0,0.0
09/11/05,13:30:00,0,0,13,30,6,1,0,0.0
09/11/05,14:00:00,0,0,14,0,6,1,0,0.0
09/11/05,14:30:00,0,0,14,30,6,1,0,1.0
09/11/05,15:00:00,0,1,15,0,6,1,1,0.0
09/11/05,15:30:00,0,0,15,30,6,1,0,1.0
09/11/05,16:00:00,0,1,16,0,6,1,1,4.0
09/11/05,16:30:00,2,2,16,30,6,1,4,1.0
09/11/05,17:00:00,0,1,17,0,6,1,1,0.0
09/11/05,17:30:00,0,0,17,30,6,1,0,0.0
09/11/05,18:00:00,0,0,18,0,6,1,0,3.0
09/11/05,18:30:00,1,2,18,30,6,1,3,1.0
09/11/05,19:00:00,0,1,19,0,6,1,1,0.0
09/11/05,19:30:00,0,0,19,30,6,1,0,1.0
09/11/05,20:00:00,0,1,20,0,6,1,1,0.0
09/11/05,20:30:00,0,0,20,30,6,1,0,1.0
09/11/05,21:00:00,1,0,21,0,6,1,1,0.0
09/11/05,21:30:00,0,0,21,30,6,1,0,0.0
09/11/05,22:00:00,0,0,22,0,6,1,0,0.0
09/11/05,22:30:00,0,0,22,30,6,1,0,0.0
09/11/05,23:00:00,0,0,23,0,6,1,0,0.0
09/11/05,23:30:00,0,0,23,30,6,1,0,0.0
09/12/05,00:00:00,0,0,0,0,0,0,0,0.0
09/12/05,00:30:00,0,0,0,30,0,0,0,0.0
09/12/05,01:00:00,0,0,1,0,0,0,0,0.0
09/12/05,01:30:00,0,0,1,30,0,0,0,0.0
09/12/05,02:00:00,0,0,2,0,0,0,0,0.0
09/12/05,02:30:00,0,0,2,30,0,0,0,0.0
09/12/05,03:00:00,0,0,3,0,0,0,0,0.0
09/12/05,03:30:00,0,0,3,30,0,0,0,0.0
09/12/05,04:00:00,0,0,4,0,0,0,0,0.0
09/12/05,04:30:00,0,0,4,30,0,0,0,0.0
09/12/05,05:00:00,0,0,5,0,0,0,0,0.0
09/12/05,05:30:00,0,0,5,30,0,0,0,6.0
09/12/05,06:00:00,3,3,6,0,0,0,6,0.0
09/12/05,06:30:00,0,0,6,30,0,0,0,3.0
09/12/05,07:00:00,3,0,7,0,0,0,3,0.0
09/12/05,07:30:00,0,0,7,30,0,0,0,0.0
09/12/05,08:00:00,0,0,8,0,0,0,0,12.0
09/12/05,08:30:00,9,3,8,30,0,0,12,13.0
09/12/05,09:00:00,10,3,9,0,0,0,13,12.0
09/12/05,09:30:00,8,4,9,30,0,0,12,12.0
09/12/05,10:00:00,8,4,10,0,0,0,12,23.0
09/12/05,10:30:00,17,6,10,30,0,0,23,20.0
09/12/05,11:00:00,12,8,11,0,0,0,20,12.0
09/12/05,11:30:00,7,5,11,30,0,0,12,25.0
09/12/05,12:00:00,3,22,12,0,0,0,25,14.0
09/12/05,12:30:00,8,6,12,30,0,0,14,43.0
09/12/05,13:00:00,29,14,13,0,0,0,43,24.0
09/12/05,13:30:00,16,8,13,30,0,0,24,25.0
09/12/05,14:00:00,11,14,14,0,0,0,25,34.0
09/12/05,14:30:00,14,20,14,30,0,0,34,31.0
09/12/05,15:00:00,15,16,15,0,0,0,31,8.0
09/12/05,15:30:00,4,4,15,30,0,0,8,30.0
09/12/05,16:00:00,22,8,16,0,0,0,30,21.0
09/12/05,16:30:00,7,14,16,30,0,0,21,11.0
09/12/05,17:00:00,2,9,17,0,0,0,11,7.0
09/12/05,17:30:00,2,5,17,30,0,0,7,15.0
09/12/05,18:00:00,1,14,18,0,0,0,15,9.0
09/12/05,18:30:00,2,7,18,30,0,0,9,4.0
09/12/05,19:00:00,2,2,19,0,0,0,4,2.0
09/12/05,19:30:00,0,2,19,30,0,0,2,4.0
09/12/05,20:00:00,2,2,20,0,0,0,4,4.0
09/12/05,20:30:00,2,2,20,30,0,0,4,2.0
09/12/05,21:00:00,1,1,21,0,0,0,2,1.0
09/12/05,21:30:00,0,1,21,30,0,0,1,0.0
09/12/05,22:00:00,0,0,22,0,0,0,0,2.0
09/12/05,22:30:00,1,1,22,30,0,0,2,1.0
09/12/05,23:00:00,0,1,23,0,0,0,1,0.0
09/12/05,23:30:00,0,0,23,30,0,0,0,1.0
09/13/05,00:00:00,0,1,0,0,1,0,1,0.0
09/13/05,00:30:00,0,0,0,30,1,0,0,1.0
09/13/05,01:00:00,0,1,1,0,1,0,1,0.0
09/13/05,01:30:00,0,0,1,30,1,0,0,0.0
09/13/05,02:00:00,0,0,2,0,1,0,0,0.0
09/13/05,02:30:00,0,0,2,30,1,0,0,0.0
09/13/05,03:00:00,0,0,3,0,1,0,0,0.0
09/13/05,03:30:00,0,0,3,30,1,0,0,0.0
09/13/05,04:00:00,0,0,4,0,1,0,0,0.0
09/13/05,04:30:00,0,0,4,30,1,0,0,0.0
09/13/05,05:00:00,0,0,5,0,1,0,0,3.0
09/13/05,05:30:00,2,1,5,30,1,0,3,0.0
09/13/05,06:00:00,0,0,6,0,1,0,0,0.0
09/13/05,06:30:00,0,0,6,30,1,0,0,0.0
09/13/05,07:00:00,0,0,7,0,1,0,0,6.0
09/13/05,07:30:00,3,3,7,30,1,0,6,6.0
09/13/05,08:00:00,4,2,8,0,1,0,6,11.0
09/13/05,08:30:00,7,4,8,30,1,0,11,11.0
09/13/05,09:00:00,9,2,9,0,1,0,11,13.0
09/13/05,09:30:00,9,4,9,30,1,0,13,18.0
09/13/05,10:00:00,14,4,10,0,1,0,18,19.0
09/13/05,10:30:00,12,7,10,30,1,0,19,15.0
09/13/05,11:00:00,10,5,11,0,1,0,15,25.0
09/13/05,11:30:00,12,13,11,30,1,0,25,18.0
09/13/05,12:00:00,6,12,12,0,1,0,18,15.0
09/13/05,12:30:00,11,4,12,30,1,0,15,20.0
09/13/05,13:00:00,14,6,13,0,1,0,20,27.0
09/13/05,13:30:00,19,8,13,30,1,0,27,22.0
09/13/05,14:00:00,9,13,14,0,1,0,22,22.0
09/13/05,14:30:00,12,10,14,30,1,0,22,25.0
09/13/05,15:00:00,15,10,15,0,1,0,25,18.0
09/13/05,15:30:00,11,7,15,30,1,0,18,12.0
09/13/05,16:00:00,6,6,16,0,1,0,12,17.0
09/13/05,16:30:00,8,9,16,30,1,0,17,31.0
09/13/05,17:00:00,6,25,17,0,1,0,31,17.0
09/13/05,17:30:00,5,12,17,30,1,0,17,13.0
09/13/05,18:00:00,2,11,18,0,1,0,13,10.0
09/13/05,18:30:00,4,6,18,30,1,0,10,8.0
09/13/05,19:00:00,4,4,19,0,1,0,8,4.0
09/13/05,19:30:00,1,3,19,30,1,0,4,3.0
09/13/05,20:00:00,2,1,20,0,1,0,3,1.0
09/13/05,20:30:00,0,1,20,30,1,0,1,0.0
09/13/05,21:00:00,0,0,21,0,1,0,0,0.0
09/13/05,21:30:00,0,0,21,30,1,0,0,0.0
09/13/05,22:00:00,0,0,22,0,1,0,0,1.0
09/13/05,22:30:00,0,1,22,30,1,0,1,0.0
09/13/05,23:00:00,0,0,23,0,1,0,0,1.0
09/13/05,23:30:00,0,1,23,30,1,0,1,0.0
09/14/05,00:00:00,0,0,0,0,2,0,0,1.0
09/14/05,00:30:00,0,1,0,30,2,0,1,0.0
09/14/05,01:00:00,0,0,1,0,2,0,0,0.0
09/14/05,01:30:00,0,0,1,30,2,0,0,0.0
09/14/05,02:00:00,0,0,2,0,2,0,0,0.0
09/14/05,02:30:00,0,0,2,30,2,0,0,0.0
09/14/05,03:00:00,0,0,3,0,2,0,0,0.0
09/14/05,03:30:00,0,0,3,30,2,0,0,0.0
09/14/05,04:00:00,0,0,4,0,2,0,0,0.0
09/14/05,04:30:00,0,0,4,30,2,0,0,0.0
09/14/05,05:00:00,0,0,5,0,2,0,0,0.0
09/14/05,05:30:00,0,0,5,30,2,0,0,11.0
09/14/05,06:00:00,6,5,6,0,2,0,11,0.0
09/14/05,06:30:00,0,0,6,30,2,0,0,0.0
09/14/05,07:00:00,0,0,7,0,2,0,0,1.0
09/14/05,07:30:00,1,0,7,30,2,0,1,1.0
09/14/05,08:00:00,1,0,8,0,2,0,1,2.0
09/14/05,08:30:00,2,0,8,30,2,0,2,19.0
09/14/05,09:00:00,16,3,9,0,2,0,19,14.0
09/14/05,09:30:00,11,3,9,30,2,0,14,18.0
09/14/05,10:00:00,14,4,10,0,2,0,18,28.0
09/14/05,10:30:00,16,12,10,30,2,0,28,12.0
09/14/05,11:00:00,5,7,11,0,2,0,12,18.0
09/14/05,11:30:00,3,15,11,30,2,0,18,20.0
09/14/05,12:00:00,5,15,12,0,2,0,20,25.0
09/14/05,12:30:00,12,13,12,30,2,0,25,24.0
09/14/05,13:00:00,20,4,13,0,2,0,24,49.0
09/14/05,13:30:00,34,15,13,30,2,0,49,35.0
09/14/05,14:00:00,25,10,14,0,2,0,35,16.0
09/14/05,14:30:00,6,10,14,30,2,0,16,26.0
09/14/05,15:00:00,12,14,15,0,2,0,26,10.0
09/14/05,15:30:00,6,4,15,30,2,0,10,30.0
09/14/05,16:00:00,15,15,16,0,2,0,30,16.0
09/14/05,16:30:00,10,6,16,30,2,0,16,15.0
09/14/05,17:00:00,2,13,17,0,2,0,15,6.0
09/14/05,17:30:00,1,5,17,30,2,0,6,20.0
09/14/05,18:00:00,9,11,18,0,2,0,20,8.0
09/14/05,18:30:00,0,8,18,30,2,0,8,9.0
09/14/05,19:00:00,4,5,19,0,2,0,9,10.0
09/14/05,19:30:00,3,7,19,30,2,0,10,1.0
09/14/05,20:00:00,1,0,20,0,2,0,1,0.0
09/14/05,20:30:00,0,0,20,30,2,0,0,5.0
09/14/05,21:00:00,3,2,21,0,2,0,5,1.0
09/14/05,21:30:00,0,1,21,30,2,0,1,4.0
09/14/05,22:00:00,2,2,22,0,2,0,4,1.0
09/14/05,22:30:00,0,1,22,30,2,0,1,2.0
09/14/05,23:00:00,0,2,23,0,2,0,2,6.0
09/14/05,23:30:00,2,4,23,30,2,0,6,1.0
09/15/05,00:00:00,0,1,0,0,3,0,1,0.0
09/15/05,00:30:00,0,0,0,30,3,0,0,3.0
09/15/05,01:00:00,1,2,1,0,3,0,3,0.0
09/15/05,01:30:00,0,0,1,30,3,0,0,0.0
09/15/05,02:00:00,0,0,2,0,3,0,0,0.0
09/15/05,02:30:00,0,0,2,30,3,0,0,0.0
09/15/05,03:00:00,0,0,3,0,3,0,0,0.0
09/15/05,03:30:00,0,0,3,30,3,0,0,0.0
09/15/05,04:00:00,0,0,4,0,3,0,0,0.0
09/15/05,04:30:00,0,0,4,30,3,0,0,2.0
09/15/05,05:00:00,1,1,5,0,3,0,2,0.0
09/15/05,05:30:00,0,0,5,30,3,0,0,0.0
09/15/05,06:00:00,0,0,6,0,3,0,0,0.0
09/15/05,06:30:00,0,0,6,30,3,0,0,1.0
09/15/05,07:00:00,1,0,7,0,3,0,1,4.0
09/15/05,07:30:00,3,1,7,30,3,0,4,7.0
09/15/05,08:00:00,5,2,8,0,3,0,7,14.0
09/15/05,08:30:00,12,2,8,30,3,0,14,7.0
09/15/05,09:00:00,7,0,9,0,3,0,7,9.0
09/15/05,09:30:00,7,2,9,30,3,0,9,25.0
09/15/05,10:00:00,11,14,10,0,3,0,25,26.0
09/15/05,10:30:00,12,14,10,30,3,0,26,18.0
09/15/05,11:00:00,10,8,11,0,3,0,18,18.0
09/15/05,11:30:00,8,10,11,30,3,0,18,26.0
09/15/05,12:00:00,7,19,12,0,3,0,26,23.0
09/15/05,12:30:00,11,12,12,30,3,0,23,18.0
09/15/05,13:00:00,10,8,13,0,3,0,18,33.0
09/15/05,13:30:00,31,2,13,30,3,0,33,19.0
09/15/05,14:00:00,9,10,14,0,3,0,19,19.0
09/15/05,14:30:00,9,10,14,30,3,0,19,21.0
09/15/05,15:00:00,14,7,15,0,3,0,21,21.0
09/15/05,15:30:00,10,11,15,30,3,0,21,23.0
09/15/05,16:00:00,9,14,16,0,3,0,23,10.0
09/15/05,16:30:00,6,4,16,30,3,0,10,15.0
09/15/05,17:00:00,5,10,17,0,3,0,15,20.0
09/15/05,17:30:00,5,15,17,30,3,0,20,9.0
09/15/05,18:00:00,1,8,18,0,3,0,9,5.0
09/15/05,18:30:00,0,5,18,30,3,0,5,6.0
09/15/05,19:00:00,2,4,19,0,3,0,6,0.0
09/15/05,19:30:00,0,0,19,30,3,0,0,5.0
09/15/05,20:00:00,2,3,20,0,3,0,5,2.0
09/15/05,20:30:00,2,0,20,30,3,0,2,6.0
09/15/05,21:00:00,4,2,21,0,3,0,6,2.0
09/15/05,21:30:00,0,2,21,30,3,0,2,2.0
09/15/05,22:00:00,2,0,22,0,3,0,2,2.0
09/15/05,22:30:00,0,2,22,30,3,0,2,2.0
09/15/05,23:00:00,0,2,23,0,3,0,2,0.0
09/15/05,23:30:00,0,0,23,30,3,0,0,3.0
09/16/05,00:00:00,0,3,0,0,4,0,3,0.0
09/16/05,00:30:00,0,0,0,30,4,0,0,2.0
09/16/05,01:00:00,0,2,1,0,4,0,2,0.0
09/16/05,01:30:00,0,0,1,30,4,0,0,0.0
09/16/05,02:00:00,0,0,2,0,4,0,0,0.0
09/16/05,02:30:00,0,0,2,30,4,0,0,0.0
09/16/05,03:00:00,0,0,3,0,4,0,0,0.0
09/16/05,03:30:00,0,0,3,30,4,0,0,0.0
09/16/05,04:00:00,0,0,4,0,4,0,0,0.0
09/16/05,04:30:00,0,0,4,30,4,0,0,0.0
09/16/05,05:00:00,0,0,5,0,4,0,0,4.0
09/16/05,05:30:00,2,2,5,30,4,0,4,0.0
09/16/05,06:00:00,0,0,6,0,4,0,0,0.0
09/16/05,06:30:00,0,0,6,30,4,0,0,1.0
09/16/05,07:00:00,1,0,7,0,4,0,1,0.0
09/16/05,07:30:00,0,0,7,30,4,0,0,0.0
09/16/05,08:00:00,0,0,8,0,4,0,0,4.0
09/16/05,08:30:00,3,1,8,30,4,0,4,7.0
09/16/05,09:00:00,3,4,9,0,4,0,7,21.0
09/16/05,09:30:00,11,10,9,30,4,0,21,12.0
09/16/05,10:00:00,9,3,10,0,4,0,12,18.0
09/16/05,10:30:00,13,5,10,30,4,0,18,14.0
09/16/05,11:00:00,7,7,11,0,4,0,14,18.0
09/16/05,11:30:00,11,7,11,30,4,0,18,16.0
09/16/05,12:00:00,7,9,12,0,4,0,16,24.0
09/16/05,12:30:00,10,14,12,30,4,0,24,25.0
09/16/05,13:00:00,14,11,13,0,4,0,25,25.0
09/16/05,13:30:00,18,7,13,30,4,0,25,36.0
09/16/05,14:00:00,28,8,14,0,4,0,36,14.0
09/16/05,14:30:00,10,4,14,30,4,0,14,17.0
09/16/05,15:00:00,10,7,15,0,4,0,17,20.0
09/16/05,15:30:00,7,13,15,30,4,0,20,8.0
09/16/05,16:00:00,2,6,16,0,4,0,8,12.0
09/16/05,16:30:00,5,7,16,30,4,0,12,14.0
09/16/05,17:00:00,4,10,17,0,4,0,14,8.0
09/16/05,17:30:00,0,8,17,30,4,0,8,5.0
09/16/05,18:00:00,1,4,18,0,4,0,5,5.0
09/16/05,18:30:00,2,3,18,30,4,0,5,3.0
09/16/05,19:00:00,0,3,19,0,4,0,3,2.0
09/16/05,19:30:00,1,1,19,30,4,0,2,2.0
09/16/05,20:00:00,0,2,20,0,4,0,2,0.0
09/16/05,20:30:00,0,0,20,30,4,0,0,0.0
09/16/05,21:00:00,0,0,21,0,4,0,0,4.0
09/16/05,21:30:00,3,1,21,30,4,0,4,3.0
09/16/05,22:00:00,1,2,22,0,4,0,3,5.0
09/16/05,22:30:00,2,3,22,30,4,0,5,1.0
09/16/05,23:00:00,0,1,23,0,4,0,1,1.0
09/16/05,23:30:00,0,1,23,30,4,0,1,0.0
09/17/05,00:00:00,0,0,0,0,5,1,0,1.0
09/17/05,00:30:00,0,1,0,30,5,1,1,0.0
09/17/05,01:00:00,0,0,1,0,5,1,0,0.0
09/17/05,01:30:00,0,0,1,30,5,1,0,5.0
09/17/05,02:00:00,0,5,2,0,5,1,5,0.0
09/17/05,02:30:00,0,0,2,30,5,1,0,0.0
09/17/05,03:00:00,0,0,3,0,5,1,0,0.0
09/17/05,03:30:00,0,0,3,30,5,1,0,0.0
09/17/05,04:00:00,0,0,4,0,5,1,0,0.0
09/17/05,04:30:00,0,0,4,30,5,1,0,0.0
09/17/05,05:00:00,0,0,5,0,5,1,0,0.0
09/17/05,05:30:00,0,0,5,30,5,1,0,0.0
09/17/05,06:00:00,0,0,6,0,5,1,0,0.0
09/17/05,06:30:00,0,0,6,30,5,1,0,0.0
09/17/05,07:00:00,0,0,7,0,5,1,0,0.0
09/17/05,07:30:00,0,0,7,30,5,1,0,0.0
09/17/05,08:00:00,0,0,8,0,5,1,0,0.0
09/17/05,08:30:00,0,0,8,30,5,1,0,0.0
09/17/05,09:00:00,0,0,9,0,5,1,0,0.0
09/17/05,09:30:00,0,0,9,30,5,1,0,0.0
09/17/05,10:00:00,0,0,10,0,5,1,0,1.0
09/17/05,10:30:00,0,1,10,30,5,1,1,1.0
09/17/05,11:00:00,1,0,11,0,5,1,1,0.0
09/17/05,11:30:00,0,0,11,30,5,1,0,0.0
09/17/05,12:00:00,0,0,12,0,5,1,0,2.0
09/17/05,12:30:00,1,1,12,30,5,1,2,0.0
09/17/05,13:00:00,0,0,13,0,5,1,0,8.0
09/17/05,13:30:00,2,6,13,30,5,1,8,1.0
09/17/05,14:00:00,1,0,14,0,5,1,1,2.0
09/17/05,14:30:00,1,1,14,30,5,1,2,0.0
09/17/05,15:00:00,0,0,15,0,5,1,0,7.0
09/17/05,15:30:00,3,4,15,30,5,1,7,5.0
09/17/05,16:00:00,3,2,16,0,5,1,5,0.0
09/17/05,16:30:00,0,0,16,30,5,1,0,4.0
09/17/05,17:00:00,3,1,17,0,5,1,4,4.0
09/17/05,17:30:00,1,3,17,30,5,1,4,0.0
09/17/05,18:00:00,0,0,18,0,5,1,0,3.0
09/17/05,18:30:00,1,2,18,30,5,1,3,0.0
09/17/05,19:00:00,0,0,19,0,5,1,0,3.0
09/17/05,19:30:00,1,2,19,30,5,1,3,0.0
09/17/05,20:00:00,0,0,20,0,5,1,0,0.0
09/17/05,20:30:00,0,0,20,30,5,1,0,2.0
09/17/05,21:00:00,1,1,21,0,5,1,2,0.0
09/17/05,21:30:00,0,0,21,30,5,1,0,0.0
09/17/05,22:00:00,0,0,22,0,5,1,0,1.0
09/17/05,22:30:00,1,0,22,30,5,1,1,7.0
09/17/05,23:00:00,3,4,23,0,5,1,7,0.0
09/17/05,23:30:00,0,0,23,30,5,1,0,3.0
09/18/05,00:00:00,0,3,0,0,6,1,3,0.0
09/18/05,00:30:00,0,0,0,30,6,1,0,0.0
09/18/05,01:00:00,0,0,1,0,6,1,0,0.0
09/18/05,01:30:00,0,0,1,30,6,1,0,0.0
09/18/05,02:00:00,0,0,2,0,6,1,0,0.0
09/18/05,02:30:00,0,0,2,30,6,1,0,0.0
09/18/05,03:00:00,0,0,3,0,6,1,0,0.0
09/18/05,03:30:00,0,0,3,30,6,1,0,0.0
09/18/05,04:00:00,0,0,4,0,6,1,0,0.0
09/18/05,04:30:00,0,0,4,30,6,1,0,0.0
09/18/05,05:00:00,0,0,5,0,6,1,0,0.0
09/18/05,05:30:00,0,0,5,30,6,1,0,0.0
09/18/05,06:00:00,0,0,6,0,6,1,0,0.0
09/18/05,06:30:00,0,0,6,30,6,1,0,0.0
09/18/05,07:00:00,0,0,7,0,6,1,0,0.0
09/18/05,07:30:00,0,0,7,30,6,1,0,0.0
09/18/05,08:00:00,0,0,8,0,6,1,0,0.0
09/18/05,08:30:00,0,0,8,30,6,1,0,0.0
09/18/05,09:00:00,0,0,9,0,6,1,0,0.0
09/18/05,09:30:00,0,0,9,30,6,1,0,0.0
09/18/05,10:00:00,0,0,10,0,6,1,0,0.0
09/18/05,10:30:00,0,0,10,30,6,1,0,0.0
09/18/05,11:00:00,0,0,11,0,6,1,0,0.0
09/18/05,11:30:00,0,0,11,30,6,1,0,1.0
09/18/05,12:00:00,0,1,12,0,6,1,1,0.0
09/18/05,12:30:00,0,0,12,30,6,1,0,0.0
09/18/05,13:00:00,0,0,13,0,6,1,0,0.0
09/18/05,13:30:00,0,0,13,30,6,1,0,0.0
09/18/05,14:00:00,0,0,14,0,6,1,0,2.0
09/18/05,14:30:00,1,1,14,30,6,1,2,1.0
09/18/05,15:00:00,0,1,15,0,6,1,1,0.0
09/18/05,15:30:00,0,0,15,30,6,1,0,3.0
09/18/05,16:00:00,1,2,16,0,6,1,3,1.0
09/18/05,16:30:00,0,1,16,30,6,1,1,0.0
09/18/05,17:00:00,0,0,17,0,6,1,0,1.0
09/18/05,17:30:00,0,1,17,30,6,1,1,3.0
09/18/05,18:00:00,1,2,18,0,6,1,3,2.0
09/18/05,18:30:00,0,2,18,30,6,1,2,2.0
09/18/05,19:00:00,2,0,19,0,6,1,2,0.0
09/18/05,19:30:00,0,0,19,30,6,1,0,0.0
09/18/05,20:00:00,0,0,20,0,6,1,0,0.0
09/18/05,20:30:00,0,0,20,30,6,1,0,2.0
09/18/05,21:00:00,0,2,21,0,6,1,2,2.0
09/18/05,21:30:00,2,0,21,30,6,1,2,0.0
09/18/05,22:00:00,0,0,22,0,6,1,0,2.0
09/18/05,22:30:00,0,2,22,30,6,1,2,0.0
09/18/05,23:00:00,0,0,23,0,6,1,0,1.0
09/18/05,23:30:00,0,1,23,30,6,1,1,1.0
09/19/05,00:00:00,0,1,0,0,0,0,1,2.0
09/19/05,00:30:00,0,2,0,30,0,0,2,0.0
09/19/05,01:00:00,0,0,1,0,0,0,0,0.0
09/19/05,01:30:00,0,0,1,30,0,0,0,0.0
09/19/05,02:00:00,0,0,2,0,0,0,0,0.0
09/19/05,02:30:00,0,0,2,30,0,0,0,0.0
09/19/05,03:00:00,0,0,3,0,0,0,0,0.0
09/19/05,03:30:00,0,0,3,30,0,0,0,0.0
09/19/05,04:00:00,0,0,4,0,0,0,0,0.0
09/19/05,04:30:00,0,0,4,30,0,0,0,0.0
09/19/05,05:00:00,0,0,5,0,0,0,0,0.0
09/19/05,05:30:00,0,0,5,30,0,0,0,0.0
09/19/05,06:00:00,0,0,6,0,0,0,0,2.0
09/19/05,06:30:00,1,1,6,30,0,0,2,2.0
09/19/05,07:00:00,2,0,7,0,0,0,2,1.0
09/19/05,07:30:00,1,0,7,30,0,0,1,1.0
09/19/05,08:00:00,1,0,8,0,0,0,1,4.0
09/19/05,08:30:00,3,1,8,30,0,0,4,8.0
09/19/05,09:00:00,8,0,9,0,0,0,8,9.0
09/19/05,09:30:00,7,2,9,30,0,0,9,19.0
09/19/05,10:00:00,12,7,10,0,0,0,19,24.0
09/19/05,10:30:00,12,12,10,30,0,0,24,21.0
09/19/05,11:00:00,11,10,11,0,0,0,21,26.0
09/19/05,11:30:00,11,15,11,30,0,0,26,23.0
09/19/05,12:00:00,7,16,12,0,0,0,23,12.0
09/19/05,12:30:00,2,10,12,30,0,0,12,37.0
09/19/05,13:00:00,24,13,13,0,0,0,37,24.0
09/19/05,13:30:00,20,4,13,30,0,0,24,28.0
09/19/05,14:00:00,18,10,14,0,0,0,28,25.0
09/19/05,14:30:00,15,10,14,30,0,0,25,35.0
09/19/05,15:00:00,19,16,15,0,0,0,35,29.0
09/19/05,15:30:00,15,14,15,30,0,0,29,27.0
09/19/05,16:00:00,15,12,16,0,0,0,27,28.0
09/19/05,16:30:00,11,17,16,30,0,0,28,12.0
09/19/05,17:00:00,4,8,17,0,0,0,12,7.0
09/19/05,17:30:00,1,6,17,30,0,0,7,11.0
09/19/05,18:00:00,0,11,18,0,0,0,11,5.0
09/19/05,18:30:00,3,2,18,30,0,0,5,6.0
09/19/05,19:00:00,1,5,19,0,0,0,6,3.0
09/19/05,19:30:00,1,2,19,30,0,0,3,2.0
09/19/05,20:00:00,0,2,20,0,0,0,2,2.0
09/19/05,20:30:00,1,1,20,30,0,0,2,2.0
09/19/05,21:00:00,1,1,21,0,0,0,2,2.0
09/19/05,21:30:00,0,2,21,30,0,0,2,1.0
09/19/05,22:00:00,0,1,22,0,0,0,1,5.0
09/19/05,22:30:00,2,3,22,30,0,0,5,1.0
09/19/05,23:00:00,0,1,23,0,0,0,1,7.0
09/19/05,23:30:00,5,2,23,30,0,0,7,0.0
09/20/05,00:00:00,0,0,0,0,1,0,0,1.0
09/20/05,00:30:00,0,1,0,30,1,0,1,2.0
09/20/05,01:00:00,1,1,1,0,1,0,2,0.0
09/20/05,01:30:00,0,0,1,30,1,0,0,0.0
09/20/05,02:00:00,0,0,2,0,1,0,0,0.0
09/20/05,02:30:00,0,0,2,30,1,0,0,0.0
09/20/05,03:00:00,0,0,3,0,1,0,0,0.0
09/20/05,03:30:00,0,0,3,30,1,0,0,0.0
09/20/05,04:00:00,0,0,4,0,1,0,0,0.0
09/20/05,04:30:00,0,0,4,30,1,0,0,0.0
09/20/05,05:00:00,0,0,5,0,1,0,0,4.0
09/20/05,05:30:00,2,2,5,30,1,0,4,0.0
09/20/05,06:00:00,0,0,6,0,1,0,0,0.0
09/20/05,06:30:00,0,0,6,30,1,0,0,0.0
09/20/05,07:00:00,0,0,7,0,1,0,0,1.0
09/20/05,07:30:00,1,0,7,30,1,0,1,1.0
09/20/05,08:00:00,1,0,8,0,1,0,1,4.0
09/20/05,08:30:00,3,1,8,30,1,0,4,7.0
09/20/05,09:00:00,6,1,9,0,1,0,7,6.0
09/20/05,09:30:00,4,2,9,30,1,0,6,21.0
09/20/05,10:00:00,14,7,10,0,1,0,21,16.0
09/20/05,10:30:00,14,2,10,30,1,0,16,16.0
09/20/05,11:00:00,10,6,11,0,1,0,16,27.0
09/20/05,11:30:00,14,13,11,30,1,0,27,26.0
09/20/05,12:00:00,6,20,12,0,1,0,26,13.0
09/20/05,12:30:00,8,5,12,30,1,0,13,23.0
09/20/05,13:00:00,13,10,13,0,1,0,23,14.0
09/20/05,13:30:00,10,4,13,30,1,0,14,29.0
09/20/05,14:00:00,18,11,14,0,1,0,29,21.0
09/20/05,14:30:00,9,12,14,30,1,0,21,17.0
09/20/05,15:00:00,10,7,15,0,1,0,17,14.0
09/20/05,15:30:00,8,6,15,30,1,0,14,24.0
09/20/05,16:00:00,14,10,16,0,1,0,24,33.0
09/20/05,16:30:00,24,9,16,30,1,0,33,35.0
09/20/05,17:00:00,6,29,17,0,1,0,35,15.0
09/20/05,17:30:00,5,10,17,30,1,0,15,9.0
09/20/05,18:00:00,0,9,18,0,1,0,9,4.0
09/20/05,18:30:00,1,3,18,30,1,0,4,3.0
09/20/05,19:00:00,1,2,19,0,1,0,3,11.0
09/20/05,19:30:00,2,9,19,30,1,0,11,2.0
09/20/05,20:00:00,2,0,20,0,1,0,2,5.0
09/20/05,20:30:00,2,3,20,30,1,0,5,1.0
09/20/05,21:00:00,0,1,21,0,1,0,1,2.0
09/20/05,21:30:00,1,1,21,30,1,0,2,2.0
09/20/05,22:00:00,2,0,22,0,1,0,2,1.0
09/20/05,22:30:00,0,1,22,30,1,0,1,3.0
09/20/05,23:00:00,2,1,23,0,1,0,3,0.0
09/20/05,23:30:00,0,0,23,30,1,0,0,4.0
09/21/05,00:00:00,1,3,0,0,2,0,4,1.0
09/21/05,00:30:00,0,1,0,30,2,0,1,0.0
09/21/05,01:00:00,0,0,1,0,2,0,0,0.0
09/21/05,01:30:00,0,0,1,30,2,0,0,0.0
09/21/05,02:00:00,0,0,2,0,2,0,0,0.0
09/21/05,02:30:00,0,0,2,30,2,0,0,0.0
09/21/05,03:00:00,0,0,3,0,2,0,0,0.0
09/21/05,03:30:00,0,0,3,30,2,0,0,0.0
09/21/05,04:00:00,0,0,4,0,2,0,0,0.0
09/21/05,04:30:00,0,0,4,30,2,0,0,0.0
09/21/05,05:00:00,0,0,5,0,2,0,0,0.0
09/21/05,05:30:00,0,0,5,30,2,0,0,6.0
09/21/05,06:00:00,3,3,6,0,2,0,6,0.0
09/21/05,06:30:00,0,0,6,30,2,0,0,0.0
09/21/05,07:00:00,0,0,7,0,2,0,0,7.0
09/21/05,07:30:00,4,3,7,30,2,0,7,3.0
09/21/05,08:00:00,2,1,8,0,2,0,3,23.0
09/21/05,08:30:00,18,5,8,30,2,0,23,40.0
09/21/05,09:00:00,29,11,9,0,2,0,40,21.0
09/21/05,09:30:00,13,8,9,30,2,0,21,32.0
09/21/05,10:00:00,14,18,10,0,2,0,32,39.0
09/21/05,10:30:00,32,7,10,30,2,0,39,25.0
09/21/05,11:00:00,11,14,11,0,2,0,25,36.0
09/21/05,11:30:00,17,19,11,30,2,0,36,44.0
09/21/05,12:00:00,19,25,12,0,2,0,44,40.0
09/21/05,12:30:00,12,28,12,30,2,0,40,61.0
09/21/05,13:00:00,26,35,13,0,2,0,61,40.0
09/21/05,13:30:00,21,19,13,30,2,0,40,36.0
09/21/05,14:00:00,26,10,14,0,2,0,36,29.0
09/21/05,14:30:00,16,13,14,30,2,0,29,28.0
09/21/05,15:00:00,16,12,15,0,2,0,28,41.0
09/21/05,15:30:00,27,14,15,30,2,0,41,31.0
09/21/05,16:00:00,12,19,16,0,2,0,31,19.0
09/21/05,16:30:00,9,10,16,30,2,0,19,23.0
09/21/05,17:00:00,4,19,17,0,2,0,23,11.0
09/21/05,17:30:00,1,10,17,30,2,0,11,27.0
09/21/05,18:00:00,12,15,18,0,2,0,27,12.0
09/21/05,18:30:00,1,11,18,30,2,0,12,0.0
09/21/05,19:00:00,0,0,19,0,2,0,0,2.0
09/21/05,19:30:00,0,2,19,30,2,0,2,8.0
09/21/05,20:00:00,5,3,20,0,2,0,8,2.0
09/21/05,20:30:00,0,2,20,30,2,0,2,4.0
09/21/05,21:00:00,3,1,21,0,2,0,4,0.0
09/21/05,21:30:00,0,0,21,30,2,0,0,1.0
09/21/05,22:00:00,0,1,22,0,2,0,1,3.0
09/21/05,22:30:00,1,2,22,30,2,0,3,1.0
09/21/05,23:00:00,0,1,23,0,2,0,1,2.0
09/21/05,23:30:00,0,2,23,30,2,0,2,1.0
09/22/05,00:00:00,0,1,0,0,3,0,1,0.0
09/22/05,00:30:00,0,0,0,30,3,0,0,2.0
09/22/05,01:00:00,2,0,1,0,3,0,2,0.0
09/22/05,01:30:00,0,0,1,30,3,0,0,3.0
09/22/05,02:00:00,2,1,2,0,3,0,3,0.0
09/22/05,02:30:00,0,0,2,30,3,0,0,1.0
09/22/05,03:00:00,0,1,3,0,3,0,1,0.0
09/22/05,03:30:00,0,0,3,30,3,0,0,0.0
09/22/05,04:00:00,0,0,4,0,3,0,0,0.0
09/22/05,04:30:00,0,0,4,30,3,0,0,0.0
09/22/05,05:00:00,0,0,5,0,3,0,0,2.0
09/22/05,05:30:00,1,1,5,30,3,0,2,0.0
09/22/05,06:00:00,0,0,6,0,3,0,0,1.0
09/22/05,06:30:00,0,1,6,30,3,0,1,0.0
09/22/05,07:00:00,0,0,7,0,3,0,0,0.0
09/22/05,07:30:00,0,0,7,30,3,0,0,4.0
09/22/05,08:00:00,4,0,8,0,3,0,4,2.0
09/22/05,08:30:00,1,1,8,30,3,0,2,16.0
09/22/05,09:00:00,13,3,9,0,3,0,16,10.0
09/22/05,09:30:00,8,2,9,30,3,0,10,12.0
09/22/05,10:00:00,6,6,10,0,3,0,12,25.0
09/22/05,10:30:00,17,8,10,30,3,0,25,13.0
09/22/05,11:00:00,9,4,11,0,3,0,13,14.0
09/22/05,11:30:00,6,8,11,30,3,0,14,35.0
09/22/05,12:00:00,11,24,12,0,3,0,35,24.0
09/22/05,12:30:00,10,14,12,30,3,0,24,36.0
09/22/05,13:00:00,28,8,13,0,3,0,36,24.0
09/22/05,13:30:00,16,8,13,30,3,0,24,57.0
09/22/05,14:00:00,42,15,14,0,3,0,57,36.0
09/22/05,14:30:00,24,12,14,30,3,0,36,7.0
09/22/05,15:00:00,3,4,15,0,3,0,7,13.0
09/22/05,15:30:00,6,7,15,30,3,0,13,23.0
09/22/05,16:00:00,14,9,16,0,3,0,23,10.0
09/22/05,16:30:00,6,4,16,30,3,0,10,16.0
09/22/05,17:00:00,9,7,17,0,3,0,16,16.0
09/22/05,17:30:00,2,14,17,30,3,0,16,17.0
09/22/05,18:00:00,1,16,18,0,3,0,17,10.0
09/22/05,18:30:00,1,9,18,30,3,0,10,3.0
09/22/05,19:00:00,2,1,19,0,3,0,3,7.0
09/22/05,19:30:00,3,4,19,30,3,0,7,1.0
09/22/05,20:00:00,0,1,20,0,3,0,1,3.0
09/22/05,20:30:00,2,1,20,30,3,0,3,0.0
09/22/05,21:00:00,0,0,21,0,3,0,0,6.0
09/22/05,21:30:00,2,4,21,30,3,0,6,5.0
09/22/05,22:00:00,2,3,22,0,3,0,5,1.0
09/22/05,22:30:00,0,1,22,30,3,0,1,2.0
09/22/05,23:00:00,1,1,23,0,3,0,2,1.0
09/22/05,23:30:00,0,1,23,30,3,0,1,3.0
09/23/05,00:00:00,1,2,0,0,4,0,3,0.0
09/23/05,00:30:00,0,0,0,30,4,0,0,3.0
09/23/05,01:00:00,1,2,1,0,4,0,3,1.0
09/23/05,01:30:00,0,1,1,30,4,0,1,1.0
09/23/05,02:00:00,0,1,2,0,4,0,1,0.0
09/23/05,02:30:00,0,0,2,30,4,0,0,0.0
09/23/05,03:00:00,0,0,3,0,4,0,0,0.0
09/23/05,03:30:00,0,0,3,30,4,0,0,0.0
09/23/05,04:00:00,0,0,4,0,4,0,0,0.0
09/23/05,04:30:00,0,0,4,30,4,0,0,0.0
09/23/05,05:00:00,0,0,5,0,4,0,0,0.0
09/23/05,05:30:00,0,0,5,30,4,0,0,5.0
09/23/05,06:00:00,3,2,6,0,4,0,5,0.0
09/23/05,06:30:00,0,0,6,30,4,0,0,0.0
09/23/05,07:00:00,0,0,7,0,4,0,0,1.0
09/23/05,07:30:00,1,0,7,30,4,0,1,1.0
09/23/05,08:00:00,0,1,8,0,4,0,1,13.0
09/23/05,08:30:00,9,4,8,30,4,0,13,8.0
09/23/05,09:00:00,6,2,9,0,4,0,8,19.0
09/23/05,09:30:00,15,4,9,30,4,0,19,27.0
09/23/05,10:00:00,20,7,10,0,4,0,27,17.0
09/23/05,10:30:00,10,7,10,30,4,0,17,24.0
09/23/05,11:00:00,14,10,11,0,4,0,24,28.0
09/23/05,11:30:00,14,14,11,30,4,0,28,31.0
09/23/05,12:00:00,14,17,12,0,4,0,31,17.0
09/23/05,12:30:00,5,12,12,30,4,0,17,34.0
09/23/05,13:00:00,20,14,13,0,4,0,34,35.0
09/23/05,13:30:00,19,16,13,30,4,0,35,38.0
09/23/05,14:00:00,25,13,14,0,4,0,38,24.0
09/23/05,14:30:00,11,13,14,30,4,0,24,21.0
09/23/05,15:00:00,12,9,15,0,4,0,21,14.0
09/23/05,15:30:00,6,8,15,30,4,0,14,13.0
09/23/05,16:00:00,5,8,16,0,4,0,13,21.0
09/23/05,16:30:00,12,9,16,30,4,0,21,15.0
09/23/05,17:00:00,5,10,17,0,4,0,15,12.0
09/23/05,17:30:00,4,8,17,30,4,0,12,7.0
09/23/05,18:00:00,5,2,18,0,4,0,7,14.0
09/23/05,18:30:00,3,11,18,30,4,0,14,4.0
09/23/05,19:00:00,0,4,19,0,4,0,4,4.0
09/23/05,19:30:00,2,2,19,30,4,0,4,3.0
09/23/05,20:00:00,0,3,20,0,4,0,3,5.0
09/23/05,20:30:00,1,4,20,30,4,0,5,1.0
09/23/05,21:00:00,0,1,21,0,4,0,1,1.0
09/23/05,21:30:00,1,0,21,30,4,0,1,3.0
09/23/05,22:00:00,3,0,22,0,4,0,3,0.0
09/23/05,22:30:00,0,0,22,30,4,0,0,0.0
09/23/05,23:00:00,0,0,23,0,4,0,0,0.0
09/23/05,23:30:00,0,0,23,30,4,0,0,3.0
09/24/05,00:00:00,2,1,0,0,5,1,3,1.0
09/24/05,00:30:00,0,1,0,30,5,1,1,0.0
09/24/05,01:00:00,0,0,1,0,5,1,0,3.0
09/24/05,01:30:00,1,2,1,30,5,1,3,1.0
09/24/05,02:00:00,0,1,2,0,5,1,1,0.0
09/24/05,02:30:00,0,0,2,30,5,1,0,0.0
09/24/05,03:00:00,0,0,3,0,5,1,0,0.0
09/24/05,03:30:00,0,0,3,30,5,1,0,0.0
09/24/05,04:00:00,0,0,4,0,5,1,0,0.0
09/24/05,04:30:00,0,0,4,30,5,1,0,0.0
09/24/05,05:00:00,0,0,5,0,5,1,0,0.0
09/24/05,05:30:00,0,0,5,30,5,1,0,0.0
09/24/05,06:00:00,0,0,6,0,5,1,0,0.0
09/24/05,06:30:00,0,0,6,30,5,1,0,0.0
09/24/05,07:00:00,0,0,7,0,5,1,0,0.0
09/24/05,07:30:00,0,0,7,30,5,1,0,0.0
09/24/05,08:00:00,0,0,8,0,5,1,0,3.0
09/24/05,08:30:00,1,2,8,30,5,1,3,1.0
09/24/05,09:00:00,1,0,9,0,5,1,1,0.0
09/24/05,09:30:00,0,0,9,30,5,1,0,1.0
09/24/05,10:00:00,1,0,10,0,5,1,1,2.0
09/24/05,10:30:00,2,0,10,30,5,1,2,6.0
09/24/05,11:00:00,3,3,11,0,5,1,6,0.0
09/24/05,11:30:00,0,0,11,30,5,1,0,2.0
09/24/05,12:00:00,0,2,12,0,5,1,2,1.0
09/24/05,12:30:00,1,0,12,30,5,1,1,6.0
09/24/05,13:00:00,1,5,13,0,5,1,6,5.0
09/24/05,13:30:00,4,1,13,30,5,1,5,5.0
09/24/05,14:00:00,4,1,14,0,5,1,5,0.0
09/24/05,14:30:00,0,0,14,30,5,1,0,2.0
09/24/05,15:00:00,1,1,15,0,5,1,2,4.0
09/24/05,15:30:00,1,3,15,30,5,1,4,4.0
09/24/05,16:00:00,2,2,16,0,5,1,4,0.0
09/24/05,16:30:00,0,0,16,30,5,1,0,3.0
09/24/05,17:00:00,1,2,17,0,5,1,3,5.0
09/24/05,17:30:00,2,3,17,30,5,1,5,0.0
09/24/05,18:00:00,0,0,18,0,5,1,0,0.0
09/24/05,18:30:00,0,0,18,30,5,1,0,0.0
09/24/05,19:00:00,0,0,19,0,5,1,0,1.0
09/24/05,19:30:00,0,1,19,30,5,1,1,0.0
09/24/05,20:00:00,0,0,20,0,5,1,0,0.0
09/24/05,20:30:00,0,0,20,30,5,1,0,0.0
09/24/05,21:00:00,0,0,21,0,5,1,0,0.0
09/24/05,21:30:00,0,0,21,30,5,1,0,0.0
09/24/05,22:00:00,0,0,22,0,5,1,0,1.0
09/24/05,22:30:00,0,1,22,30,5,1,1,1.0
09/24/05,23:00:00,0,1,23,0,5,1,1,0.0
09/24/05,23:30:00,0,0,23,30,5,1,0,0.0
09/25/05,00:00:00,0,0,0,0,6,1,0,1.0
09/25/05,00:30:00,0,1,0,30,6,1,1,0.0
09/25/05,01:00:00,0,0,1,0,6,1,0,0.0
09/25/05,01:30:00,0,0,1,30,6,1,0,0.0
09/25/05,02:00:00,0,0,2,0,6,1,0,0.0
09/25/05,02:30:00,0,0,2,30,6,1,0,0.0
09/25/05,03:00:00,0,0,3,0,6,1,0,0.0
09/25/05,03:30:00,0,0,3,30,6,1,0,0.0
09/25/05,04:00:00,0,0,4,0,6,1,0,0.0
09/25/05,04:30:00,0,0,4,30,6,1,0,0.0
09/25/05,05:00:00,0,0,5,0,6,1,0,0.0
09/25/05,05:30:00,0,0,5,30,6,1,0,0.0
09/25/05,06:00:00,0,0,6,0,6,1,0,0.0
09/25/05,06:30:00,0,0,6,30,6,1,0,0.0
09/25/05,07:00:00,0,0,7,0,6,1,0,1.0
09/25/05,07:30:00,0,1,7,30,6,1,1,0.0
09/25/05,08:00:00,0,0,8,0,6,1,0,0.0
09/25/05,08:30:00,0,0,8,30,6,1,0,0.0
09/25/05,09:00:00,0,0,9,0,6,1,0,1.0
09/25/05,09:30:00,1,0,9,30,6,1,1,0.0
09/25/05,10:00:00,0,0,10,0,6,1,0,1.0
09/25/05,10:30:00,1,0,10,30,6,1,1,1.0
09/25/05,11:00:00,0,1,11,0,6,1,1,0.0
09/25/05,11:30:00,0,0,11,30,6,1,0,2.0
09/25/05,12:00:00,1,1,12,0,6,1,2,2.0
09/25/05,12:30:00,0,2,12,30,6,1,2,1.0
09/25/05,13:00:00,1,0,13,0,6,1,1,3.0
09/25/05,13:30:00,2,1,13,30,6,1,3,4.0
09/25/05,14:00:00,2,2,14,0,6,1,4,3.0
09/25/05,14:30:00,2,1,14,30,6,1,3,3.0
09/25/05,15:00:00,1,2,15,0,6,1,3,1.0
09/25/05,15:30:00,1,0,15,30,6,1,1,4.0
09/25/05,16:00:00,2,2,16,0,6,1,4,0.0
09/25/05,16:30:00,0,0,16,30,6,1,0,4.0
09/25/05,17:00:00,1,3,17,0,6,1,4,2.0
09/25/05,17:30:00,1,1,17,30,6,1,2,2.0
09/25/05,18:00:00,0,2,18,0,6,1,2,2.0
09/25/05,18:30:00,0,2,18,30,6,1,2,4.0
09/25/05,19:00:00,1,3,19,0,6,1,4,1.0
09/25/05,19:30:00,1,0,19,30,6,1,1,2.0
09/25/05,20:00:00,2,0,20,0,6,1,2,0.0
09/25/05,20:30:00,0,0,20,30,6,1,0,3.0
09/25/05,21:00:00,1,2,21,0,6,1,3,0.0
09/25/05,21:30:00,0,0,21,30,6,1,0,2.0
09/25/05,22:00:00,1,1,22,0,6,1,2,3.0
09/25/05,22:30:00,0,3,22,30,6,1,3,1.0
09/25/05,23:00:00,1,0,23,0,6,1,1,3.0
09/25/05,23:30:00,1,2,23,30,6,1,3,2.0
09/26/05,00:00:00,0,2,0,0,0,0,2,0.0
09/26/05,00:30:00,0,0,0,30,0,0,0,0.0
09/26/05,01:00:00,0,0,1,0,0,0,0,0.0
09/26/05,01:30:00,0,0,1,30,0,0,0,1.0
09/26/05,02:00:00,0,1,2,0,0,0,1,0.0
09/26/05,02:30:00,0,0,2,30,0,0,0,0.0
09/26/05,03:00:00,0,0,3,0,0,0,0,0.0
09/26/05,03:30:00,0,0,3,30,0,0,0,0.0
09/26/05,04:00:00,0,0,4,0,0,0,0,0.0
09/26/05,04:30:00,0,0,4,30,0,0,0,0.0
09/26/05,05:00:00,0,0,5,0,0,0,0,0.0
09/26/05,05:30:00,0,0,5,30,0,0,0,0.0
09/26/05,06:00:00,0,0,6,0,0,0,0,0.0
09/26/05,06:30:00,0,0,6,30,0,0,0,6.0
09/26/05,07:00:00,3,3,7,0,0,0,6,1.0
09/26/05,07:30:00,1,0,7,30,0,0,1,5.0
09/26/05,08:00:00,3,2,8,0,0,0,5,4.0
09/26/05,08:30:00,4,0,8,30,0,0,4,10.0
09/26/05,09:00:00,8,2,9,0,0,0,10,11.0
09/26/05,09:30:00,9,2,9,30,0,0,11,29.0
09/26/05,10:00:00,17,12,10,0,0,0,29,20.0
09/26/05,10:30:00,9,11,10,30,0,0,20,28.0
09/26/05,11:00:00,18,10,11,0,0,0,28,20.0
09/26/05,11:30:00,7,13,11,30,0,0,20,34.0
09/26/05,12:00:00,8,26,12,0,0,0,34,18.0
09/26/05,12:30:00,6,12,12,30,0,0,18,23.0
09/26/05,13:00:00,19,4,13,0,0,0,23,20.0
09/26/05,13:30:00,13,7,13,30,0,0,20,24.0
09/26/05,14:00:00,16,8,14,0,0,0,24,23.0
09/26/05,14:30:00,13,10,14,30,0,0,23,20.0
09/26/05,15:00:00,11,9,15,0,0,0,20,20.0
09/26/05,15:30:00,5,15,15,30,0,0,20,17.0
09/26/05,16:00:00,10,7,16,0,0,0,17,23.0
09/26/05,16:30:00,16,7,16,30,0,0,23,15.0
09/26/05,17:00:00,3,12,17,0,0,0,15,22.0
09/26/05,17:30:00,5,17,17,30,0,0,22,13.0
09/26/05,18:00:00,6,7,18,0,0,0,13,7.0
09/26/05,18:30:00,2,5,18,30,0,0,7,6.0
09/26/05,19:00:00,2,4,19,0,0,0,6,2.0
09/26/05,19:30:00,1,1,19,30,0,0,2,3.0
09/26/05,20:00:00,0,3,20,0,0,0,3,5.0
09/26/05,20:30:00,0,5,20,30,0,0,5,5.0
09/26/05,21:00:00,4,1,21,0,0,0,5,0.0
09/26/05,21:30:00,0,0,21,30,0,0,0,0.0
09/26/05,22:00:00,0,0,22,0,0,0,0,1.0
09/26/05,22:30:00,0,1,22,30,0,0,1,3.0
09/26/05,23:00:00,1,2,23,0,0,0,3,1.0
09/26/05,23:30:00,0,1,23,30,0,0,1,0.0
09/27/05,00:00:00,0,0,0,0,1,0,0,0.0
09/27/05,00:30:00,0,0,0,30,1,0,0,1.0
09/27/05,01:00:00,0,1,1,0,1,0,1,0.0
09/27/05,01:30:00,0,0,1,30,1,0,0,0.0
09/27/05,02:00:00,0,0,2,0,1,0,0,0.0
09/27/05,02:30:00,0,0,2,30,1,0,0,0.0
09/27/05,03:00:00,0,0,3,0,1,0,0,0.0
09/27/05,03:30:00,0,0,3,30,1,0,0,0.0
09/27/05,04:00:00,0,0,4,0,1,0,0,0.0
09/27/05,04:30:00,0,0,4,30,1,0,0,0.0
09/27/05,05:00:00,0,0,5,0,1,0,0,4.0
09/27/05,05:30:00,2,2,5,30,1,0,4,0.0
09/27/05,06:00:00,0,0,6,0,1,0,0,1.0
09/27/05,06:30:00,0,1,6,30,1,0,1,7.0
09/27/05,07:00:00,5,2,7,0,1,0,7,1.0
09/27/05,07:30:00,0,1,7,30,1,0,1,1.0
09/27/05,08:00:00,1,0,8,0,1,0,1,4.0
09/27/05,08:30:00,4,0,8,30,1,0,4,9.0
09/27/05,09:00:00,7,2,9,0,1,0,9,22.0
09/27/05,09:30:00,18,4,9,30,1,0,22,21.0
09/27/05,10:00:00,14,7,10,0,1,0,21,19.0
09/27/05,10:30:00,12,7,10,30,1,0,19,31.0
09/27/05,11:00:00,16,15,11,0,1,0,31,27.0
09/27/05,11:30:00,9,18,11,30,1,0,27,46.0
09/27/05,12:00:00,17,29,12,0,1,0,46,30.0
09/27/05,12:30:00,18,12,12,30,1,0,30,16.0
09/27/05,13:00:00,11,5,13,0,1,0,16,40.0
09/27/05,13:30:00,25,15,13,30,1,0,40,23.0
09/27/05,14:00:00,17,6,14,0,1,0,23,29.0
09/27/05,14:30:00,20,9,14,30,1,0,29,47.0
09/27/05,15:00:00,25,22,15,0,1,0,47,23.0
09/27/05,15:30:00,10,13,15,30,1,0,23,21.0
09/27/05,16:00:00,10,11,16,0,1,0,21,26.0
09/27/05,16:30:00,9,17,16,30,1,0,26,13.0
09/27/05,17:00:00,6,7,17,0,1,0,13,17.0
09/27/05,17:30:00,7,10,17,30,1,0,17,15.0
09/27/05,18:00:00,6,9,18,0,1,0,15,19.0
09/27/05,18:30:00,6,13,18,30,1,0,19,9.0
09/27/05,19:00:00,3,6,19,0,1,0,9,6.0
09/27/05,19:30:00,4,2,19,30,1,0,6,5.0
09/27/05,20:00:00,2,3,20,0,1,0,5,2.0
09/27/05,20:30:00,0,2,20,30,1,0,2,4.0
09/27/05,21:00:00,0,4,21,0,1,0,4,1.0
09/27/05,21:30:00,0,1,21,30,1,0,1,2.0
09/27/05,22:00:00,1,1,22,0,1,0,2,8.0
09/27/05,22:30:00,4,4,22,30,1,0,8,2.0
09/27/05,23:00:00,0,2,23,0,1,0,2,0.0
09/27/05,23:30:00,0,0,23,30,1,0,0,3.0
09/28/05,00:00:00,1,2,0,0,2,0,3,2.0
09/28/05,00:30:00,1,1,0,30,2,0,2,0.0
09/28/05,01:00:00,0,0,1,0,2,0,0,0.0
09/28/05,01:30:00,0,0,1,30,2,0,0,0.0
09/28/05,02:00:00,0,0,2,0,2,0,0,1.0
09/28/05,02:30:00,0,1,2,30,2,0,1,0.0
09/28/05,03:00:00,0,0,3,0,2,0,0,0.0
09/28/05,03:30:00,0,0,3,30,2,0,0,0.0
09/28/05,04:00:00,0,0,4,0,2,0,0,0.0
09/28/05,04:30:00,0,0,4,30,2,0,0,4.0
09/28/05,05:00:00,2,2,5,0,2,0,4,2.0
09/28/05,05:30:00,1,1,5,30,2,0,2,4.0
09/28/05,06:00:00,2,2,6,0,2,0,4,1.0
09/28/05,06:30:00,1,0,6,30,2,0,1,5.0
09/28/05,07:00:00,3,2,7,0,2,0,5,7.0
09/28/05,07:30:00,2,5,7,30,2,0,7,8.0
09/28/05,08:00:00,5,3,8,0,2,0,8,7.0
09/28/05,08:30:00,6,1,8,30,2,0,7,6.0
09/28/05,09:00:00,5,1,9,0,2,0,6,16.0
09/28/05,09:30:00,11,5,9,30,2,0,16,23.0
09/28/05,10:00:00,15,8,10,0,2,0,23,37.0
09/28/05,10:30:00,20,17,10,30,2,0,37,15.0
09/28/05,11:00:00,8,7,11,0,2,0,15,20.0
09/28/05,11:30:00,11,9,11,30,2,0,20,36.0
09/28/05,12:00:00,13,23,12,0,2,0,36,22.0
09/28/05,12:30:00,10,12,12,30,2,0,22,27.0
09/28/05,13:00:00,15,12,13,0,2,0,27,37.0
09/28/05,13:30:00,24,13,13,30,2,0,37,26.0
09/28/05,14:00:00,20,6,14,0,2,0,26,20.0
09/28/05,14:30:00,7,13,14,30,2,0,20,29.0
09/28/05,15:00:00,17,12,15,0,2,0,29,35.0
09/28/05,15:30:00,14,21,15,30,2,0,35,36.0
09/28/05,16:00:00,14,22,16,0,2,0,36,23.0
09/28/05,16:30:00,9,14,16,30,2,0,23,19.0
09/28/05,17:00:00,6,13,17,0,2,0,19,15.0
09/28/05,17:30:00,6,9,17,30,2,0,15,12.0
09/28/05,18:00:00,5,7,18,0,2,0,12,8.0
09/28/05,18:30:00,2,6,18,30,2,0,8,3.0
09/28/05,19:00:00,2,1,19,0,2,0,3,2.0
09/28/05,19:30:00,0,2,19,30,2,0,2,1.0
09/28/05,20:00:00,1,0,20,0,2,0,1,0.0
09/28/05,20:30:00,0,0,20,30,2,0,0,0.0
09/28/05,21:00:00,0,0,21,0,2,0,0,0.0
09/28/05,21:30:00,0,0,21,30,2,0,0,0.0
09/28/05,22:00:00,0,0,22,0,2,0,0,0.0
09/28/05,22:30:00,0,0,22,30,2,0,0,0.0
09/28/05,23:00:00,0,0,23,0,2,0,0,0.0
09/28/05,23:30:00,0,0,23,30,2,0,0,0.0
09/29/05,00:00:00,0,0,0,0,3,0,0,0.0
09/29/05,00:30:00,0,0,0,30,3,0,0,0.0
09/29/05,01:00:00,0,0,1,0,3,0,0,0.0
09/29/05,01:30:00,0,0,1,30,3,0,0,0.0
09/29/05,02:00:00,0,0,2,0,3,0,0,0.0
09/29/05,02:30:00,0,0,2,30,3,0,0,0.0
09/29/05,03:00:00,0,0,3,0,3,0,0,0.0
09/29/05,03:30:00,0,0,3,30,3,0,0,0.0
09/29/05,04:00:00,0,0,4,0,3,0,0,0.0
09/29/05,04:30:00,0,0,4,30,3,0,0,0.0
09/29/05,05:00:00,0,0,5,0,3,0,0,0.0
09/29/05,05:30:00,0,0,5,30,3,0,0,0.0
09/29/05,06:00:00,0,0,6,0,3,0,0,0.0
09/29/05,06:30:00,0,0,6,30,3,0,0,0.0
09/29/05,07:00:00,0,0,7,0,3,0,0,0.0
09/29/05,07:30:00,0,0,7,30,3,0,0,14.0
09/29/05,08:00:00,6,8,8,0,3,0,14,9.0
09/29/05,08:30:00,8,1,8,30,3,0,9,11.0
09/29/05,09:00:00,7,4,9,0,3,0,11,16.0
09/29/05,09:30:00,12,4,9,30,3,0,16,20.0
09/29/05,10:00:00,12,8,10,0,3,0,20,22.0
09/29/05,10:30:00,12,10,10,30,3,0,22,18.0
09/29/05,11:00:00,12,6,11,0,3,0,18,19.0
09/29/05,11:30:00,10,9,11,30,3,0,19,24.0
09/29/05,12:00:00,8,16,12,0,3,0,24,26.0
09/29/05,12:30:00,8,18,12,30,3,0,26,25.0
09/29/05,13:00:00,18,7,13,0,3,0,25,30.0
09/29/05,13:30:00,22,8,13,30,3,0,30,40.0
09/29/05,14:00:00,22,18,14,0,3,0,40,12.0
09/29/05,14:30:00,9,3,14,30,3,0,12,36.0
09/29/05,15:00:00,16,20,15,0,3,0,36,25.0
09/29/05,15:30:00,11,14,15,30,3,0,25,20.0
09/29/05,16:00:00,7,13,16,0,3,0,20,21.0
09/29/05,16:30:00,11,10,16,30,3,0,21,20.0
09/29/05,17:00:00,8,12,17,0,3,0,20,20.0
09/29/05,17:30:00,8,12,17,30,3,0,20,12.0
09/29/05,18:00:00,6,6,18,0,3,0,12,14.0
09/29/05,18:30:00,4,10,18,30,3,0,14,9.0
09/29/05,19:00:00,4,5,19,0,3,0,9,11.0
09/29/05,19:30:00,6,5,19,30,3,0,11,5.0
09/29/05,20:00:00,0,5,20,0,3,0,5,2.0
09/29/05,20:30:00,2,0,20,30,3,0,2,1.0
09/29/05,21:00:00,1,0,21,0,3,0,1,2.0
09/29/05,21:30:00,0,2,21,30,3,0,2,1.0
09/29/05,22:00:00,1,0,22,0,3,0,1,4.0
09/29/05,22:30:00,2,2,22,30,3,0,4,0.0
09/29/05,23:00:00,0,0,23,0,3,0,0,0.0
09/29/05,23:30:00,0,0,23,30,3,0,0,4.0
09/30/05,00:00:00,0,4,0,0,4,0,4,0.0
09/30/05,00:30:00,0,0,0,30,4,0,0,1.0
09/30/05,01:00:00,0,1,1,0,4,0,1,0.0
09/30/05,01:30:00,0,0,1,30,4,0,0,2.0
09/30/05,02:00:00,0,2,2,0,4,0,2,1.0
09/30/05,02:30:00,0,1,2,30,4,0,1,0.0
09/30/05,03:00:00,0,0,3,0,4,0,0,0.0
09/30/05,03:30:00,0,0,3,30,4,0,0,0.0
09/30/05,04:00:00,0,0,4,0,4,0,0,0.0
09/30/05,04:30:00,0,0,4,30,4,0,0,0.0
09/30/05,05:00:00,0,0,5,0,4,0,0,13.0
09/30/05,05:30:00,6,7,5,30,4,0,13,1.0
09/30/05,06:00:00,0,1,6,0,4,0,1,2.0
09/30/05,06:30:00,1,1,6,30,4,0,2,0.0
09/30/05,07:00:00,0,0,7,0,4,0,0,1.0
09/30/05,07:30:00,1,0,7,30,4,0,1,1.0
09/30/05,08:00:00,1,0,8,0,4,0,1,7.0
09/30/05,08:30:00,6,1,8,30,4,0,7,11.0
09/30/05,09:00:00,7,4,9,0,4,0,11,20.0
09/30/05,09:30:00,13,7,9,30,4,0,20,18.0
09/30/05,10:00:00,14,4,10,0,4,0,18,29.0
09/30/05,10:30:00,21,8,10,30,4,0,29,21.0
09/30/05,11:00:00,16,5,11,0,4,0,21,26.0
09/30/05,11:30:00,17,9,11,30,4,0,26,34.0
09/30/05,12:00:00,14,20,12,0,4,0,34,22.0
09/30/05,12:30:00,7,15,12,30,4,0,22,32.0
09/30/05,13:00:00,18,14,13,0,4,0,32,39.0
09/30/05,13:30:00,25,14,13,30,4,0,39,28.0
09/30/05,14:00:00,16,12,14,0,4,0,28,35.0
09/30/05,14:30:00,17,18,14,30,4,0,35,21.0
09/30/05,15:00:00,8,13,15,0,4,0,21,24.0
09/30/05,15:30:00,12,12,15,30,4,0,24,20.0
09/30/05,16:00:00,11,9,16,0,4,0,20,14.0
09/30/05,16:30:00,7,7,16,30,4,0,14,19.0
09/30/05,17:00:00,3,16,17,0,4,0,19,9.0
09/30/05,17:30:00,2,7,17,30,4,0,9,10.0
09/30/05,18:00:00,4,6,18,0,4,0,10,6.0
09/30/05,18:30:00,3,3,18,30,4,0,6,1.0
09/30/05,19:00:00,0,1,19,0,4,0,1,3.0
09/30/05,19:30:00,1,2,19,30,4,0,3,1.0
09/30/05,20:00:00,0,1,20,0,4,0,1,1.0
09/30/05,20:30:00,0,1,20,30,4,0,1,1.0
09/30/05,21:00:00,1,0,21,0,4,0,1,0.0
09/30/05,21:30:00,0,0,21,30,4,0,0,0.0
09/30/05,22:00:00,0,0,22,0,4,0,0,0.0
09/30/05,22:30:00,0,0,22,30,4,0,0,1.0
09/30/05,23:00:00,1,0,23,0,4,0,1,0.0
09/30/05,23:30:00,0,0,23,30,4,0,0,1.0
10/01/05,00:00:00,0,1,0,0,5,1,1,0.0
10/01/05,00:30:00,0,0,0,30,5,1,0,0.0
10/01/05,01:00:00,0,0,1,0,5,1,0,0.0
10/01/05,01:30:00,0,0,1,30,5,1,0,2.0
10/01/05,02:00:00,0,2,2,0,5,1,2,0.0
10/01/05,02:30:00,0,0,2,30,5,1,0,2.0
10/01/05,03:00:00,0,2,3,0,5,1,2,0.0
10/01/05,03:30:00,0,0,3,30,5,1,0,0.0
10/01/05,04:00:00,0,0,4,0,5,1,0,0.0
10/01/05,04:30:00,0,0,4,30,5,1,0,0.0
10/01/05,05:00:00,0,0,5,0,5,1,0,0.0
10/01/05,05:30:00,0,0,5,30,5,1,0,0.0
10/01/05,06:00:00,0,0,6,0,5,1,0,0.0
10/01/05,06:30:00,0,0,6,30,5,1,0,0.0
10/01/05,07:00:00,0,0,7,0,5,1,0,0.0
10/01/05,07:30:00,0,0,7,30,5,1,0,0.0
10/01/05,08:00:00,0,0,8,0,5,1,0,1.0
10/01/05,08:30:00,0,1,8,30,5,1,1,0.0
10/01/05,09:00:00,0,0,9,0,5,1,0,1.0
10/01/05,09:30:00,1,0,9,30,5,1,1,1.0
10/01/05,10:00:00,0,1,10,0,5,1,1,15.0
10/01/05,10:30:00,9,6,10,30,5,1,15,10.0
10/01/05,11:00:00,5,5,11,0,5,1,10,2.0
10/01/05,11:30:00,1,1,11,30,5,1,2,1.0
10/01/05,12:00:00,1,0,12,0,5,1,1,6.0
10/01/05,12:30:00,1,5,12,30,5,1,6,8.0
10/01/05,13:00:00,4,4,13,0,5,1,8,4.0
10/01/05,13:30:00,2,2,13,30,5,1,4,8.0
10/01/05,14:00:00,4,4,14,0,5,1,8,15.0
10/01/05,14:30:00,6,9,14,30,5,1,15,8.0
10/01/05,15:00:00,4,4,15,0,5,1,8,0.0
10/01/05,15:30:00,0,0,15,30,5,1,0,5.0
10/01/05,16:00:00,2,3,16,0,5,1,5,20.0
10/01/05,16:30:00,8,12,16,30,5,1,20,2.0
10/01/05,17:00:00,1,1,17,0,5,1,2,3.0
10/01/05,17:30:00,1,2,17,30,5,1,3,1.0
10/01/05,18:00:00,0,1,18,0,5,1,1,0.0
10/01/05,18:30:00,0,0,18,30,5,1,0,0.0
10/01/05,19:00:00,0,0,19,0,5,1,0,0.0
10/01/05,19:30:00,0,0,19,30,5,1,0,0.0
10/01/05,20:00:00,0,0,20,0,5,1,0,0.0
10/01/05,20:30:00,0,0,20,30,5,1,0,2.0
10/01/05,21:00:00,0,2,21,0,5,1,2,0.0
10/01/05,21:30:00,0,0,21,30,5,1,0,1.0
10/01/05,22:00:00,1,0,22,0,5,1,1,0.0
10/01/05,22:30:00,0,0,22,30,5,1,0,0.0
10/01/05,23:00:00,0,0,23,0,5,1,0,1.0
10/01/05,23:30:00,0,1,23,30,5,1,1,1.0
10/02/05,00:00:00,0,1,0,0,6,1,1,0.0
10/02/05,00:30:00,0,0,0,30,6,1,0,1.0
10/02/05,01:00:00,0,1,1,0,6,1,1,0.0
10/02/05,01:30:00,0,0,1,30,6,1,0,0.0
10/02/05,02:00:00,0,0,2,0,6,1,0,0.0
10/02/05,02:30:00,0,0,2,30,6,1,0,0.0
10/02/05,03:00:00,0,0,3,0,6,1,0,0.0
10/02/05,03:30:00,0,0,3,30,6,1,0,0.0
10/02/05,04:00:00,0,0,4,0,6,1,0,1.0
10/02/05,04:30:00,0,1,4,30,6,1,1,0.0
10/02/05,05:00:00,0,0,5,0,6,1,0,0.0
10/02/05,05:30:00,0,0,5,30,6,1,0,0.0
10/02/05,06:00:00,0,0,6,0,6,1,0,0.0
10/02/05,06:30:00,0,0,6,30,6,1,0,0.0
10/02/05,07:00:00,0,0,7,0,6,1,0,0.0
10/02/05,07:30:00,0,0,7,30,6,1,0,0.0
10/02/05,08:00:00,0,0,8,0,6,1,0,0.0
10/02/05,08:30:00,0,0,8,30,6,1,0,2.0
10/02/05,09:00:00,1,1,9,0,6,1,2,0.0
10/02/05,09:30:00,0,0,9,30,6,1,0,0.0
10/02/05,10:00:00,0,0,10,0,6,1,0,0.0
10/02/05,10:30:00,0,0,10,30,6,1,0,1.0
10/02/05,11:00:00,1,0,11,0,6,1,1,0.0
10/02/05,11:30:00,0,0,11,30,6,1,0,3.0
10/02/05,12:00:00,1,2,12,0,6,1,3,1.0
10/02/05,12:30:00,1,0,12,30,6,1,1,2.0
10/02/05,13:00:00,1,1,13,0,6,1,2,3.0
10/02/05,13:30:00,3,0,13,30,6,1,3,1.0
10/02/05,14:00:00,1,0,14,0,6,1,1,0.0
10/02/05,14:30:00,0,0,14,30,6,1,0,3.0
10/02/05,15:00:00,1,2,15,0,6,1,3,2.0
10/02/05,15:30:00,2,0,15,30,6,1,2,2.0
10/02/05,16:00:00,1,1,16,0,6,1,2,4.0
10/02/05,16:30:00,3,1,16,30,6,1,4,1.0
10/02/05,17:00:00,0,1,17,0,6,1,1,2.0
10/02/05,17:30:00,0,2,17,30,6,1,2,1.0
10/02/05,18:00:00,1,0,18,0,6,1,1,3.0
10/02/05,18:30:00,1,2,18,30,6,1,3,0.0
10/02/05,19:00:00,0,0,19,0,6,1,0,2.0
10/02/05,19:30:00,1,1,19,30,6,1,2,0.0
10/02/05,20:00:00,0,0,20,0,6,1,0,4.0
10/02/05,20:30:00,4,0,20,30,6,1,4,0.0
10/02/05,21:00:00,0,0,21,0,6,1,0,0.0
10/02/05,21:30:00,0,0,21,30,6,1,0,0.0
10/02/05,22:00:00,0,0,22,0,6,1,0,2.0
10/02/05,22:30:00,0,2,22,30,6,1,2,0.0
10/02/05,23:00:00,0,0,23,0,6,1,0,1.0
10/02/05,23:30:00,0,1,23,30,6,1,1,0.0
10/03/05,00:00:00,0,0,0,0,0,0,0,1.0
10/03/05,00:30:00,0,1,0,30,0,0,1,0.0
10/03/05,01:00:00,0,0,1,0,0,0,0,2.0
10/03/05,01:30:00,0,2,1,30,0,0,2,0.0
10/03/05,02:00:00,0,0,2,0,0,0,0,0.0
10/03/05,02:30:00,0,0,2,30,0,0,0,0.0
10/03/05,03:00:00,0,0,3,0,0,0,0,0.0
10/03/05,03:30:00,0,0,3,30,0,0,0,0.0
10/03/05,04:00:00,0,0,4,0,0,0,0,0.0
10/03/05,04:30:00,0,0,4,30,0,0,0,0.0
10/03/05,05:00:00,0,0,5,0,0,0,0,6.0
10/03/05,05:30:00,4,2,5,30,0,0,6,3.0
10/03/05,06:00:00,2,1,6,0,0,0,3,1.0
10/03/05,06:30:00,1,0,6,30,0,0,1,1.0
10/03/05,07:00:00,1,0,7,0,0,0,1,2.0
10/03/05,07:30:00,1,1,7,30,0,0,2,5.0
10/03/05,08:00:00,3,2,8,0,0,0,5,3.0
10/03/05,08:30:00,3,0,8,30,0,0,3,8.0
10/03/05,09:00:00,5,3,9,0,0,0,8,18.0
10/03/05,09:30:00,15,3,9,30,0,0,18,24.0
10/03/05,10:00:00,18,6,10,0,0,0,24,17.0
10/03/05,10:30:00,13,4,10,30,0,0,17,30.0
10/03/05,11:00:00,18,12,11,0,0,0,30,17.0
10/03/05,11:30:00,8,9,11,30,0,0,17,41.0
10/03/05,12:00:00,8,33,12,0,0,0,41,17.0
10/03/05,12:30:00,8,9,12,30,0,0,17,26.0
10/03/05,13:00:00,18,8,13,0,0,0,26,33.0
10/03/05,13:30:00,24,9,13,30,0,0,33,25.0
10/03/05,14:00:00,15,10,14,0,0,0,25,33.0
10/03/05,14:30:00,19,14,14,30,0,0,33,38.0
10/03/05,15:00:00,23,15,15,0,0,0,38,114.0
10/03/05,15:30:00,62,52,15,30,0,0,114,104.0
10/03/05,16:00:00,55,49,16,0,0,0,104,33.0
10/03/05,16:30:00,13,20,16,30,0,0,33,24.0
10/03/05,17:00:00,8,16,17,0,0,0,24,29.0
10/03/05,17:30:00,6,23,17,30,0,0,29,11.0
10/03/05,18:00:00,3,8,18,0,0,0,11,5.0
10/03/05,18:30:00,1,4,18,30,0,0,5,3.0
10/03/05,19:00:00,1,2,19,0,0,0,3,3.0
10/03/05,19:30:00,1,2,19,30,0,0,3,1.0
10/03/05,20:00:00,0,1,20,0,0,0,1,5.0
10/03/05,20:30:00,3,2,20,30,0,0,5,0.0
10/03/05,21:00:00,0,0,21,0,0,0,0,2.0
10/03/05,21:30:00,1,1,21,30,0,0,2,4.0
10/03/05,22:00:00,2,2,22,0,0,0,4,0.0
10/03/05,22:30:00,0,0,22,30,0,0,0,1.0
10/03/05,23:00:00,0,1,23,0,0,0,1,0.0
10/03/05,23:30:00,0,0,23,30,0,0,0,3.0
10/04/05,00:00:00,0,3,0,0,1,0,3,0.0
10/04/05,00:30:00,0,0,0,30,1,0,0,0.0
10/04/05,01:00:00,0,0,1,0,1,0,0,0.0
10/04/05,01:30:00,0,0,1,30,1,0,0,0.0
10/04/05,02:00:00,0,0,2,0,1,0,0,0.0
10/04/05,02:30:00,0,0,2,30,1,0,0,0.0
10/04/05,03:00:00,0,0,3,0,1,0,0,0.0
10/04/05,03:30:00,0,0,3,30,1,0,0,0.0
10/04/05,04:00:00,0,0,4,0,1,0,0,0.0
10/04/05,04:30:00,0,0,4,30,1,0,0,0.0
10/04/05,05:00:00,0,0,5,0,1,0,0,2.0
10/04/05,05:30:00,1,1,5,30,1,0,2,11.0
10/04/05,06:00:00,5,6,6,0,1,0,11,4.0
10/04/05,06:30:00,3,1,6,30,1,0,4,12.0
10/04/05,07:00:00,5,7,7,0,1,0,12,4.0
10/04/05,07:30:00,2,2,7,30,1,0,4,4.0
10/04/05,08:00:00,2,2,8,0,1,0,4,11.0
10/04/05,08:30:00,10,1,8,30,1,0,11,8.0
10/04/05,09:00:00,5,3,9,0,1,0,8,24.0
10/04/05,09:30:00,20,4,9,30,1,0,24,32.0
10/04/05,10:00:00,23,9,10,0,1,0,32,28.0
10/04/05,10:30:00,16,12,10,30,1,0,28,39.0
10/04/05,11:00:00,22,17,11,0,1,0,39,38.0
10/04/05,11:30:00,14,24,11,30,1,0,38,50.0
10/04/05,12:00:00,36,14,12,0,1,0,50,45.0
10/04/05,12:30:00,29,16,12,30,1,0,45,40.0
10/04/05,13:00:00,29,11,13,0,1,0,40,57.0
10/04/05,13:30:00,23,34,13,30,1,0,57,49.0
10/04/05,14:00:00,19,30,14,0,1,0,49,26.0
10/04/05,14:30:00,16,10,14,30,1,0,26,33.0
10/04/05,15:00:00,18,15,15,0,1,0,33,40.0
10/04/05,15:30:00,20,20,15,30,1,0,40,22.0
10/04/05,16:00:00,10,12,16,0,1,0,22,19.0
10/04/05,16:30:00,9,10,16,30,1,0,19,23.0
10/04/05,17:00:00,4,19,17,0,1,0,23,13.0
10/04/05,17:30:00,3,10,17,30,1,0,13,18.0
10/04/05,18:00:00,3,15,18,0,1,0,18,14.0
10/04/05,18:30:00,8,6,18,30,1,0,14,3.0
10/04/05,19:00:00,1,2,19,0,1,0,3,1.0
10/04/05,19:30:00,0,1,19,30,1,0,1,13.0
10/04/05,20:00:00,6,7,20,0,1,0,13,3.0
10/04/05,20:30:00,2,1,20,30,1,0,3,1.0
10/04/05,21:00:00,0,1,21,0,1,0,1,0.0
10/04/05,21:30:00,0,0,21,30,1,0,0,5.0
10/04/05,22:00:00,2,3,22,0,1,0,5,0.0
10/04/05,22:30:00,0,0,22,30,1,0,0,3.0
10/04/05,23:00:00,1,2,23,0,1,0,3,4.0
10/04/05,23:30:00,0,4,23,30,1,0,4,3.0
10/05/05,00:00:00,2,1,0,0,2,0,3,0.0
10/05/05,00:30:00,0,0,0,30,2,0,0,2.0
10/05/05,01:00:00,1,1,1,0,2,0,2,0.0
10/05/05,01:30:00,0,0,1,30,2,0,0,0.0
10/05/05,02:00:00,0,0,2,0,2,0,0,0.0
10/05/05,02:30:00,0,0,2,30,2,0,0,2.0
10/05/05,03:00:00,0,2,3,0,2,0,2,0.0
10/05/05,03:30:00,0,0,3,30,2,0,0,0.0
10/05/05,04:00:00,0,0,4,0,2,0,0,0.0
10/05/05,04:30:00,0,0,4,30,2,0,0,0.0
10/05/05,05:00:00,0,0,5,0,2,0,0,3.0
10/05/05,05:30:00,1,2,5,30,2,0,3,1.0
10/05/05,06:00:00,1,0,6,0,2,0,1,4.0
10/05/05,06:30:00,0,4,6,30,2,0,4,7.0
10/05/05,07:00:00,5,2,7,0,2,0,7,1.0
10/05/05,07:30:00,1,0,7,30,2,0,1,4.0
10/05/05,08:00:00,2,2,8,0,2,0,4,6.0
10/05/05,08:30:00,5,1,8,30,2,0,6,9.0
10/05/05,09:00:00,8,1,9,0,2,0,9,21.0
10/05/05,09:30:00,14,7,9,30,2,0,21,13.0
10/05/05,10:00:00,12,1,10,0,2,0,13,22.0
10/05/05,10:30:00,12,10,10,30,2,0,22,30.0
10/05/05,11:00:00,16,14,11,0,2,0,30,23.0
10/05/05,11:30:00,13,10,11,30,2,0,23,50.0
10/05/05,12:00:00,24,26,12,0,2,0,50,20.0
10/05/05,12:30:00,10,10,12,30,2,0,20,26.0
10/05/05,13:00:00,19,7,13,0,2,0,26,25.0
10/05/05,13:30:00,18,7,13,30,2,0,25,28.0
10/05/05,14:00:00,13,15,14,0,2,0,28,24.0
10/05/05,14:30:00,16,8,14,30,2,0,24,27.0
10/05/05,15:00:00,13,14,15,0,2,0,27,28.0
10/05/05,15:30:00,11,17,15,30,2,0,28,27.0
10/05/05,16:00:00,15,12,16,0,2,0,27,27.0
10/05/05,16:30:00,13,14,16,30,2,0,27,16.0
10/05/05,17:00:00,6,10,17,0,2,0,16,16.0
10/05/05,17:30:00,7,9,17,30,2,0,16,12.0
10/05/05,18:00:00,4,8,18,0,2,0,12,9.0
10/05/05,18:30:00,0,9,18,30,2,0,9,10.0
10/05/05,19:00:00,6,4,19,0,2,0,10,14.0
10/05/05,19:30:00,9,5,19,30,2,0,14,1.0
10/05/05,20:00:00,0,1,20,0,2,0,1,4.0
10/05/05,20:30:00,1,3,20,30,2,0,4,6.0
10/05/05,21:00:00,3,3,21,0,2,0,6,0.0
10/05/05,21:30:00,0,0,21,30,2,0,0,3.0
10/05/05,22:00:00,0,3,22,0,2,0,3,2.0
10/05/05,22:30:00,1,1,22,30,2,0,2,1.0
10/05/05,23:00:00,0,1,23,0,2,0,1,0.0
10/05/05,23:30:00,0,0,23,30,2,0,0,1.0
10/06/05,00:00:00,0,1,0,0,3,0,1,1.0
10/06/05,00:30:00,0,1,0,30,3,0,1,0.0
10/06/05,01:00:00,0,0,1,0,3,0,0,0.0
10/06/05,01:30:00,0,0,1,30,3,0,0,0.0
10/06/05,02:00:00,0,0,2,0,3,0,0,0.0
10/06/05,02:30:00,0,0,2,30,3,0,0,0.0
10/06/05,03:00:00,0,0,3,0,3,0,0,1.0
10/06/05,03:30:00,0,1,3,30,3,0,1,1.0
10/06/05,04:00:00,0,1,4,0,3,0,1,0.0
10/06/05,04:30:00,0,0,4,30,3,0,0,0.0
10/06/05,05:00:00,0,0,5,0,3,0,0,0.0
10/06/05,05:30:00,0,0,5,30,3,0,0,0.0
10/06/05,06:00:00,0,0,6,0,3,0,0,4.0
10/06/05,06:30:00,2,2,6,30,3,0,4,0.0
10/06/05,07:00:00,0,0,7,0,3,0,0,6.0
10/06/05,07:30:00,4,2,7,30,3,0,6,2.0
10/06/05,08:00:00,1,1,8,0,3,0,2,2.0
10/06/05,08:30:00,2,0,8,30,3,0,2,13.0
10/06/05,09:00:00,11,2,9,0,3,0,13,15.0
10/06/05,09:30:00,12,3,9,30,3,0,15,18.0
10/06/05,10:00:00,12,6,10,0,3,0,18,12.0
10/06/05,10:30:00,8,4,10,30,3,0,12,17.0
10/06/05,11:00:00,10,7,11,0,3,0,17,14.0
10/06/05,11:30:00,7,7,11,30,3,0,14,19.0
10/06/05,12:00:00,7,12,12,0,3,0,19,30.0
10/06/05,12:30:00,14,16,12,30,3,0,30,24.0
10/06/05,13:00:00,19,5,13,0,3,0,24,44.0
10/06/05,13:30:00,24,20,13,30,3,0,44,38.0
10/06/05,14:00:00,22,16,14,0,3,0,38,24.0
10/06/05,14:30:00,11,13,14,30,3,0,24,25.0
10/06/05,15:00:00,15,10,15,0,3,0,25,32.0
10/06/05,15:30:00,13,19,15,30,3,0,32,19.0
10/06/05,16:00:00,10,9,16,0,3,0,19,27.0
10/06/05,16:30:00,12,15,16,30,3,0,27,24.0
10/06/05,17:00:00,10,14,17,0,3,0,24,15.0
10/06/05,17:30:00,9,6,17,30,3,0,15,9.0
10/06/05,18:00:00,1,8,18,0,3,0,9,13.0
10/06/05,18:30:00,0,13,18,30,3,0,13,1.0
10/06/05,19:00:00,0,1,19,0,3,0,1,4.0
10/06/05,19:30:00,0,4,19,30,3,0,4,9.0
10/06/05,20:00:00,4,5,20,0,3,0,9,9.0
10/06/05,20:30:00,0,9,20,30,3,0,9,0.0
10/06/05,21:00:00,0,0,21,0,3,0,0,1.0
10/06/05,21:30:00,0,1,21,30,3,0,1,3.0
10/06/05,22:00:00,0,3,22,0,3,0,3,0.0
10/06/05,22:30:00,0,0,22,30,3,0,0,4.0
10/06/05,23:00:00,0,4,23,0,3,0,4,2.0
10/06/05,23:30:00,0,2,23,30,3,0,2,0.0
10/07/05,00:00:00,0,0,0,0,4,0,0,0.0
10/07/05,00:30:00,0,0,0,30,4,0,0,0.0
10/07/05,01:00:00,0,0,1,0,4,0,0,1.0
10/07/05,01:30:00,0,1,1,30,4,0,1,0.0
10/07/05,02:00:00,0,0,2,0,4,0,0,0.0
10/07/05,02:30:00,0,0,2,30,4,0,0,0.0
10/07/05,03:00:00,0,0,3,0,4,0,0,0.0
10/07/05,03:30:00,0,0,3,30,4,0,0,0.0
10/07/05,04:00:00,0,0,4,0,4,0,0,0.0
10/07/05,04:30:00,0,0,4,30,4,0,0,1.0
10/07/05,05:00:00,0,1,5,0,4,0,1,1.0
10/07/05,05:30:00,0,1,5,30,4,0,1,0.0
10/07/05,06:00:00,0,0,6,0,4,0,0,7.0
10/07/05,06:30:00,5,2,6,30,4,0,7,4.0
10/07/05,07:00:00,2,2,7,0,4,0,4,1.0
10/07/05,07:30:00,1,0,7,30,4,0,1,23.0
10/07/05,08:00:00,11,12,8,0,4,0,23,11.0
10/07/05,08:30:00,6,5,8,30,4,0,11,32.0
10/07/05,09:00:00,25,7,9,0,4,0,32,32.0
10/07/05,09:30:00,23,9,9,30,4,0,32,49.0
10/07/05,10:00:00,25,24,10,0,4,0,49,29.0
10/07/05,10:30:00,18,11,10,30,4,0,29,34.0
10/07/05,11:00:00,14,20,11,0,4,0,34,29.0
10/07/05,11:30:00,18,11,11,30,4,0,29,43.0
10/07/05,12:00:00,21,22,12,0,4,0,43,17.0
10/07/05,12:30:00,7,10,12,30,4,0,17,35.0
10/07/05,13:00:00,17,18,13,0,4,0,35,38.0
10/07/05,13:30:00,25,13,13,30,4,0,38,59.0
10/07/05,14:00:00,38,21,14,0,4,0,59,20.0
10/07/05,14:30:00,5,15,14,30,4,0,20,28.0
10/07/05,15:00:00,11,17,15,0,4,0,28,16.0
10/07/05,15:30:00,5,11,15,30,4,0,16,14.0
10/07/05,16:00:00,9,5,16,0,4,0,14,18.0
10/07/05,16:30:00,10,8,16,30,4,0,18,21.0
10/07/05,17:00:00,5,16,17,0,4,0,21,19.0
10/07/05,17:30:00,5,14,17,30,4,0,19,7.0
10/07/05,18:00:00,0,7,18,0,4,0,7,2.0
10/07/05,18:30:00,0,2,18,30,4,0,2,5.0
10/07/05,19:00:00,0,5,19,0,4,0,5,3.0
10/07/05,19:30:00,0,3,19,30,4,0,3,1.0
10/07/05,20:00:00,0,1,20,0,4,0,1,0.0
10/07/05,20:30:00,0,0,20,30,4,0,0,1.0
10/07/05,21:00:00,0,1,21,0,4,0,1,0.0
10/07/05,21:30:00,0,0,21,30,4,0,0,0.0
10/07/05,22:00:00,0,0,22,0,4,0,0,5.0
10/07/05,22:30:00,0,5,22,30,4,0,5,0.0
10/07/05,23:00:00,0,0,23,0,4,0,0,0.0
10/07/05,23:30:00,0,0,23,30,4,0,0,0.0
10/08/05,00:00:00,0,0,0,0,5,1,0,2.0
10/08/05,00:30:00,0,2,0,30,5,1,2,0.0
10/08/05,01:00:00,0,0,1,0,5,1,0,0.0
10/08/05,01:30:00,0,0,1,30,5,1,0,0.0
10/08/05,02:00:00,0,0,2,0,5,1,0,0.0
10/08/05,02:30:00,0,0,2,30,5,1,0,1.0
10/08/05,03:00:00,0,1,3,0,5,1,1,0.0
10/08/05,03:30:00,0,0,3,30,5,1,0,0.0
10/08/05,04:00:00,0,0,4,0,5,1,0,0.0
10/08/05,04:30:00,0,0,4,30,5,1,0,0.0
10/08/05,05:00:00,0,0,5,0,5,1,0,0.0
10/08/05,05:30:00,0,0,5,30,5,1,0,0.0
10/08/05,06:00:00,0,0,6,0,5,1,0,0.0
10/08/05,06:30:00,0,0,6,30,5,1,0,0.0
10/08/05,07:00:00,0,0,7,0,5,1,0,0.0
10/08/05,07:30:00,0,0,7,30,5,1,0,0.0
10/08/05,08:00:00,0,0,8,0,5,1,0,0.0
10/08/05,08:30:00,0,0,8,30,5,1,0,0.0
10/08/05,09:00:00,0,0,9,0,5,1,0,0.0
10/08/05,09:30:00,0,0,9,30,5,1,0,0.0
10/08/05,10:00:00,0,0,10,0,5,1,0,0.0
10/08/05,10:30:00,0,0,10,30,5,1,0,2.0
10/08/05,11:00:00,0,2,11,0,5,1,2,0.0
10/08/05,11:30:00,0,0,11,30,5,1,0,1.0
10/08/05,12:00:00,0,1,12,0,5,1,1,1.0
10/08/05,12:30:00,0,1,12,30,5,1,1,0.0
10/08/05,13:00:00,0,0,13,0,5,1,0,0.0
10/08/05,13:30:00,0,0,13,30,5,1,0,1.0
10/08/05,14:00:00,0,1,14,0,5,1,1,2.0
10/08/05,14:30:00,0,2,14,30,5,1,2,1.0
10/08/05,15:00:00,0,1,15,0,5,1,1,2.0
10/08/05,15:30:00,0,2,15,30,5,1,2,2.0
10/08/05,16:00:00,0,2,16,0,5,1,2,0.0
10/08/05,16:30:00,0,0,16,30,5,1,0,1.0
10/08/05,17:00:00,0,1,17,0,5,1,1,1.0
10/08/05,17:30:00,0,1,17,30,5,1,1,4.0
10/08/05,18:00:00,0,4,18,0,5,1,4,0.0
10/08/05,18:30:00,0,0,18,30,5,1,0,0.0
10/08/05,19:00:00,0,0,19,0,5,1,0,0.0
10/08/05,19:30:00,0,0,19,30,5,1,0,1.0
10/08/05,20:00:00,0,1,20,0,5,1,1,0.0
10/08/05,20:30:00,0,0,20,30,5,1,0,0.0
10/08/05,21:00:00,0,0,21,0,5,1,0,1.0
10/08/05,21:30:00,0,1,21,30,5,1,1,0.0
10/08/05,22:00:00,0,0,22,0,5,1,0,0.0
10/08/05,22:30:00,0,0,22,30,5,1,0,0.0
10/08/05,23:00:00,0,0,23,0,5,1,0,0.0
10/08/05,23:30:00,0,0,23,30,5,1,0,0.0
10/09/05,00:00:00,0,0,0,0,6,1,0,0.0
10/09/05,00:30:00,0,0,0,30,6,1,0,0.0
10/09/05,01:00:00,0,0,1,0,6,1,0,0.0
10/09/05,01:30:00,0,0,1,30,6,1,0,0.0
10/09/05,02:00:00,0,0,2,0,6,1,0,0.0
10/09/05,02:30:00,0,0,2,30,6,1,0,0.0
10/09/05,03:00:00,0,0,3,0,6,1,0,0.0
10/09/05,03:30:00,0,0,3,30,6,1,0,0.0
10/09/05,04:00:00,0,0,4,0,6,1,0,1.0
10/09/05,04:30:00,0,1,4,30,6,1,1,0.0
10/09/05,05:00:00,0,0,5,0,6,1,0,0.0
10/09/05,05:30:00,0,0,5,30,6,1,0,0.0
10/09/05,06:00:00,0,0,6,0,6,1,0,0.0
10/09/05,06:30:00,0,0,6,30,6,1,0,0.0
10/09/05,07:00:00,0,0,7,0,6,1,0,0.0
10/09/05,07:30:00,0,0,7,30,6,1,0,0.0
10/09/05,08:00:00,0,0,8,0,6,1,0,0.0
10/09/05,08:30:00,0,0,8,30,6,1,0,0.0
10/09/05,09:00:00,0,0,9,0,6,1,0,0.0
10/09/05,09:30:00,0,0,9,30,6,1,0,0.0
10/09/05,10:00:00,0,0,10,0,6,1,0,0.0
10/09/05,10:30:00,0,0,10,30,6,1,0,0.0
10/09/05,11:00:00,0,0,11,0,6,1,0,1.0
10/09/05,11:30:00,0,1,11,30,6,1,1,0.0
10/09/05,12:00:00,0,0,12,0,6,1,0,1.0
10/09/05,12:30:00,0,1,12,30,6,1,1,1.0
10/09/05,13:00:00,0,1,13,0,6,1,1,4.0
10/09/05,13:30:00,2,2,13,30,6,1,4,0.0
10/09/05,14:00:00,0,0,14,0,6,1,0,2.0
10/09/05,14:30:00,0,2,14,30,6,1,2,0.0
10/09/05,15:00:00,0,0,15,0,6,1,0,1.0
10/09/05,15:30:00,0,1,15,30,6,1,1,4.0
10/09/05,16:00:00,0,4,16,0,6,1,4,1.0
10/09/05,16:30:00,0,1,16,30,6,1,1,3.0
10/09/05,17:00:00,0,3,17,0,6,1,3,2.0
10/09/05,17:30:00,0,2,17,30,6,1,2,1.0
10/09/05,18:00:00,0,1,18,0,6,1,1,2.0
10/09/05,18:30:00,0,2,18,30,6,1,2,1.0
10/09/05,19:00:00,0,1,19,0,6,1,1,3.0
10/09/05,19:30:00,0,3,19,30,6,1,3,0.0
10/09/05,20:00:00,0,0,20,0,6,1,0,1.0
10/09/05,20:30:00,0,1,20,30,6,1,1,3.0
10/09/05,21:00:00,0,3,21,0,6,1,3,0.0
10/09/05,21:30:00,0,0,21,30,6,1,0,0.0
10/09/05,22:00:00,0,0,22,0,6,1,0,3.0
10/09/05,22:30:00,0,3,22,30,6,1,3,1.0
10/09/05,23:00:00,0,1,23,0,6,1,1,0.0
10/09/05,23:30:00,0,0,23,30,6,1,0,0.0
10/10/05,00:00:00,0,0,0,0,0,0,0,0.0
10/10/05,00:30:00,0,0,0,30,0,0,0,0.0
10/10/05,01:00:00,0,0,1,0,0,0,0,0.0
10/10/05,01:30:00,0,0,1,30,0,0,0,0.0
10/10/05,02:00:00,0,0,2,0,0,0,0,0.0
10/10/05,02:30:00,0,0,2,30,0,0,0,0.0
10/10/05,03:00:00,0,0,3,0,0,0,0,0.0
10/10/05,03:30:00,0,0,3,30,0,0,0,0.0
10/10/05,04:00:00,0,0,4,0,0,0,0,0.0
10/10/05,04:30:00,0,0,4,30,0,0,0,2.0
10/10/05,05:00:00,1,1,5,0,0,0,2,0.0
10/10/05,05:30:00,0,0,5,30,0,0,0,2.0
10/10/05,06:00:00,0,2,6,0,0,0,2,0.0
10/10/05,06:30:00,0,0,6,30,0,0,0,7.0
10/10/05,07:00:00,5,2,7,0,0,0,7,4.0
10/10/05,07:30:00,2,2,7,30,0,0,4,1.0
10/10/05,08:00:00,1,0,8,0,0,0,1,1.0
10/10/05,08:30:00,1,0,8,30,0,0,1,8.0
10/10/05,09:00:00,8,0,9,0,0,0,8,11.0
10/10/05,09:30:00,9,2,9,30,0,0,11,27.0
10/10/05,10:00:00,18,9,10,0,0,0,27,22.0
10/10/05,10:30:00,11,11,10,30,0,0,22,18.0
10/10/05,11:00:00,10,8,11,0,0,0,18,15.0
10/10/05,11:30:00,9,6,11,30,0,0,15,34.0
10/10/05,12:00:00,12,22,12,0,0,0,34,10.0
10/10/05,12:30:00,6,4,12,30,0,0,10,27.0
10/10/05,13:00:00,20,7,13,0,0,0,27,31.0
10/10/05,13:30:00,17,14,13,30,0,0,31,30.0
10/10/05,14:00:00,22,8,14,0,0,0,30,19.0
10/10/05,14:30:00,11,8,14,30,0,0,19,30.0
10/10/05,15:00:00,24,6,15,0,0,0,30,25.0
10/10/05,15:30:00,13,12,15,30,0,0,25,32.0
10/10/05,16:00:00,15,17,16,0,0,0,32,50.0
10/10/05,16:30:00,27,23,16,30,0,0,50,44.0
10/10/05,17:00:00,25,19,17,0,0,0,44,20.0
10/10/05,17:30:00,6,14,17,30,0,0,20,19.0
10/10/05,18:00:00,3,16,18,0,0,0,19,8.0
10/10/05,18:30:00,0,8,18,30,0,0,8,31.0
10/10/05,19:00:00,4,27,19,0,0,0,31,10.0
10/10/05,19:30:00,0,10,19,30,0,0,10,2.0
10/10/05,20:00:00,0,2,20,0,0,0,2,0.0
10/10/05,20:30:00,0,0,20,30,0,0,0,3.0
10/10/05,21:00:00,0,3,21,0,0,0,3,0.0
10/10/05,21:30:00,0,0,21,30,0,0,0,1.0
10/10/05,22:00:00,0,1,22,0,0,0,1,2.0
10/10/05,22:30:00,0,2,22,30,0,0,2,1.0
10/10/05,23:00:00,0,1,23,0,0,0,1,1.0
10/10/05,23:30:00,0,1,23,30,0,0,1,4.0
10/11/05,00:00:00,2,2,0,0,1,0,4,1.0
10/11/05,00:30:00,0,1,0,30,1,0,1,0.0
10/11/05,01:00:00,0,0,1,0,1,0,0,0.0
10/11/05,01:30:00,0,0,1,30,1,0,0,1.0
10/11/05,02:00:00,0,1,2,0,1,0,1,0.0
10/11/05,02:30:00,0,0,2,30,1,0,0,0.0
10/11/05,03:00:00,0,0,3,0,1,0,0,0.0
10/11/05,03:30:00,0,0,3,30,1,0,0,0.0
10/11/05,04:00:00,0,0,4,0,1,0,0,0.0
10/11/05,04:30:00,0,0,4,30,1,0,0,2.0
10/11/05,05:00:00,1,1,5,0,1,0,2,0.0
10/11/05,05:30:00,0,0,5,30,1,0,0,0.0
10/11/05,06:00:00,0,0,6,0,1,0,0,2.0
10/11/05,06:30:00,2,0,6,30,1,0,2,2.0
10/11/05,07:00:00,2,0,7,0,1,0,2,4.0
10/11/05,07:30:00,3,1,7,30,1,0,4,0.0
10/11/05,08:00:00,0,0,8,0,1,0,0,3.0
10/11/05,08:30:00,3,0,8,30,1,0,3,18.0
10/11/05,09:00:00,14,4,9,0,1,0,18,11.0
10/11/05,09:30:00,10,1,9,30,1,0,11,33.0
10/11/05,10:00:00,25,8,10,0,1,0,33,14.0
10/11/05,10:30:00,7,7,10,30,1,0,14,33.0
10/11/05,11:00:00,19,14,11,0,1,0,33,25.0
10/11/05,11:30:00,10,15,11,30,1,0,25,28.0
10/11/05,12:00:00,8,20,12,0,1,0,28,42.0
10/11/05,12:30:00,24,18,12,30,1,0,42,36.0
10/11/05,13:00:00,25,11,13,0,1,0,36,38.0
10/11/05,13:30:00,20,18,13,30,1,0,38,35.0
10/11/05,14:00:00,17,18,14,0,1,0,35,28.0
10/11/05,14:30:00,15,13,14,30,1,0,28,14.0
10/11/05,15:00:00,7,7,15,0,1,0,14,28.0
10/11/05,15:30:00,15,13,15,30,1,0,28,15.0
10/11/05,16:00:00,11,4,16,0,1,0,15,19.0
10/11/05,16:30:00,8,11,16,30,1,0,19,22.0
10/11/05,17:00:00,14,8,17,0,1,0,22,23.0
10/11/05,17:30:00,5,18,17,30,1,0,23,13.0
10/11/05,18:00:00,0,13,18,0,1,0,13,9.0
10/11/05,18:30:00,0,9,18,30,1,0,9,7.0
10/11/05,19:00:00,0,7,19,0,1,0,7,5.0
10/11/05,19:30:00,2,3,19,30,1,0,5,3.0
10/11/05,20:00:00,0,3,20,0,1,0,3,4.0
10/11/05,20:30:00,0,4,20,30,1,0,4,1.0
10/11/05,21:00:00,0,1,21,0,1,0,1,2.0
10/11/05,21:30:00,0,2,21,30,1,0,2,1.0
10/11/05,22:00:00,0,1,22,0,1,0,1,1.0
10/11/05,22:30:00,0,1,22,30,1,0,1,0.0
10/11/05,23:00:00,0,0,23,0,1,0,0,3.0
10/11/05,23:30:00,0,3,23,30,1,0,3,3.0
10/12/05,00:00:00,0,3,0,0,2,0,3,0.0
10/12/05,00:30:00,0,0,0,30,2,0,0,0.0
10/12/05,01:00:00,0,0,1,0,2,0,0,1.0
10/12/05,01:30:00,0,1,1,30,2,0,1,0.0
10/12/05,02:00:00,0,0,2,0,2,0,0,0.0
10/12/05,02:30:00,0,0,2,30,2,0,0,0.0
10/12/05,03:00:00,0,0,3,0,2,0,0,0.0
10/12/05,03:30:00,0,0,3,30,2,0,0,0.0
10/12/05,04:00:00,0,0,4,0,2,0,0,0.0
10/12/05,04:30:00,0,0,4,30,2,0,0,0.0
10/12/05,05:00:00,0,0,5,0,2,0,0,0.0
10/12/05,05:30:00,0,0,5,30,2,0,0,0.0
10/12/05,06:00:00,0,0,6,0,2,0,0,1.0
10/12/05,06:30:00,0,1,6,30,2,0,1,1.0
10/12/05,07:00:00,0,1,7,0,2,0,1,0.0
10/12/05,07:30:00,0,0,7,30,2,0,0,2.0
10/12/05,08:00:00,0,2,8,0,2,0,2,3.0
10/12/05,08:30:00,3,0,8,30,2,0,3,9.0
10/12/05,09:00:00,4,5,9,0,2,0,9,3.0
10/12/05,09:30:00,1,2,9,30,2,0,3,18.0
10/12/05,10:00:00,5,13,10,0,2,0,18,15.0
10/12/05,10:30:00,11,4,10,30,2,0,15,15.0
10/12/05,11:00:00,11,4,11,0,2,0,15,29.0
10/12/05,11:30:00,20,9,11,30,2,0,29,31.0
10/12/05,12:00:00,14,17,12,0,2,0,31,26.0
10/12/05,12:30:00,11,15,12,30,2,0,26,24.0
10/12/05,13:00:00,13,11,13,0,2,0,24,31.0
10/12/05,13:30:00,20,11,13,30,2,0,31,17.0
10/12/05,14:00:00,11,6,14,0,2,0,17,22.0
10/12/05,14:30:00,14,8,14,30,2,0,22,32.0
10/12/05,15:00:00,17,15,15,0,2,0,32,27.0
10/12/05,15:30:00,14,13,15,30,2,0,27,29.0
10/12/05,16:00:00,17,12,16,0,2,0,29,17.0
10/12/05,16:30:00,10,7,16,30,2,0,17,14.0
10/12/05,17:00:00,4,10,17,0,2,0,14,17.0
10/12/05,17:30:00,5,12,17,30,2,0,17,17.0
10/12/05,18:00:00,6,11,18,0,2,0,17,11.0
10/12/05,18:30:00,3,8,18,30,2,0,11,3.0
10/12/05,19:00:00,0,3,19,0,2,0,3,4.0
10/12/05,19:30:00,1,3,19,30,2,0,4,4.0
10/12/05,20:00:00,1,3,20,0,2,0,4,5.0
10/12/05,20:30:00,0,5,20,30,2,0,5,0.0
10/12/05,21:00:00,0,0,21,0,2,0,0,3.0
10/12/05,21:30:00,2,1,21,30,2,0,3,0.0
10/12/05,22:00:00,0,0,22,0,2,0,0,0.0
10/12/05,22:30:00,0,0,22,30,2,0,0,2.0
10/12/05,23:00:00,0,2,23,0,2,0,2,4.0
10/12/05,23:30:00,0,4,23,30,2,0,4,0.0
10/13/05,00:00:00,0,0,0,0,3,0,0,2.0
10/13/05,00:30:00,0,2,0,30,3,0,2,0.0
10/13/05,01:00:00,0,0,1,0,3,0,0,1.0
10/13/05,01:30:00,0,1,1,30,3,0,1,0.0
10/13/05,02:00:00,0,0,2,0,3,0,0,0.0
10/13/05,02:30:00,0,0,2,30,3,0,0,1.0
10/13/05,03:00:00,0,1,3,0,3,0,1,0.0
10/13/05,03:30:00,0,0,3,30,3,0,0,0.0
10/13/05,04:00:00,0,0,4,0,3,0,0,0.0
10/13/05,04:30:00,0,0,4,30,3,0,0,0.0
10/13/05,05:00:00,0,0,5,0,3,0,0,2.0
10/13/05,05:30:00,1,1,5,30,3,0,2,1.0
10/13/05,06:00:00,0,1,6,0,3,0,1,0.0
10/13/05,06:30:00,0,0,6,30,3,0,0,0.0
10/13/05,07:00:00,0,0,7,0,3,0,0,1.0
10/13/05,07:30:00,1,0,7,30,3,0,1,1.0
10/13/05,08:00:00,1,0,8,0,3,0,1,7.0
10/13/05,08:30:00,6,1,8,30,3,0,7,10.0
10/13/05,09:00:00,9,1,9,0,3,0,10,13.0
10/13/05,09:30:00,9,4,9,30,3,0,13,13.0
10/13/05,10:00:00,6,7,10,0,3,0,13,20.0
10/13/05,10:30:00,13,7,10,30,3,0,20,21.0
10/13/05,11:00:00,15,6,11,0,3,0,21,12.0
10/13/05,11:30:00,6,6,11,30,3,0,12,26.0
10/13/05,12:00:00,7,19,12,0,3,0,26,13.0
10/13/05,12:30:00,8,5,12,30,3,0,13,31.0
10/13/05,13:00:00,18,13,13,0,3,0,31,35.0
10/13/05,13:30:00,22,13,13,30,3,0,35,27.0
10/13/05,14:00:00,15,12,14,0,3,0,27,18.0
10/13/05,14:30:00,10,8,14,30,3,0,18,17.0
10/13/05,15:00:00,9,8,15,0,3,0,17,37.0
10/13/05,15:30:00,22,15,15,30,3,0,37,24.0
10/13/05,16:00:00,10,14,16,0,3,0,24,20.0
10/13/05,16:30:00,7,13,16,30,3,0,20,26.0
10/13/05,17:00:00,11,15,17,0,3,0,26,19.0
10/13/05,17:30:00,9,10,17,30,3,0,19,16.0
10/13/05,18:00:00,5,11,18,0,3,0,16,13.0
10/13/05,18:30:00,2,11,18,30,3,0,13,0.0
10/13/05,19:00:00,0,0,19,0,3,0,0,2.0
10/13/05,19:30:00,0,2,19,30,3,0,2,6.0
10/13/05,20:00:00,0,6,20,0,3,0,6,4.0
10/13/05,20:30:00,0,4,20,30,3,0,4,4.0
10/13/05,21:00:00,2,2,21,0,3,0,4,1.0
10/13/05,21:30:00,0,1,21,30,3,0,1,0.0
10/13/05,22:00:00,0,0,22,0,3,0,0,1.0
10/13/05,22:30:00,0,1,22,30,3,0,1,2.0
10/13/05,23:00:00,0,2,23,0,3,0,2,3.0
10/13/05,23:30:00,0,3,23,30,3,0,3,2.0
10/14/05,00:00:00,0,2,0,0,4,0,2,1.0
10/14/05,00:30:00,0,1,0,30,4,0,1,1.0
10/14/05,01:00:00,0,1,1,0,4,0,1,0.0
10/14/05,01:30:00,0,0,1,30,4,0,0,0.0
10/14/05,02:00:00,0,0,2,0,4,0,0,0.0
10/14/05,02:30:00,0,0,2,30,4,0,0,0.0
10/14/05,03:00:00,0,0,3,0,4,0,0,1.0
10/14/05,03:30:00,0,1,3,30,4,0,1,0.0
10/14/05,04:00:00,0,0,4,0,4,0,0,0.0
10/14/05,04:30:00,0,0,4,30,4,0,0,0.0
10/14/05,05:00:00,0,0,5,0,4,0,0,0.0
10/14/05,05:30:00,0,0,5,30,4,0,0,1.0
10/14/05,06:00:00,0,1,6,0,4,0,1,0.0
10/14/05,06:30:00,0,0,6,30,4,0,0,1.0
10/14/05,07:00:00,0,1,7,0,4,0,1,0.0
10/14/05,07:30:00,0,0,7,30,4,0,0,11.0
10/14/05,08:00:00,3,8,8,0,4,0,11,8.0
10/14/05,08:30:00,6,2,8,30,4,0,8,42.0
10/14/05,09:00:00,29,13,9,0,4,0,42,47.0
10/14/05,09:30:00,28,19,9,30,4,0,47,35.0
10/14/05,10:00:00,16,19,10,0,4,0,35,19.0
10/14/05,10:30:00,16,3,10,30,4,0,19,46.0
10/14/05,11:00:00,31,15,11,0,4,0,46,37.0
10/14/05,11:30:00,12,25,11,30,4,0,37,48.0
10/14/05,12:00:00,27,21,12,0,4,0,48,19.0
10/14/05,12:30:00,11,8,12,30,4,0,19,30.0
10/14/05,13:00:00,22,8,13,0,4,0,30,44.0
10/14/05,13:30:00,24,20,13,30,4,0,44,36.0
10/14/05,14:00:00,20,16,14,0,4,0,36,29.0
10/14/05,14:30:00,16,13,14,30,4,0,29,36.0
10/14/05,15:00:00,15,21,15,0,4,0,36,19.0
10/14/05,15:30:00,10,9,15,30,4,0,19,19.0
10/14/05,16:00:00,10,9,16,0,4,0,19,17.0
10/14/05,16:30:00,11,6,16,30,4,0,17,22.0
10/14/05,17:00:00,6,16,17,0,4,0,22,13.0
10/14/05,17:30:00,2,11,17,30,4,0,13,9.0
10/14/05,18:00:00,0,9,18,0,4,0,9,6.0
10/14/05,18:30:00,0,6,18,30,4,0,6,3.0
10/14/05,19:00:00,0,3,19,0,4,0,3,2.0
10/14/05,19:30:00,0,2,19,30,4,0,2,0.0
10/14/05,20:00:00,0,0,20,0,4,0,0,2.0
10/14/05,20:30:00,0,2,20,30,4,0,2,1.0
10/14/05,21:00:00,0,1,21,0,4,0,1,0.0
10/14/05,21:30:00,0,0,21,30,4,0,0,0.0
10/14/05,22:00:00,0,0,22,0,4,0,0,1.0
10/14/05,22:30:00,0,1,22,30,4,0,1,4.0
10/14/05,23:00:00,0,4,23,0,4,0,4,0.0
10/14/05,23:30:00,0,0,23,30,4,0,0,0.0
10/15/05,00:00:00,0,0,0,0,5,1,0,0.0
10/15/05,00:30:00,0,0,0,30,5,1,0,0.0
10/15/05,01:00:00,0,0,1,0,5,1,0,0.0
10/15/05,01:30:00,0,0,1,30,5,1,0,0.0
10/15/05,02:00:00,0,0,2,0,5,1,0,0.0
10/15/05,02:30:00,0,0,2,30,5,1,0,0.0
10/15/05,03:00:00,0,0,3,0,5,1,0,0.0
10/15/05,03:30:00,0,0,3,30,5,1,0,0.0
10/15/05,04:00:00,0,0,4,0,5,1,0,0.0
10/15/05,04:30:00,0,0,4,30,5,1,0,0.0
10/15/05,05:00:00,0,0,5,0,5,1,0,0.0
10/15/05,05:30:00,0,0,5,30,5,1,0,0.0
10/15/05,06:00:00,0,0,6,0,5,1,0,0.0
10/15/05,06:30:00,0,0,6,30,5,1,0,0.0
10/15/05,07:00:00,0,0,7,0,5,1,0,0.0
10/15/05,07:30:00,0,0,7,30,5,1,0,0.0
10/15/05,08:00:00,0,0,8,0,5,1,0,0.0
10/15/05,08:30:00,0,0,8,30,5,1,0,0.0
10/15/05,09:00:00,0,0,9,0,5,1,0,0.0
10/15/05,09:30:00,0,0,9,30,5,1,0,0.0
10/15/05,10:00:00,0,0,10,0,5,1,0,0.0
10/15/05,10:30:00,0,0,10,30,5,1,0,0.0
10/15/05,11:00:00,0,0,11,0,5,1,0,0.0
10/15/05,11:30:00,0,0,11,30,5,1,0,3.0
10/15/05,12:00:00,1,2,12,0,5,1,3,2.0
10/15/05,12:30:00,0,2,12,30,5,1,2,0.0
10/15/05,13:00:00,0,0,13,0,5,1,0,0.0
10/15/05,13:30:00,0,0,13,30,5,1,0,3.0
10/15/05,14:00:00,0,3,14,0,5,1,3,2.0
10/15/05,14:30:00,0,2,14,30,5,1,2,1.0
10/15/05,15:00:00,0,1,15,0,5,1,1,0.0
10/15/05,15:30:00,0,0,15,30,5,1,0,2.0
10/15/05,16:00:00,0,2,16,0,5,1,2,1.0
10/15/05,16:30:00,0,1,16,30,5,1,1,1.0
10/15/05,17:00:00,0,1,17,0,5,1,1,3.0
10/15/05,17:30:00,0,3,17,30,5,1,3,2.0
10/15/05,18:00:00,0,2,18,0,5,1,2,0.0
10/15/05,18:30:00,0,0,18,30,5,1,0,1.0
10/15/05,19:00:00,0,1,19,0,5,1,1,0.0
10/15/05,19:30:00,0,0,19,30,5,1,0,0.0
10/15/05,20:00:00,0,0,20,0,5,1,0,0.0
10/15/05,20:30:00,0,0,20,30,5,1,0,0.0
10/15/05,21:00:00,0,0,21,0,5,1,0,0.0
10/15/05,21:30:00,0,0,21,30,5,1,0,0.0
10/15/05,22:00:00,0,0,22,0,5,1,0,0.0
10/15/05,22:30:00,0,0,22,30,5,1,0,0.0
10/15/05,23:00:00,0,0,23,0,5,1,0,1.0
10/15/05,23:30:00,0,1,23,30,5,1,1,3.0
10/16/05,00:00:00,0,3,0,0,6,1,3,0.0
10/16/05,00:30:00,0,0,0,30,6,1,0,0.0
10/16/05,01:00:00,0,0,1,0,6,1,0,0.0
10/16/05,01:30:00,0,0,1,30,6,1,0,0.0
10/16/05,02:00:00,0,0,2,0,6,1,0,1.0
10/16/05,02:30:00,0,1,2,30,6,1,1,0.0
10/16/05,03:00:00,0,0,3,0,6,1,0,0.0
10/16/05,03:30:00,0,0,3,30,6,1,0,0.0
10/16/05,04:00:00,0,0,4,0,6,1,0,0.0
10/16/05,04:30:00,0,0,4,30,6,1,0,0.0
10/16/05,05:00:00,0,0,5,0,6,1,0,0.0
10/16/05,05:30:00,0,0,5,30,6,1,0,0.0
10/16/05,06:00:00,0,0,6,0,6,1,0,0.0
10/16/05,06:30:00,0,0,6,30,6,1,0,11.0
10/16/05,07:00:00,6,5,7,0,6,1,11,1.0
10/16/05,07:30:00,0,1,7,30,6,1,1,0.0
10/16/05,08:00:00,0,0,8,0,6,1,0,0.0
10/16/05,08:30:00,0,0,8,30,6,1,0,0.0
10/16/05,09:00:00,0,0,9,0,6,1,0,0.0
10/16/05,09:30:00,0,0,9,30,6,1,0,2.0
10/16/05,10:00:00,0,2,10,0,6,1,2,0.0
10/16/05,10:30:00,0,0,10,30,6,1,0,0.0
10/16/05,11:00:00,0,0,11,0,6,1,0,2.0
10/16/05,11:30:00,0,2,11,30,6,1,2,0.0
10/16/05,12:00:00,0,0,12,0,6,1,0,0.0
10/16/05,12:30:00,0,0,12,30,6,1,0,0.0
10/16/05,13:00:00,0,0,13,0,6,1,0,1.0
10/16/05,13:30:00,0,1,13,30,6,1,1,0.0
10/16/05,14:00:00,0,0,14,0,6,1,0,2.0
10/16/05,14:30:00,0,2,14,30,6,1,2,0.0
10/16/05,15:00:00,0,0,15,0,6,1,0,3.0
10/16/05,15:30:00,0,3,15,30,6,1,3,0.0
10/16/05,16:00:00,0,0,16,0,6,1,0,5.0
10/16/05,16:30:00,0,5,16,30,6,1,5,0.0
10/16/05,17:00:00,0,0,17,0,6,1,0,3.0
10/16/05,17:30:00,0,3,17,30,6,1,3,2.0
10/16/05,18:00:00,0,2,18,0,6,1,2,1.0
10/16/05,18:30:00,0,1,18,30,6,1,1,0.0
10/16/05,19:00:00,0,0,19,0,6,1,0,1.0
10/16/05,19:30:00,0,1,19,30,6,1,1,0.0
10/16/05,20:00:00,0,0,20,0,6,1,0,4.0
10/16/05,20:30:00,0,4,20,30,6,1,4,10.0
10/16/05,21:00:00,4,6,21,0,6,1,10,0.0
10/16/05,21:30:00,0,0,21,30,6,1,0,0.0
10/16/05,22:00:00,0,0,22,0,6,1,0,1.0
10/16/05,22:30:00,0,1,22,30,6,1,1,0.0
10/16/05,23:00:00,0,0,23,0,6,1,0,0.0
10/16/05,23:30:00,0,0,23,30,6,1,0,0.0
10/17/05,00:00:00,0,0,0,0,0,0,0,0.0
10/17/05,00:30:00,0,0,0,30,0,0,0,1.0
10/17/05,01:00:00,0,1,1,0,0,0,1,0.0
10/17/05,01:30:00,0,0,1,30,0,0,0,0.0
10/17/05,02:00:00,0,0,2,0,0,0,0,0.0
10/17/05,02:30:00,0,0,2,30,0,0,0,0.0
10/17/05,03:00:00,0,0,3,0,0,0,0,0.0
10/17/05,03:30:00,0,0,3,30,0,0,0,0.0
10/17/05,04:00:00,0,0,4,0,0,0,0,0.0
10/17/05,04:30:00,0,0,4,30,0,0,0,0.0
10/17/05,05:00:00,0,0,5,0,0,0,0,2.0
10/17/05,05:30:00,1,1,5,30,0,0,2,0.0
10/17/05,06:00:00,0,0,6,0,0,0,0,0.0
10/17/05,06:30:00,0,0,6,30,0,0,0,2.0
10/17/05,07:00:00,2,0,7,0,0,0,2,3.0
10/17/05,07:30:00,1,2,7,30,0,0,3,4.0
10/17/05,08:00:00,4,0,8,0,0,0,4,2.0
10/17/05,08:30:00,2,0,8,30,0,0,2,16.0
10/17/05,09:00:00,13,3,9,0,0,0,16,10.0
10/17/05,09:30:00,9,1,9,30,0,0,10,18.0
10/17/05,10:00:00,16,2,10,0,0,0,18,24.0
10/17/05,10:30:00,17,7,10,30,0,0,24,21.0
10/17/05,11:00:00,14,7,11,0,0,0,21,26.0
10/17/05,11:30:00,18,8,11,30,0,0,26,39.0
10/17/05,12:00:00,20,19,12,0,0,0,39,27.0
10/17/05,12:30:00,14,13,12,30,0,0,27,31.0
10/17/05,13:00:00,17,14,13,0,0,0,31,34.0
10/17/05,13:30:00,18,16,13,30,0,0,34,24.0
10/17/05,14:00:00,16,8,14,0,0,0,24,29.0
10/17/05,14:30:00,19,10,14,30,0,0,29,25.0
10/17/05,15:00:00,10,15,15,0,0,0,25,27.0
10/17/05,15:30:00,16,11,15,30,0,0,27,26.0
10/17/05,16:00:00,12,14,16,0,0,0,26,23.0
10/17/05,16:30:00,7,16,16,30,0,0,23,14.0
10/17/05,17:00:00,9,5,17,0,0,0,14,32.0
10/17/05,17:30:00,13,19,17,30,0,0,32,14.0
10/17/05,18:00:00,3,11,18,0,0,0,14,3.0
10/17/05,18:30:00,1,2,18,30,0,0,3,10.0
10/17/05,19:00:00,1,9,19,0,0,0,10,5.0
10/17/05,19:30:00,1,4,19,30,0,0,5,1.0
10/17/05,20:00:00,0,1,20,0,0,0,1,4.0
10/17/05,20:30:00,0,4,20,30,0,0,4,4.0
10/17/05,21:00:00,0,4,21,0,0,0,4,1.0
10/17/05,21:30:00,0,1,21,30,0,0,1,1.0
10/17/05,22:00:00,0,1,22,0,0,0,1,2.0
10/17/05,22:30:00,0,2,22,30,0,0,2,2.0
10/17/05,23:00:00,0,2,23,0,0,0,2,0.0
10/17/05,23:30:00,0,0,23,30,0,0,0,0.0
10/18/05,00:00:00,0,0,0,0,1,0,0,2.0
10/18/05,00:30:00,0,2,0,30,1,0,2,1.0
10/18/05,01:00:00,0,1,1,0,1,0,1,0.0
10/18/05,01:30:00,0,0,1,30,1,0,0,1.0
10/18/05,02:00:00,0,1,2,0,1,0,1,0.0
10/18/05,02:30:00,0,0,2,30,1,0,0,0.0
10/18/05,03:00:00,0,0,3,0,1,0,0,0.0
10/18/05,03:30:00,0,0,3,30,1,0,0,1.0
10/18/05,04:00:00,0,1,4,0,1,0,1,0.0
10/18/05,04:30:00,0,0,4,30,1,0,0,0.0
10/18/05,05:00:00,0,0,5,0,1,0,0,2.0
10/18/05,05:30:00,1,1,5,30,1,0,2,0.0
10/18/05,06:00:00,0,0,6,0,1,0,0,0.0
10/18/05,06:30:00,0,0,6,30,1,0,0,0.0
10/18/05,07:00:00,0,0,7,0,1,0,0,1.0
10/18/05,07:30:00,0,1,7,30,1,0,1,7.0
10/18/05,08:00:00,3,4,8,0,1,0,7,5.0
10/18/05,08:30:00,4,1,8,30,1,0,5,15.0
10/18/05,09:00:00,11,4,9,0,1,0,15,14.0
10/18/05,09:30:00,11,3,9,30,1,0,14,16.0
10/18/05,10:00:00,14,2,10,0,1,0,16,19.0
10/18/05,10:30:00,10,9,10,30,1,0,19,31.0
10/18/05,11:00:00,19,12,11,0,1,0,31,13.0
10/18/05,11:30:00,6,7,11,30,1,0,13,28.0
10/18/05,12:00:00,7,21,12,0,1,0,28,29.0
10/18/05,12:30:00,16,13,12,30,1,0,29,28.0
10/18/05,13:00:00,21,7,13,0,1,0,28,26.0
10/18/05,13:30:00,13,13,13,30,1,0,26,18.0
10/18/05,14:00:00,9,9,14,0,1,0,18,28.0
10/18/05,14:30:00,20,8,14,30,1,0,28,31.0
10/18/05,15:00:00,18,13,15,0,1,0,31,24.0
10/18/05,15:30:00,15,9,15,30,1,0,24,25.0
10/18/05,16:00:00,16,9,16,0,1,0,25,18.0
10/18/05,16:30:00,8,10,16,30,1,0,18,29.0
10/18/05,17:00:00,5,24,17,0,1,0,29,15.0
10/18/05,17:30:00,6,9,17,30,1,0,15,15.0
10/18/05,18:00:00,0,15,18,0,1,0,15,12.0
10/18/05,18:30:00,0,12,18,30,1,0,12,2.0
10/18/05,19:00:00,0,2,19,0,1,0,2,3.0
10/18/05,19:30:00,0,3,19,30,1,0,3,2.0
10/18/05,20:00:00,0,2,20,0,1,0,2,1.0
10/18/05,20:30:00,0,1,20,30,1,0,1,0.0
10/18/05,21:00:00,0,0,21,0,1,0,0,0.0
10/18/05,21:30:00,0,0,21,30,1,0,0,4.0
10/18/05,22:00:00,1,3,22,0,1,0,4,1.0
10/18/05,22:30:00,0,1,22,30,1,0,1,1.0
10/18/05,23:00:00,0,1,23,0,1,0,1,0.0
10/18/05,23:30:00,0,0,23,30,1,0,0,0.0
10/19/05,00:00:00,0,0,0,0,2,0,0,0.0
10/19/05,00:30:00,0,0,0,30,2,0,0,0.0
10/19/05,01:00:00,0,0,1,0,2,0,0,0.0
10/19/05,01:30:00,0,0,1,30,2,0,0,0.0
10/19/05,02:00:00,0,0,2,0,2,0,0,0.0
10/19/05,02:30:00,0,0,2,30,2,0,0,0.0
10/19/05,03:00:00,0,0,3,0,2,0,0,0.0
10/19/05,03:30:00,0,0,3,30,2,0,0,0.0
10/19/05,04:00:00,0,0,4,0,2,0,0,0.0
10/19/05,04:30:00,0,0,4,30,2,0,0,0.0
10/19/05,05:00:00,0,0,5,0,2,0,0,0.0
10/19/05,05:30:00,0,0,5,30,2,0,0,0.0
10/19/05,06:00:00,0,0,6,0,2,0,0,0.0
10/19/05,06:30:00,0,0,6,30,2,0,0,0.0
10/19/05,07:00:00,0,0,7,0,2,0,0,6.0
10/19/05,07:30:00,5,1,7,30,2,0,6,5.0
10/19/05,08:00:00,3,2,8,0,2,0,5,6.0
10/19/05,08:30:00,6,0,8,30,2,0,6,18.0
10/19/05,09:00:00,12,6,9,0,2,0,18,16.0
10/19/05,09:30:00,12,4,9,30,2,0,16,22.0
10/19/05,10:00:00,16,6,10,0,2,0,22,17.0
10/19/05,10:30:00,10,7,10,30,2,0,17,30.0
10/19/05,11:00:00,14,16,11,0,2,0,30,24.0
10/19/05,11:30:00,15,9,11,30,2,0,24,36.0
10/19/05,12:00:00,17,19,12,0,2,0,36,28.0
10/19/05,12:30:00,11,17,12,30,2,0,28,28.0
10/19/05,13:00:00,22,6,13,0,2,0,28,24.0
10/19/05,13:30:00,16,8,13,30,2,0,24,32.0
10/19/05,14:00:00,14,18,14,0,2,0,32,24.0
10/19/05,14:30:00,16,8,14,30,2,0,24,35.0
10/19/05,15:00:00,20,15,15,0,2,0,35,29.0
10/19/05,15:30:00,15,14,15,30,2,0,29,27.0
10/19/05,16:00:00,19,8,16,0,2,0,27,12.0
10/19/05,16:30:00,10,2,16,30,2,0,12,15.0
10/19/05,17:00:00,8,7,17,0,2,0,15,32.0
10/19/05,17:30:00,5,27,17,30,2,0,32,14.0
10/19/05,18:00:00,4,10,18,0,2,0,14,14.0
10/19/05,18:30:00,3,11,18,30,2,0,14,11.0
10/19/05,19:00:00,1,10,19,0,2,0,11,4.0
10/19/05,19:30:00,0,4,19,30,2,0,4,5.0
10/19/05,20:00:00,0,5,20,0,2,0,5,2.0
10/19/05,20:30:00,0,2,20,30,2,0,2,2.0
10/19/05,21:00:00,0,2,21,0,2,0,2,0.0
10/19/05,21:30:00,0,0,21,30,2,0,0,8.0
10/19/05,22:00:00,1,7,22,0,2,0,8,31.0
10/19/05,22:30:00,14,17,22,30,2,0,31,12.0
10/19/05,23:00:00,6,6,23,0,2,0,12,1.0
10/19/05,23:30:00,0,1,23,30,2,0,1,0.0
10/20/05,00:00:00,0,0,0,0,3,0,0,0.0
10/20/05,00:30:00,0,0,0,30,3,0,0,3.0
10/20/05,01:00:00,0,3,1,0,3,0,3,0.0
10/20/05,01:30:00,0,0,1,30,3,0,0,0.0
10/20/05,02:00:00,0,0,2,0,3,0,0,0.0
10/20/05,02:30:00,0,0,2,30,3,0,0,0.0
10/20/05,03:00:00,0,0,3,0,3,0,0,0.0
10/20/05,03:30:00,0,0,3,30,3,0,0,1.0
10/20/05,04:00:00,0,1,4,0,3,0,1,0.0
10/20/05,04:30:00,0,0,4,30,3,0,0,0.0
10/20/05,05:00:00,0,0,5,0,3,0,0,2.0
10/20/05,05:30:00,1,1,5,30,3,0,2,0.0
10/20/05,06:00:00,0,0,6,0,3,0,0,0.0
10/20/05,06:30:00,0,0,6,30,3,0,0,0.0
10/20/05,07:00:00,0,0,7,0,3,0,0,1.0
10/20/05,07:30:00,1,0,7,30,3,0,1,1.0
10/20/05,08:00:00,1,0,8,0,3,0,1,9.0
10/20/05,08:30:00,8,1,8,30,3,0,9,17.0
10/20/05,09:00:00,14,3,9,0,3,0,17,24.0
10/20/05,09:30:00,18,6,9,30,3,0,24,22.0
10/20/05,10:00:00,14,8,10,0,3,0,22,23.0
10/20/05,10:30:00,11,12,10,30,3,0,23,26.0
10/20/05,11:00:00,13,13,11,0,3,0,26,19.0
10/20/05,11:30:00,8,11,11,30,3,0,19,21.0
10/20/05,12:00:00,6,15,12,0,3,0,21,16.0
10/20/05,12:30:00,7,9,12,30,3,0,16,24.0
10/20/05,13:00:00,18,6,13,0,3,0,24,27.0
10/20/05,13:30:00,17,10,13,30,3,0,27,36.0
10/20/05,14:00:00,20,16,14,0,3,0,36,11.0
10/20/05,14:30:00,5,6,14,30,3,0,11,32.0
10/20/05,15:00:00,19,13,15,0,3,0,32,21.0
10/20/05,15:30:00,9,12,15,30,3,0,21,11.0
10/20/05,16:00:00,5,6,16,0,3,0,11,21.0
10/20/05,16:30:00,9,12,16,30,3,0,21,19.0
10/20/05,17:00:00,6,13,17,0,3,0,19,14.0
10/20/05,17:30:00,4,10,17,30,3,0,14,10.0
10/20/05,18:00:00,0,10,18,0,3,0,10,4.0
10/20/05,18:30:00,0,4,18,30,3,0,4,8.0
10/20/05,19:00:00,1,7,19,0,3,0,8,5.0
10/20/05,19:30:00,2,3,19,30,3,0,5,4.0
10/20/05,20:00:00,3,1,20,0,3,0,4,1.0
10/20/05,20:30:00,0,1,20,30,3,0,1,4.0
10/20/05,21:00:00,0,4,21,0,3,0,4,2.0
10/20/05,21:30:00,0,2,21,30,3,0,2,0.0
10/20/05,22:00:00,0,0,22,0,3,0,0,2.0
10/20/05,22:30:00,0,2,22,30,3,0,2,0.0
10/20/05,23:00:00,0,0,23,0,3,0,0,1.0
10/20/05,23:30:00,0,1,23,30,3,0,1,1.0
10/21/05,00:00:00,0,1,0,0,4,0,1,0.0
10/21/05,00:30:00,0,0,0,30,4,0,0,0.0
10/21/05,01:00:00,0,0,1,0,4,0,0,1.0
10/21/05,01:30:00,0,1,1,30,4,0,1,1.0
10/21/05,02:00:00,0,1,2,0,4,0,1,0.0
10/21/05,02:30:00,0,0,2,30,4,0,0,0.0
10/21/05,03:00:00,0,0,3,0,4,0,0,0.0
10/21/05,03:30:00,0,0,3,30,4,0,0,1.0
10/21/05,04:00:00,0,1,4,0,4,0,1,0.0
10/21/05,04:30:00,0,0,4,30,4,0,0,3.0
10/21/05,05:00:00,1,2,5,0,4,0,3,0.0
10/21/05,05:30:00,0,0,5,30,4,0,0,1.0
10/21/05,06:00:00,1,0,6,0,4,0,1,2.0
10/21/05,06:30:00,0,2,6,30,4,0,2,0.0
10/21/05,07:00:00,0,0,7,0,4,0,0,3.0
10/21/05,07:30:00,2,1,7,30,4,0,3,7.0
10/21/05,08:00:00,5,2,8,0,4,0,7,13.0
10/21/05,08:30:00,9,4,8,30,4,0,13,23.0
10/21/05,09:00:00,18,5,9,0,4,0,23,31.0
10/21/05,09:30:00,21,10,9,30,4,0,31,49.0
10/21/05,10:00:00,29,20,10,0,4,0,49,26.0
10/21/05,10:30:00,16,10,10,30,4,0,26,37.0
10/21/05,11:00:00,25,12,11,0,4,0,37,30.0
10/21/05,11:30:00,18,12,11,30,4,0,30,37.0
10/21/05,12:00:00,15,22,12,0,4,0,37,25.0
10/21/05,12:30:00,16,9,12,30,4,0,25,40.0
10/21/05,13:00:00,19,21,13,0,4,0,40,49.0
10/21/05,13:30:00,24,25,13,30,4,0,49,42.0
10/21/05,14:00:00,27,15,14,0,4,0,42,22.0
10/21/05,14:30:00,14,8,14,30,4,0,22,21.0
10/21/05,15:00:00,8,13,15,0,4,0,21,26.0
10/21/05,15:30:00,14,12,15,30,4,0,26,25.0
10/21/05,16:00:00,9,16,16,0,4,0,25,21.0
10/21/05,16:30:00,9,12,16,30,4,0,21,19.0
10/21/05,17:00:00,6,13,17,0,4,0,19,30.0
10/21/05,17:30:00,7,23,17,30,4,0,30,6.0
10/21/05,18:00:00,1,5,18,0,4,0,6,4.0
10/21/05,18:30:00,0,4,18,30,4,0,4,3.0
10/21/05,19:00:00,0,3,19,0,4,0,3,4.0
10/21/05,19:30:00,0,4,19,30,4,0,4,0.0
10/21/05,20:00:00,0,0,20,0,4,0,0,0.0
10/21/05,20:30:00,0,0,20,30,4,0,0,2.0
10/21/05,21:00:00,0,2,21,0,4,0,2,0.0
10/21/05,21:30:00,0,0,21,30,4,0,0,1.0
10/21/05,22:00:00,0,1,22,0,4,0,1,0.0
10/21/05,22:30:00,0,0,22,30,4,0,0,1.0
10/21/05,23:00:00,0,1,23,0,4,0,1,1.0
10/21/05,23:30:00,0,1,23,30,4,0,1,2.0
10/22/05,00:00:00,0,2,0,0,5,1,2,0.0
10/22/05,00:30:00,0,0,0,30,5,1,0,0.0
10/22/05,01:00:00,0,0,1,0,5,1,0,1.0
10/22/05,01:30:00,0,1,1,30,5,1,1,0.0
10/22/05,02:00:00,0,0,2,0,5,1,0,0.0
10/22/05,02:30:00,0,0,2,30,5,1,0,0.0
10/22/05,03:00:00,0,0,3,0,5,1,0,0.0
10/22/05,03:30:00,0,0,3,30,5,1,0,1.0
10/22/05,04:00:00,0,1,4,0,5,1,1,0.0
10/22/05,04:30:00,0,0,4,30,5,1,0,1.0
10/22/05,05:00:00,0,1,5,0,5,1,1,0.0
10/22/05,05:30:00,0,0,5,30,5,1,0,0.0
10/22/05,06:00:00,0,0,6,0,5,1,0,0.0
10/22/05,06:30:00,0,0,6,30,5,1,0,0.0
10/22/05,07:00:00,0,0,7,0,5,1,0,0.0
10/22/05,07:30:00,0,0,7,30,5,1,0,0.0
10/22/05,08:00:00,0,0,8,0,5,1,0,0.0
10/22/05,08:30:00,0,0,8,30,5,1,0,0.0
10/22/05,09:00:00,0,0,9,0,5,1,0,0.0
10/22/05,09:30:00,0,0,9,30,5,1,0,0.0
10/22/05,10:00:00,0,0,10,0,5,1,0,0.0
10/22/05,10:30:00,0,0,10,30,5,1,0,0.0
10/22/05,11:00:00,0,0,11,0,5,1,0,1.0
10/22/05,11:30:00,0,1,11,30,5,1,1,0.0
10/22/05,12:00:00,0,0,12,0,5,1,0,0.0
10/22/05,12:30:00,0,0,12,30,5,1,0,1.0
10/22/05,13:00:00,0,1,13,0,5,1,1,0.0
10/22/05,13:30:00,0,0,13,30,5,1,0,0.0
10/22/05,14:00:00,0,0,14,0,5,1,0,1.0
10/22/05,14:30:00,0,1,14,30,5,1,1,4.0
10/22/05,15:00:00,0,4,15,0,5,1,4,1.0
10/22/05,15:30:00,0,1,15,30,5,1,1,1.0
10/22/05,16:00:00,0,1,16,0,5,1,1,0.0
10/22/05,16:30:00,0,0,16,30,5,1,0,2.0
10/22/05,17:00:00,0,2,17,0,5,1,2,2.0
10/22/05,17:30:00,0,2,17,30,5,1,2,3.0
10/22/05,18:00:00,1,2,18,0,5,1,3,1.0
10/22/05,18:30:00,0,1,18,30,5,1,1,0.0
10/22/05,19:00:00,0,0,19,0,5,1,0,2.0
10/22/05,19:30:00,0,2,19,30,5,1,2,0.0
10/22/05,20:00:00,0,0,20,0,5,1,0,0.0
10/22/05,20:30:00,0,0,20,30,5,1,0,0.0
10/22/05,21:00:00,0,0,21,0,5,1,0,0.0
10/22/05,21:30:00,0,0,21,30,5,1,0,0.0
10/22/05,22:00:00,0,0,22,0,5,1,0,0.0
10/22/05,22:30:00,0,0,22,30,5,1,0,1.0
10/22/05,23:00:00,0,1,23,0,5,1,1,2.0
10/22/05,23:30:00,0,2,23,30,5,1,2,0.0
10/23/05,00:00:00,0,0,0,0,6,1,0,0.0
10/23/05,00:30:00,0,0,0,30,6,1,0,0.0
10/23/05,01:00:00,0,0,1,0,6,1,0,0.0
10/23/05,01:30:00,0,0,1,30,6,1,0,0.0
10/23/05,02:00:00,0,0,2,0,6,1,0,0.0
10/23/05,02:30:00,0,0,2,30,6,1,0,0.0
10/23/05,03:00:00,0,0,3,0,6,1,0,0.0
10/23/05,03:30:00,0,0,3,30,6,1,0,1.0
10/23/05,04:00:00,0,1,4,0,6,1,1,0.0
10/23/05,04:30:00,0,0,4,30,6,1,0,0.0
10/23/05,05:00:00,0,0,5,0,6,1,0,0.0
10/23/05,05:30:00,0,0,5,30,6,1,0,0.0
10/23/05,06:00:00,0,0,6,0,6,1,0,0.0
10/23/05,06:30:00,0,0,6,30,6,1,0,0.0
10/23/05,07:00:00,0,0,7,0,6,1,0,0.0
10/23/05,07:30:00,0,0,7,30,6,1,0,0.0
10/23/05,08:00:00,0,0,8,0,6,1,0,0.0
10/23/05,08:30:00,0,0,8,30,6,1,0,0.0
10/23/05,09:00:00,0,0,9,0,6,1,0,0.0
10/23/05,09:30:00,0,0,9,30,6,1,0,0.0
10/23/05,10:00:00,0,0,10,0,6,1,0,0.0
10/23/05,10:30:00,0,0,10,30,6,1,0,0.0
10/23/05,11:00:00,0,0,11,0,6,1,0,0.0
10/23/05,11:30:00,0,0,11,30,6,1,0,0.0
10/23/05,12:00:00,0,0,12,0,6,1,0,0.0
10/23/05,12:30:00,0,0,12,30,6,1,0,0.0
10/23/05,13:00:00,0,0,13,0,6,1,0,0.0
10/23/05,13:30:00,0,0,13,30,6,1,0,1.0
10/23/05,14:00:00,0,1,14,0,6,1,1,0.0
10/23/05,14:30:00,0,0,14,30,6,1,0,4.0
10/23/05,15:00:00,1,3,15,0,6,1,4,2.0
10/23/05,15:30:00,0,2,15,30,6,1,2,1.0
10/23/05,16:00:00,0,1,16,0,6,1,1,2.0
10/23/05,16:30:00,0,2,16,30,6,1,2,2.0
10/23/05,17:00:00,0,2,17,0,6,1,2,3.0
10/23/05,17:30:00,0,3,17,30,6,1,3,6.0
10/23/05,18:00:00,0,6,18,0,6,1,6,1.0
10/23/05,18:30:00,0,1,18,30,6,1,1,1.0
10/23/05,19:00:00,0,1,19,0,6,1,1,0.0
10/23/05,19:30:00,0,0,19,30,6,1,0,2.0
10/23/05,20:00:00,0,2,20,0,6,1,2,3.0
10/23/05,20:30:00,2,1,20,30,6,1,3,37.0
10/23/05,21:00:00,19,18,21,0,6,1,37,0.0
10/23/05,21:30:00,0,0,21,30,6,1,0,17.0
10/23/05,22:00:00,5,12,22,0,6,1,17,0.0
10/23/05,22:30:00,0,0,22,30,6,1,0,1.0
10/23/05,23:00:00,0,1,23,0,6,1,1,0.0
10/23/05,23:30:00,0,0,23,30,6,1,0,0.0
10/24/05,00:00:00,0,0,0,0,0,0,0,1.0
10/24/05,00:30:00,0,1,0,30,0,0,1,1.0
10/24/05,01:00:00,0,1,1,0,0,0,1,0.0
10/24/05,01:30:00,0,0,1,30,0,0,0,0.0
10/24/05,02:00:00,0,0,2,0,0,0,0,1.0
10/24/05,02:30:00,0,1,2,30,0,0,1,0.0
10/24/05,03:00:00,0,0,3,0,0,0,0,0.0
10/24/05,03:30:00,0,0,3,30,0,0,0,0.0
10/24/05,04:00:00,0,0,4,0,0,0,0,0.0
10/24/05,04:30:00,0,0,4,30,0,0,0,0.0
10/24/05,05:00:00,0,0,5,0,0,0,0,0.0
10/24/05,05:30:00,0,0,5,30,0,0,0,1.0
10/24/05,06:00:00,0,1,6,0,0,0,1,3.0
10/24/05,06:30:00,0,3,6,30,0,0,3,10.0
10/24/05,07:00:00,5,5,7,0,0,0,10,2.0
10/24/05,07:30:00,2,0,7,30,0,0,2,6.0
10/24/05,08:00:00,5,1,8,0,0,0,6,17.0
10/24/05,08:30:00,13,4,8,30,0,0,17,8.0
10/24/05,09:00:00,7,1,9,0,0,0,8,8.0
10/24/05,09:30:00,7,1,9,30,0,0,8,19.0
10/24/05,10:00:00,13,6,10,0,0,0,19,21.0
10/24/05,10:30:00,12,9,10,30,0,0,21,33.0
10/24/05,11:00:00,21,12,11,0,0,0,33,24.0
10/24/05,11:30:00,12,12,11,30,0,0,24,30.0
10/24/05,12:00:00,11,19,12,0,0,0,30,34.0
10/24/05,12:30:00,19,15,12,30,0,0,34,42.0
10/24/05,13:00:00,25,17,13,0,0,0,42,28.0
10/24/05,13:30:00,17,11,13,30,0,0,28,22.0
10/24/05,14:00:00,15,7,14,0,0,0,22,30.0
10/24/05,14:30:00,20,10,14,30,0,0,30,24.0
10/24/05,15:00:00,12,12,15,0,0,0,24,27.0
10/24/05,15:30:00,14,13,15,30,0,0,27,19.0
10/24/05,16:00:00,7,12,16,0,0,0,19,28.0
10/24/05,16:30:00,7,21,16,30,0,0,28,26.0
10/24/05,17:00:00,12,14,17,0,0,0,26,43.0
10/24/05,17:30:00,23,20,17,30,0,0,43,51.0
10/24/05,18:00:00,24,27,18,0,0,0,51,38.0
10/24/05,18:30:00,23,15,18,30,0,0,38,67.0
10/24/05,19:00:00,24,43,19,0,0,0,67,30.0
10/24/05,19:30:00,10,20,19,30,0,0,30,62.0
10/24/05,20:00:00,50,12,20,0,0,0,62,39.0
10/24/05,20:30:00,12,27,20,30,0,0,39,20.0
10/24/05,21:00:00,2,18,21,0,0,0,20,36.0
10/24/05,21:30:00,0,36,21,30,0,0,36,1.0
10/24/05,22:00:00,0,1,22,0,0,0,1,2.0
10/24/05,22:30:00,0,2,22,30,0,0,2,0.0
10/24/05,23:00:00,0,0,23,0,0,0,0,4.0
10/24/05,23:30:00,0,4,23,30,0,0,4,1.0
10/25/05,00:00:00,0,1,0,0,1,0,1,1.0
10/25/05,00:30:00,0,1,0,30,1,0,1,3.0
10/25/05,01:00:00,0,3,1,0,1,0,3,0.0
10/25/05,01:30:00,0,0,1,30,1,0,0,0.0
10/25/05,02:00:00,0,0,2,0,1,0,0,0.0
10/25/05,02:30:00,0,0,2,30,1,0,0,1.0
10/25/05,03:00:00,0,1,3,0,1,0,1,1.0
10/25/05,03:30:00,0,1,3,30,1,0,1,0.0
10/25/05,04:00:00,0,0,4,0,1,0,0,0.0
10/25/05,04:30:00,0,0,4,30,1,0,0,3.0
10/25/05,05:00:00,1,2,5,0,1,0,3,0.0
10/25/05,05:30:00,0,0,5,30,1,0,0,0.0
10/25/05,06:00:00,0,0,6,0,1,0,0,0.0
10/25/05,06:30:00,0,0,6,30,1,0,0,0.0
10/25/05,07:00:00,0,0,7,0,1,0,0,0.0
10/25/05,07:30:00,0,0,7,30,1,0,0,7.0
10/25/05,08:00:00,7,0,8,0,1,0,7,4.0
10/25/05,08:30:00,2,2,8,30,1,0,4,16.0
10/25/05,09:00:00,12,4,9,0,1,0,16,19.0
10/25/05,09:30:00,17,2,9,30,1,0,19,38.0
10/25/05,10:00:00,28,10,10,0,1,0,38,23.0
10/25/05,10:30:00,13,10,10,30,1,0,23,22.0
10/25/05,11:00:00,8,14,11,0,1,0,22,29.0
10/25/05,11:30:00,14,15,11,30,1,0,29,29.0
10/25/05,12:00:00,11,18,12,0,1,0,29,27.0
10/25/05,12:30:00,16,11,12,30,1,0,27,37.0
10/25/05,13:00:00,23,14,13,0,1,0,37,54.0
10/25/05,13:30:00,32,22,13,30,1,0,54,25.0
10/25/05,14:00:00,12,13,14,0,1,0,25,37.0
10/25/05,14:30:00,25,12,14,30,1,0,37,35.0
10/25/05,15:00:00,20,15,15,0,1,0,35,30.0
10/25/05,15:30:00,20,10,15,30,1,0,30,15.0
10/25/05,16:00:00,6,9,16,0,1,0,15,27.0
10/25/05,16:30:00,10,17,16,30,1,0,27,25.0
10/25/05,17:00:00,8,17,17,0,1,0,25,11.0
10/25/05,17:30:00,5,6,17,30,1,0,11,20.0
10/25/05,18:00:00,4,16,18,0,1,0,20,4.0
10/25/05,18:30:00,0,4,18,30,1,0,4,3.0
10/25/05,19:00:00,0,3,19,0,1,0,3,10.0
10/25/05,19:30:00,3,7,19,30,1,0,10,6.0
10/25/05,20:00:00,1,5,20,0,1,0,6,1.0
10/25/05,20:30:00,0,1,20,30,1,0,1,2.0
10/25/05,21:00:00,0,2,21,0,1,0,2,0.0
10/25/05,21:30:00,0,0,21,30,1,0,0,5.0
10/25/05,22:00:00,0,5,22,0,1,0,5,2.0
10/25/05,22:30:00,1,1,22,30,1,0,2,2.0
10/25/05,23:00:00,0,2,23,0,1,0,2,0.0
10/25/05,23:30:00,0,0,23,30,1,0,0,1.0
10/26/05,00:00:00,0,1,0,0,2,0,1,3.0
10/26/05,00:30:00,0,3,0,30,2,0,3,0.0
10/26/05,01:00:00,0,0,1,0,2,0,0,1.0
10/26/05,01:30:00,0,1,1,30,2,0,1,0.0
10/26/05,02:00:00,0,0,2,0,2,0,0,0.0
10/26/05,02:30:00,0,0,2,30,2,0,0,0.0
10/26/05,03:00:00,0,0,3,0,2,0,0,0.0
10/26/05,03:30:00,0,0,3,30,2,0,0,0.0
10/26/05,04:00:00,0,0,4,0,2,0,0,1.0
10/26/05,04:30:00,0,1,4,30,2,0,1,0.0
10/26/05,05:00:00,0,0,5,0,2,0,0,2.0
10/26/05,05:30:00,1,1,5,30,2,0,2,0.0
10/26/05,06:00:00,0,0,6,0,2,0,0,0.0
10/26/05,06:30:00,0,0,6,30,2,0,0,4.0
10/26/05,07:00:00,2,2,7,0,2,0,4,0.0
10/26/05,07:30:00,0,0,7,30,2,0,0,1.0
10/26/05,08:00:00,1,0,8,0,2,0,1,4.0
10/26/05,08:30:00,4,0,8,30,2,0,4,16.0
10/26/05,09:00:00,12,4,9,0,2,0,16,11.0
10/26/05,09:30:00,10,1,9,30,2,0,11,35.0
10/26/05,10:00:00,31,4,10,0,2,0,35,29.0
10/26/05,10:30:00,12,17,10,30,2,0,29,29.0
10/26/05,11:00:00,14,15,11,0,2,0,29,21.0
10/26/05,11:30:00,15,6,11,30,2,0,21,35.0
10/26/05,12:00:00,13,22,12,0,2,0,35,32.0
10/26/05,12:30:00,17,15,12,30,2,0,32,37.0
10/26/05,13:00:00,20,17,13,0,2,0,37,33.0
10/26/05,13:30:00,23,10,13,30,2,0,33,28.0
10/26/05,14:00:00,15,13,14,0,2,0,28,22.0
10/26/05,14:30:00,9,13,14,30,2,0,22,23.0
10/26/05,15:00:00,15,8,15,0,2,0,23,25.0
10/26/05,15:30:00,16,9,15,30,2,0,25,16.0
10/26/05,16:00:00,6,10,16,0,2,0,16,22.0
10/26/05,16:30:00,7,15,16,30,2,0,22,23.0
10/26/05,17:00:00,8,15,17,0,2,0,23,18.0
10/26/05,17:30:00,5,13,17,30,2,0,18,9.0
10/26/05,18:00:00,1,8,18,0,2,0,9,5.0
10/26/05,18:30:00,0,5,18,30,2,0,5,7.0
10/26/05,19:00:00,2,5,19,0,2,0,7,6.0
10/26/05,19:30:00,0,6,19,30,2,0,6,6.0
10/26/05,20:00:00,0,6,20,0,2,0,6,1.0
10/26/05,20:30:00,0,1,20,30,2,0,1,0.0
10/26/05,21:00:00,0,0,21,0,2,0,0,2.0
10/26/05,21:30:00,0,2,21,30,2,0,2,0.0
10/26/05,22:00:00,0,0,22,0,2,0,0,1.0
10/26/05,22:30:00,0,1,22,30,2,0,1,1.0
10/26/05,23:00:00,0,1,23,0,2,0,1,1.0
10/26/05,23:30:00,0,1,23,30,2,0,1,0.0
10/27/05,00:00:00,0,0,0,0,3,0,0,2.0
10/27/05,00:30:00,0,2,0,30,3,0,2,0.0
10/27/05,01:00:00,0,0,1,0,3,0,0,0.0
10/27/05,01:30:00,0,0,1,30,3,0,0,0.0
10/27/05,02:00:00,0,0,2,0,3,0,0,2.0
10/27/05,02:30:00,0,2,2,30,3,0,2,1.0
10/27/05,03:00:00,0,1,3,0,3,0,1,1.0
10/27/05,03:30:00,0,1,3,30,3,0,1,0.0
10/27/05,04:00:00,0,0,4,0,3,0,0,0.0
10/27/05,04:30:00,0,0,4,30,3,0,0,0.0
10/27/05,05:00:00,0,0,5,0,3,0,0,1.0
10/27/05,05:30:00,0,1,5,30,3,0,1,0.0
10/27/05,06:00:00,0,0,6,0,3,0,0,0.0
10/27/05,06:30:00,0,0,6,30,3,0,0,0.0
10/27/05,07:00:00,0,0,7,0,3,0,0,2.0
10/27/05,07:30:00,2,0,7,30,3,0,2,4.0
10/27/05,08:00:00,1,3,8,0,3,0,4,6.0
10/27/05,08:30:00,5,1,8,30,3,0,6,6.0
10/27/05,09:00:00,5,1,9,0,3,0,6,13.0
10/27/05,09:30:00,12,1,9,30,3,0,13,11.0
10/27/05,10:00:00,6,5,10,0,3,0,11,10.0
10/27/05,10:30:00,6,4,10,30,3,0,10,20.0
10/27/05,11:00:00,11,9,11,0,3,0,20,16.0
10/27/05,11:30:00,9,7,11,30,3,0,16,22.0
10/27/05,12:00:00,10,12,12,0,3,0,22,18.0
10/27/05,12:30:00,10,8,12,30,3,0,18,25.0
10/27/05,13:00:00,22,3,13,0,3,0,25,37.0
10/27/05,13:30:00,22,15,13,30,3,0,37,20.0
10/27/05,14:00:00,8,12,14,0,3,0,20,30.0
10/27/05,14:30:00,16,14,14,30,3,0,30,18.0
10/27/05,15:00:00,11,7,15,0,3,0,18,27.0
10/27/05,15:30:00,14,13,15,30,3,0,27,22.0
10/27/05,16:00:00,12,10,16,0,3,0,22,27.0
10/27/05,16:30:00,10,17,16,30,3,0,27,31.0
10/27/05,17:00:00,15,16,17,0,3,0,31,19.0
10/27/05,17:30:00,6,13,17,30,3,0,19,13.0
10/27/05,18:00:00,1,12,18,0,3,0,13,8.0
10/27/05,18:30:00,1,7,18,30,3,0,8,0.0
10/27/05,19:00:00,0,0,19,0,3,0,0,3.0
10/27/05,19:30:00,0,3,19,30,3,0,3,3.0
10/27/05,20:00:00,1,2,20,0,3,0,3,2.0
10/27/05,20:30:00,0,2,20,30,3,0,2,1.0
10/27/05,21:00:00,0,1,21,0,3,0,1,3.0
10/27/05,21:30:00,0,3,21,30,3,0,3,2.0
10/27/05,22:00:00,0,2,22,0,3,0,2,1.0
10/27/05,22:30:00,0,1,22,30,3,0,1,2.0
10/27/05,23:00:00,0,2,23,0,3,0,2,1.0
10/27/05,23:30:00,0,1,23,30,3,0,1,0.0
10/28/05,00:00:00,0,0,0,0,4,0,0,1.0
10/28/05,00:30:00,0,1,0,30,4,0,1,0.0
10/28/05,01:00:00,0,0,1,0,4,0,0,0.0
10/28/05,01:30:00,0,0,1,30,4,0,0,0.0
10/28/05,02:00:00,0,0,2,0,4,0,0,0.0
10/28/05,02:30:00,0,0,2,30,4,0,0,0.0
10/28/05,03:00:00,0,0,3,0,4,0,0,0.0
10/28/05,03:30:00,0,0,3,30,4,0,0,0.0
10/28/05,04:00:00,0,0,4,0,4,0,0,0.0
10/28/05,04:30:00,0,0,4,30,4,0,0,0.0
10/28/05,05:00:00,0,0,5,0,4,0,0,2.0
10/28/05,05:30:00,1,1,5,30,4,0,2,0.0
10/28/05,06:00:00,0,0,6,0,4,0,0,2.0
10/28/05,06:30:00,1,1,6,30,4,0,2,5.0
10/28/05,07:00:00,3,2,7,0,4,0,5,0.0
10/28/05,07:30:00,0,0,7,30,4,0,0,5.0
10/28/05,08:00:00,4,1,8,0,4,0,5,12.0
10/28/05,08:30:00,8,4,8,30,4,0,12,30.0
10/28/05,09:00:00,18,12,9,0,4,0,30,39.0
10/28/05,09:30:00,32,7,9,30,4,0,39,56.0
10/28/05,10:00:00,23,33,10,0,4,0,56,39.0
10/28/05,10:30:00,21,18,10,30,4,0,39,16.0
10/28/05,11:00:00,9,7,11,0,4,0,16,11.0
10/28/05,11:30:00,8,3,11,30,4,0,11,40.0
10/28/05,12:00:00,22,18,12,0,4,0,40,21.0
10/28/05,12:30:00,11,10,12,30,4,0,21,37.0
10/28/05,13:00:00,25,12,13,0,4,0,37,23.0
10/28/05,13:30:00,14,9,13,30,4,0,23,44.0
10/28/05,14:00:00,29,15,14,0,4,0,44,33.0
10/28/05,14:30:00,13,20,14,30,4,0,33,28.0
10/28/05,15:00:00,8,20,15,0,4,0,28,30.0
10/28/05,15:30:00,19,11,15,30,4,0,30,16.0
10/28/05,16:00:00,6,10,16,0,4,0,16,20.0
10/28/05,16:30:00,15,5,16,30,4,0,20,16.0
10/28/05,17:00:00,3,13,17,0,4,0,16,10.0
10/28/05,17:30:00,1,9,17,30,4,0,10,12.0
10/28/05,18:00:00,1,11,18,0,4,0,12,3.0
10/28/05,18:30:00,0,3,18,30,4,0,3,2.0
10/28/05,19:00:00,0,2,19,0,4,0,2,2.0
10/28/05,19:30:00,0,2,19,30,4,0,2,0.0
10/28/05,20:00:00,0,0,20,0,4,0,0,5.0
10/28/05,20:30:00,0,5,20,30,4,0,5,0.0
10/28/05,21:00:00,0,0,21,0,4,0,0,3.0
10/28/05,21:30:00,0,3,21,30,4,0,3,1.0
10/28/05,22:00:00,0,1,22,0,4,0,1,0.0
10/28/05,22:30:00,0,0,22,30,4,0,0,4.0
10/28/05,23:00:00,1,3,23,0,4,0,4,2.0
10/28/05,23:30:00,0,2,23,30,4,0,2,0.0
10/29/05,00:00:00,0,0,0,0,5,1,0,0.0
10/29/05,00:30:00,0,0,0,30,5,1,0,1.0
10/29/05,01:00:00,0,1,1,0,5,1,1,0.0
10/29/05,01:30:00,0,0,1,30,5,1,0,0.0
10/29/05,02:00:00,0,0,2,0,5,1,0,0.0
10/29/05,02:30:00,0,0,2,30,5,1,0,0.0
10/29/05,03:00:00,0,0,3,0,5,1,0,0.0
10/29/05,03:30:00,0,0,3,30,5,1,0,1.0
10/29/05,04:00:00,0,1,4,0,5,1,1,0.0
10/29/05,04:30:00,0,0,4,30,5,1,0,0.0
10/29/05,05:00:00,0,0,5,0,5,1,0,0.0
10/29/05,05:30:00,0,0,5,30,5,1,0,0.0
10/29/05,06:00:00,0,0,6,0,5,1,0,0.0
10/29/05,06:30:00,0,0,6,30,5,1,0,0.0
10/29/05,07:00:00,0,0,7,0,5,1,0,0.0
10/29/05,07:30:00,0,0,7,30,5,1,0,0.0
10/29/05,08:00:00,0,0,8,0,5,1,0,0.0
10/29/05,08:30:00,0,0,8,30,5,1,0,0.0
10/29/05,09:00:00,0,0,9,0,5,1,0,0.0
10/29/05,09:30:00,0,0,9,30,5,1,0,0.0
10/29/05,10:00:00,0,0,10,0,5,1,0,0.0
10/29/05,10:30:00,0,0,10,30,5,1,0,0.0
10/29/05,11:00:00,0,0,11,0,5,1,0,0.0
10/29/05,11:30:00,0,0,11,30,5,1,0,0.0
10/29/05,12:00:00,0,0,12,0,5,1,0,0.0
10/29/05,12:30:00,0,0,12,30,5,1,0,0.0
10/29/05,13:00:00,0,0,13,0,5,1,0,0.0
10/29/05,13:30:00,0,0,13,30,5,1,0,2.0
10/29/05,14:00:00,0,2,14,0,5,1,2,1.0
10/29/05,14:30:00,0,1,14,30,5,1,1,0.0
10/29/05,15:00:00,0,0,15,0,5,1,0,0.0
10/29/05,15:30:00,0,0,15,30,5,1,0,3.0
10/29/05,16:00:00,0,3,16,0,5,1,3,3.0
10/29/05,16:30:00,0,3,16,30,5,1,3,1.0
10/29/05,17:00:00,0,1,17,0,5,1,1,1.0
10/29/05,17:30:00,0,1,17,30,5,1,1,3.0
10/29/05,18:00:00,0,3,18,0,5,1,3,0.0
10/29/05,18:30:00,0,0,18,30,5,1,0,1.0
10/29/05,19:00:00,0,1,19,0,5,1,1,3.0
10/29/05,19:30:00,0,3,19,30,5,1,3,0.0
10/29/05,20:00:00,0,0,20,0,5,1,0,5.0
10/29/05,20:30:00,0,5,20,30,5,1,5,1.0
10/29/05,21:00:00,0,1,21,0,5,1,1,0.0
10/29/05,21:30:00,0,0,21,30,5,1,0,0.0
10/29/05,22:00:00,0,0,22,0,5,1,0,1.0
10/29/05,22:30:00,0,1,22,30,5,1,1,1.0
10/29/05,23:00:00,0,1,23,0,5,1,1,0.0
10/29/05,23:30:00,0,0,23,30,5,1,0,0.0
10/30/05,00:00:00,0,0,0,0,6,1,0,2.0
10/30/05,00:30:00,0,2,0,30,6,1,2,0.0
10/30/05,01:00:00,0,0,1,0,6,1,0,0.0
10/30/05,01:30:00,0,0,1,30,6,1,0,2.0
10/30/05,02:00:00,0,2,2,0,6,1,2,0.0
10/30/05,02:30:00,0,0,2,30,6,1,0,0.0
10/30/05,03:00:00,0,0,3,0,6,1,0,0.0
10/30/05,03:30:00,0,0,3,30,6,1,0,0.0
10/30/05,04:00:00,0,0,4,0,6,1,0,0.0
10/30/05,04:30:00,0,0,4,30,6,1,0,1.0
10/30/05,05:00:00,0,1,5,0,6,1,1,0.0
10/30/05,05:30:00,0,0,5,30,6,1,0,0.0
10/30/05,06:00:00,0,0,6,0,6,1,0,0.0
10/30/05,06:30:00,0,0,6,30,6,1,0,0.0
10/30/05,07:00:00,0,0,7,0,6,1,0,0.0
10/30/05,07:30:00,0,0,7,30,6,1,0,0.0
10/30/05,08:00:00,0,0,8,0,6,1,0,0.0
10/30/05,08:30:00,0,0,8,30,6,1,0,2.0
10/30/05,09:00:00,0,2,9,0,6,1,2,0.0
10/30/05,09:30:00,0,0,9,30,6,1,0,0.0
10/30/05,10:00:00,0,0,10,0,6,1,0,0.0
10/30/05,10:30:00,0,0,10,30,6,1,0,1.0
10/30/05,11:00:00,0,1,11,0,6,1,1,0.0
10/30/05,11:30:00,0,0,11,30,6,1,0,0.0
10/30/05,12:00:00,0,0,12,0,6,1,0,0.0
10/30/05,12:30:00,0,0,12,30,6,1,0,0.0
10/30/05,13:00:00,0,0,13,0,6,1,0,1.0
10/30/05,13:30:00,0,1,13,30,6,1,1,0.0
10/30/05,14:00:00,0,0,14,0,6,1,0,0.0
10/30/05,14:30:00,0,0,14,30,6,1,0,0.0
10/30/05,15:00:00,0,0,15,0,6,1,0,0.0
10/30/05,15:30:00,0,0,15,30,6,1,0,0.0
10/30/05,16:00:00,0,0,16,0,6,1,0,0.0
10/30/05,16:30:00,0,0,16,30,6,1,0,2.0
10/30/05,17:00:00,0,2,17,0,6,1,2,0.0
10/30/05,17:30:00,0,0,17,30,6,1,0,2.0
10/30/05,18:00:00,0,2,18,0,6,1,2,1.0
10/30/05,18:30:00,0,1,18,30,6,1,1,0.0
10/30/05,19:00:00,0,0,19,0,6,1,0,1.0
10/30/05,19:30:00,0,1,19,30,6,1,1,3.0
10/30/05,20:00:00,0,3,20,0,6,1,3,2.0
10/30/05,20:30:00,1,1,20,30,6,1,2,0.0
10/30/05,21:00:00,0,0,21,0,6,1,0,1.0
10/30/05,21:30:00,0,1,21,30,6,1,1,0.0
10/30/05,22:00:00,0,0,22,0,6,1,0,1.0
10/30/05,22:30:00,0,1,22,30,6,1,1,0.0
10/30/05,23:00:00,0,0,23,0,6,1,0,0.0
10/30/05,23:30:00,0,0,23,30,6,1,0,0.0
10/31/05,00:00:00,0,0,0,0,0,0,0,0.0
10/31/05,00:30:00,0,0,0,30,0,0,0,0.0
10/31/05,01:00:00,0,0,1,0,0,0,0,0.0
10/31/05,01:30:00,0,0,1,30,0,0,0,0.0
10/31/05,02:00:00,0,0,2,0,0,0,0,0.0
10/31/05,02:30:00,0,0,2,30,0,0,0,0.0
10/31/05,03:00:00,0,0,3,0,0,0,0,0.0
10/31/05,03:30:00,0,0,3,30,0,0,0,0.0
10/31/05,04:00:00,0,0,4,0,0,0,0,0.0
10/31/05,04:30:00,0,0,4,30,0,0,0,0.0
10/31/05,05:00:00,0,0,5,0,0,0,0,1.0
10/31/05,05:30:00,0,1,5,30,0,0,1,0.0
10/31/05,06:00:00,0,0,6,0,0,0,0,0.0
10/31/05,06:30:00,0,0,6,30,0,0,0,2.0
10/31/05,07:00:00,0,2,7,0,0,0,2,1.0
10/31/05,07:30:00,1,0,7,30,0,0,1,3.0
10/31/05,08:00:00,3,0,8,0,0,0,3,3.0
10/31/05,08:30:00,2,1,8,30,0,0,3,3.0
10/31/05,09:00:00,2,1,9,0,0,0,3,21.0
10/31/05,09:30:00,20,1,9,30,0,0,21,14.0
10/31/05,10:00:00,12,2,10,0,0,0,14,8.0
10/31/05,10:30:00,7,1,10,30,0,0,8,16.0
10/31/05,11:00:00,11,5,11,0,0,0,16,38.0
10/31/05,11:30:00,19,19,11,30,0,0,38,35.0
10/31/05,12:00:00,21,14,12,0,0,0,35,13.0
10/31/05,12:30:00,9,4,12,30,0,0,13,24.0
10/31/05,13:00:00,4,20,13,0,0,0,24,21.0
10/31/05,13:30:00,9,12,13,30,0,0,21,33.0
10/31/05,14:00:00,22,11,14,0,0,0,33,28.0
10/31/05,14:30:00,23,5,14,30,0,0,28,31.0
10/31/05,15:00:00,21,10,15,0,0,0,31,20.0
10/31/05,15:30:00,11,9,15,30,0,0,20,44.0
10/31/05,16:00:00,22,22,16,0,0,0,44,40.0
10/31/05,16:30:00,23,17,16,30,0,0,40,36.0
10/31/05,17:00:00,13,23,17,0,0,0,36,33.0
10/31/05,17:30:00,13,20,17,30,0,0,33,33.0
10/31/05,18:00:00,8,25,18,0,0,0,33,30.0
10/31/05,18:30:00,7,23,18,30,0,0,30,20.0
10/31/05,19:00:00,1,19,19,0,0,0,20,9.0
10/31/05,19:30:00,0,9,19,30,0,0,9,5.0
10/31/05,20:00:00,0,5,20,0,0,0,5,5.0
10/31/05,20:30:00,0,5,20,30,0,0,5,3.0
10/31/05,21:00:00,0,3,21,0,0,0,3,4.0
10/31/05,21:30:00,0,4,21,30,0,0,4,1.0
10/31/05,22:00:00,0,1,22,0,0,0,1,1.0
10/31/05,22:30:00,0,1,22,30,0,0,1,2.0
10/31/05,23:00:00,0,2,23,0,0,0,2,1.0
10/31/05,23:30:00,0,1,23,30,0,0,1,3.0
11/01/05,00:00:00,0,3,0,0,1,0,3,1.0
11/01/05,00:30:00,0,1,0,30,1,0,1,4.0
11/01/05,01:00:00,2,2,1,0,1,0,4,2.0
11/01/05,01:30:00,0,2,1,30,1,0,2,1.0
11/01/05,02:00:00,0,1,2,0,1,0,1,0.0
11/01/05,02:30:00,0,0,2,30,1,0,0,0.0
11/01/05,03:00:00,0,0,3,0,1,0,0,1.0
11/01/05,03:30:00,0,1,3,30,1,0,1,0.0
11/01/05,04:00:00,0,0,4,0,1,0,0,0.0
11/01/05,04:30:00,0,0,4,30,1,0,0,0.0
11/01/05,05:00:00,0,0,5,0,1,0,0,0.0
11/01/05,05:30:00,0,0,5,30,1,0,0,0.0
11/01/05,06:00:00,0,0,6,0,1,0,0,0.0
11/01/05,06:30:00,0,0,6,30,1,0,0,4.0
11/01/05,07:00:00,2,2,7,0,1,0,4,0.0
11/01/05,07:30:00,0,0,7,30,1,0,0,8.0
11/01/05,08:00:00,3,5,8,0,1,0,8,1.0
11/01/05,08:30:00,1,0,8,30,1,0,1,13.0
11/01/05,09:00:00,11,2,9,0,1,0,13,24.0
11/01/05,09:30:00,18,6,9,30,1,0,24,18.0
11/01/05,10:00:00,14,4,10,0,1,0,18,18.0
11/01/05,10:30:00,11,7,10,30,1,0,18,24.0
11/01/05,11:00:00,19,5,11,0,1,0,24,21.0
11/01/05,11:30:00,14,7,11,30,1,0,21,30.0
11/01/05,12:00:00,20,10,12,0,1,0,30,38.0
11/01/05,12:30:00,10,28,12,30,1,0,38,33.0
11/01/05,13:00:00,11,22,13,0,1,0,33,22.0
11/01/05,13:30:00,12,10,13,30,1,0,22,30.0
11/01/05,14:00:00,13,17,14,0,1,0,30,28.0
11/01/05,14:30:00,19,9,14,30,1,0,28,21.0
11/01/05,15:00:00,16,5,15,0,1,0,21,17.0
11/01/05,15:30:00,10,7,15,30,1,0,17,38.0
11/01/05,16:00:00,27,11,16,0,1,0,38,29.0
11/01/05,16:30:00,18,11,16,30,1,0,29,31.0
11/01/05,17:00:00,11,20,17,0,1,0,31,24.0
11/01/05,17:30:00,11,13,17,30,1,0,24,45.0
11/01/05,18:00:00,23,22,18,0,1,0,45,70.0
11/01/05,18:30:00,28,42,18,30,1,0,70,51.0
11/01/05,19:00:00,22,29,19,0,1,0,51,65.0
11/01/05,19:30:00,41,24,19,30,1,0,65,90.0
11/01/05,20:00:00,53,37,20,0,1,0,90,88.0
11/01/05,20:30:00,34,54,20,30,1,0,88,86.0
11/01/05,21:00:00,46,40,21,0,1,0,86,82.0
11/01/05,21:30:00,28,54,21,30,1,0,82,34.0
11/01/05,22:00:00,16,18,22,0,1,0,34,13.0
11/01/05,22:30:00,5,8,22,30,1,0,13,7.0
11/01/05,23:00:00,4,3,23,0,1,0,7,5.0
11/01/05,23:30:00,1,4,23,30,1,0,5,2.0
11/02/05,00:00:00,0,2,0,0,2,0,2,2.0
11/02/05,00:30:00,0,2,0,30,2,0,2,0.0
11/02/05,01:00:00,0,0,1,0,2,0,0,0.0
11/02/05,01:30:00,0,0,1,30,2,0,0,0.0
11/02/05,02:00:00,0,0,2,0,2,0,0,0.0
11/02/05,02:30:00,0,0,2,30,2,0,0,1.0
11/02/05,03:00:00,0,1,3,0,2,0,1,0.0
11/02/05,03:30:00,0,0,3,30,2,0,0,0.0
11/02/05,04:00:00,0,0,4,0,2,0,0,0.0
11/02/05,04:30:00,0,0,4,30,2,0,0,0.0
11/02/05,05:00:00,0,0,5,0,2,0,0,1.0
11/02/05,05:30:00,0,1,5,30,2,0,1,0.0
11/02/05,06:00:00,0,0,6,0,2,0,0,6.0
11/02/05,06:30:00,3,3,6,30,2,0,6,0.0
11/02/05,07:00:00,0,0,7,0,2,0,0,0.0
11/02/05,07:30:00,0,0,7,30,2,0,0,7.0
11/02/05,08:00:00,3,4,8,0,2,0,7,4.0
11/02/05,08:30:00,4,0,8,30,2,0,4,13.0
11/02/05,09:00:00,6,7,9,0,2,0,13,21.0
11/02/05,09:30:00,19,2,9,30,2,0,21,10.0
11/02/05,10:00:00,9,1,10,0,2,0,10,10.0
11/02/05,10:30:00,8,2,10,30,2,0,10,18.0
11/02/05,11:00:00,12,6,11,0,2,0,18,14.0
11/02/05,11:30:00,11,3,11,30,2,0,14,28.0
11/02/05,12:00:00,14,14,12,0,2,0,28,32.0
11/02/05,12:30:00,20,12,12,30,2,0,32,44.0
11/02/05,13:00:00,15,29,13,0,2,0,44,28.0
11/02/05,13:30:00,14,14,13,30,2,0,28,51.0
11/02/05,14:00:00,40,11,14,0,2,0,51,45.0
11/02/05,14:30:00,17,28,14,30,2,0,45,19.0
11/02/05,15:00:00,12,7,15,0,2,0,19,18.0
11/02/05,15:30:00,10,8,15,30,2,0,18,25.0
11/02/05,16:00:00,11,14,16,0,2,0,25,37.0
11/02/05,16:30:00,26,11,16,30,2,0,37,50.0
11/02/05,17:00:00,34,16,17,0,2,0,50,34.0
11/02/05,17:30:00,8,26,17,30,2,0,34,27.0
11/02/05,18:00:00,11,16,18,0,2,0,27,30.0
11/02/05,18:30:00,2,28,18,30,2,0,30,15.0
11/02/05,19:00:00,1,14,19,0,2,0,15,11.0
11/02/05,19:30:00,0,11,19,30,2,0,11,5.0
11/02/05,20:00:00,0,5,20,0,2,0,5,2.0
11/02/05,20:30:00,0,2,20,30,2,0,2,1.0
11/02/05,21:00:00,0,1,21,0,2,0,1,3.0
11/02/05,21:30:00,0,3,21,30,2,0,3,2.0
11/02/05,22:00:00,1,1,22,0,2,0,2,2.0
11/02/05,22:30:00,2,0,22,30,2,0,2,1.0
11/02/05,23:00:00,0,1,23,0,2,0,1,2.0
11/02/05,23:30:00,0,2,23,30,2,0,2,0.0
11/03/05,00:00:00,0,0,0,0,3,0,0,3.0
11/03/05,00:30:00,0,3,0,30,3,0,3,3.0
11/03/05,01:00:00,0,3,1,0,3,0,3,0.0
11/03/05,01:30:00,0,0,1,30,3,0,0,0.0
11/03/05,02:00:00,0,0,2,0,3,0,0,0.0
11/03/05,02:30:00,0,0,2,30,3,0,0,0.0
11/03/05,03:00:00,0,0,3,0,3,0,0,0.0
11/03/05,03:30:00,0,0,3,30,3,0,0,0.0
11/03/05,04:00:00,0,0,4,0,3,0,0,0.0
11/03/05,04:30:00,0,0,4,30,3,0,0,0.0
11/03/05,05:00:00,0,0,5,0,3,0,0,0.0
11/03/05,05:30:00,0,0,5,30,3,0,0,1.0
11/03/05,06:00:00,1,0,6,0,3,0,1,3.0
11/03/05,06:30:00,1,2,6,30,3,0,3,0.0
11/03/05,07:00:00,0,0,7,0,3,0,0,0.0
11/03/05,07:30:00,0,0,7,30,3,0,0,0.0
11/03/05,08:00:00,0,0,8,0,3,0,0,1.0
11/03/05,08:30:00,1,0,8,30,3,0,1,17.0
11/03/05,09:00:00,13,4,9,0,3,0,17,12.0
11/03/05,09:30:00,9,3,9,30,3,0,12,11.0
11/03/05,10:00:00,10,1,10,0,3,0,11,24.0
11/03/05,10:30:00,16,8,10,30,3,0,24,18.0
11/03/05,11:00:00,14,4,11,0,3,0,18,19.0
11/03/05,11:30:00,13,6,11,30,3,0,19,33.0
11/03/05,12:00:00,17,16,12,0,3,0,33,41.0
11/03/05,12:30:00,14,27,12,30,3,0,41,37.0
11/03/05,13:00:00,9,28,13,0,3,0,37,27.0
11/03/05,13:30:00,9,18,13,30,3,0,27,24.0
11/03/05,14:00:00,18,6,14,0,3,0,24,22.0
11/03/05,14:30:00,13,9,14,30,3,0,22,24.0
11/03/05,15:00:00,14,10,15,0,3,0,24,19.0
11/03/05,15:30:00,12,7,15,30,3,0,19,23.0
11/03/05,16:00:00,12,11,16,0,3,0,23,23.0
11/03/05,16:30:00,13,10,16,30,3,0,23,13.0
11/03/05,17:00:00,7,6,17,0,3,0,13,20.0
11/03/05,17:30:00,7,13,17,30,3,0,20,23.0
11/03/05,18:00:00,10,13,18,0,3,0,23,17.0
11/03/05,18:30:00,4,13,18,30,3,0,17,7.0
11/03/05,19:00:00,1,6,19,0,3,0,7,8.0
11/03/05,19:30:00,1,7,19,30,3,0,8,2.0
11/03/05,20:00:00,0,2,20,0,3,0,2,2.0
11/03/05,20:30:00,0,2,20,30,3,0,2,4.0
11/03/05,21:00:00,1,3,21,0,3,0,4,4.0
11/03/05,21:30:00,0,4,21,30,3,0,4,2.0
11/03/05,22:00:00,0,2,22,0,3,0,2,1.0
11/03/05,22:30:00,0,1,22,30,3,0,1,2.0
11/03/05,23:00:00,0,2,23,0,3,0,2,2.0
11/03/05,23:30:00,0,2,23,30,3,0,2,2.0
11/04/05,00:00:00,0,2,0,0,4,0,2,7.0
11/04/05,00:30:00,0,7,0,30,4,0,7,0.0
11/04/05,01:00:00,0,0,1,0,4,0,0,0.0
11/04/05,01:30:00,0,0,1,30,4,0,0,1.0
11/04/05,02:00:00,0,1,2,0,4,0,1,0.0
11/04/05,02:30:00,0,0,2,30,4,0,0,1.0
11/04/05,03:00:00,0,1,3,0,4,0,1,0.0
11/04/05,03:30:00,0,0,3,30,4,0,0,1.0
11/04/05,04:00:00,0,1,4,0,4,0,1,0.0
11/04/05,04:30:00,0,0,4,30,4,0,0,0.0
11/04/05,05:00:00,0,0,5,0,4,0,0,0.0
11/04/05,05:30:00,0,0,5,30,4,0,0,0.0
11/04/05,06:00:00,0,0,6,0,4,0,0,0.0
11/04/05,06:30:00,0,0,6,30,4,0,0,4.0
11/04/05,07:00:00,2,2,7,0,4,0,4,0.0
11/04/05,07:30:00,0,0,7,30,4,0,0,0.0
11/04/05,08:00:00,0,0,8,0,4,0,0,16.0
11/04/05,08:30:00,9,7,8,30,4,0,16,5.0
11/04/05,09:00:00,3,2,9,0,4,0,5,14.0
11/04/05,09:30:00,11,3,9,30,4,0,14,26.0
11/04/05,10:00:00,20,6,10,0,4,0,26,43.0
11/04/05,10:30:00,33,10,10,30,4,0,43,83.0
11/04/05,11:00:00,50,33,11,0,4,0,83,36.0
11/04/05,11:30:00,14,22,11,30,4,0,36,41.0
11/04/05,12:00:00,19,22,12,0,4,0,41,30.0
11/04/05,12:30:00,24,6,12,30,4,0,30,38.0
11/04/05,13:00:00,28,10,13,0,4,0,38,20.0
11/04/05,13:30:00,10,10,13,30,4,0,20,46.0
11/04/05,14:00:00,20,26,14,0,4,0,46,58.0
11/04/05,14:30:00,31,27,14,30,4,0,58,47.0
11/04/05,15:00:00,27,20,15,0,4,0,47,29.0
11/04/05,15:30:00,16,13,15,30,4,0,29,42.0
11/04/05,16:00:00,14,28,16,0,4,0,42,28.0
11/04/05,16:30:00,16,12,16,30,4,0,28,26.0
11/04/05,17:00:00,17,9,17,0,4,0,26,26.0
11/04/05,17:30:00,14,12,17,30,4,0,26,25.0
11/04/05,18:00:00,2,23,18,0,4,0,25,10.0
11/04/05,18:30:00,4,6,18,30,4,0,10,8.0
11/04/05,19:00:00,0,8,19,0,4,0,8,3.0
11/04/05,19:30:00,0,3,19,30,4,0,3,5.0
11/04/05,20:00:00,0,5,20,0,4,0,5,2.0
11/04/05,20:30:00,0,2,20,30,4,0,2,1.0
11/04/05,21:00:00,0,1,21,0,4,0,1,2.0
11/04/05,21:30:00,0,2,21,30,4,0,2,0.0
11/04/05,22:00:00,0,0,22,0,4,0,0,1.0
11/04/05,22:30:00,0,1,22,30,4,0,1,1.0
11/04/05,23:00:00,0,1,23,0,4,0,1,1.0
11/04/05,23:30:00,0,1,23,30,4,0,1,0.0
11/05/05,00:00:00,0,0,0,0,5,1,0,1.0
11/05/05,00:30:00,0,1,0,30,5,1,1,0.0
11/05/05,01:00:00,0,0,1,0,5,1,0,2.0
11/05/05,01:30:00,0,2,1,30,5,1,2,0.0
11/05/05,02:00:00,0,0,2,0,5,1,0,0.0
11/05/05,02:30:00,0,0,2,30,5,1,0,0.0
11/05/05,03:00:00,0,0,3,0,5,1,0,0.0
11/05/05,03:30:00,0,0,3,30,5,1,0,0.0
11/05/05,04:00:00,0,0,4,0,5,1,0,0.0
11/05/05,04:30:00,0,0,4,30,5,1,0,0.0
11/05/05,05:00:00,0,0,5,0,5,1,0,0.0
11/05/05,05:30:00,0,0,5,30,5,1,0,0.0
11/05/05,06:00:00,0,0,6,0,5,1,0,0.0
11/05/05,06:30:00,0,0,6,30,5,1,0,0.0
11/05/05,07:00:00,0,0,7,0,5,1,0,0.0
11/05/05,07:30:00,0,0,7,30,5,1,0,0.0
11/05/05,08:00:00,0,0,8,0,5,1,0,0.0
11/05/05,08:30:00,0,0,8,30,5,1,0,0.0
11/05/05,09:00:00,0,0,9,0,5,1,0,0.0
11/05/05,09:30:00,0,0,9,30,5,1,0,0.0
11/05/05,10:00:00,0,0,10,0,5,1,0,1.0
11/05/05,10:30:00,0,1,10,30,5,1,1,5.0
11/05/05,11:00:00,0,5,11,0,5,1,5,0.0
11/05/05,11:30:00,0,0,11,30,5,1,0,0.0
11/05/05,12:00:00,0,0,12,0,5,1,0,3.0
11/05/05,12:30:00,2,1,12,30,5,1,3,1.0
11/05/05,13:00:00,0,1,13,0,5,1,1,1.0
11/05/05,13:30:00,0,1,13,30,5,1,1,0.0
11/05/05,14:00:00,0,0,14,0,5,1,0,0.0
11/05/05,14:30:00,0,0,14,30,5,1,0,0.0
11/05/05,15:00:00,0,0,15,0,5,1,0,3.0
11/05/05,15:30:00,0,3,15,30,5,1,3,0.0
11/05/05,16:00:00,0,0,16,0,5,1,0,3.0
11/05/05,16:30:00,2,1,16,30,5,1,3,1.0
11/05/05,17:00:00,0,1,17,0,5,1,1,0.0
11/05/05,17:30:00,0,0,17,30,5,1,0,1.0
11/05/05,18:00:00,0,1,18,0,5,1,1,0.0
11/05/05,18:30:00,0,0,18,30,5,1,0,2.0
11/05/05,19:00:00,0,2,19,0,5,1,2,1.0
11/05/05,19:30:00,0,1,19,30,5,1,1,1.0
11/05/05,20:00:00,0,1,20,0,5,1,1,2.0
11/05/05,20:30:00,0,2,20,30,5,1,2,0.0
11/05/05,21:00:00,0,0,21,0,5,1,0,0.0
11/05/05,21:30:00,0,0,21,30,5,1,0,3.0
11/05/05,22:00:00,0,3,22,0,5,1,3,0.0
11/05/05,22:30:00,0,0,22,30,5,1,0,0.0
11/05/05,23:00:00,0,0,23,0,5,1,0,1.0
